title,description,brand,category,price,currency,seller_age_days,seller_rating,seller_sales_count,review_count,shipping_country,return_policy_days,label
Nike Sneakers in excellent condition,Purchased from official store. Invoice and original box included.,Nike,Sneakers,85.31,USD,674,4.46,1054,145,GB,15,0
Canon Sneakers in excellent condition,Purchased from official store. Invoice and original box included.,Canon,Sneakers,468.79,USD,357,3.94,755,86,JP,5,0
Rolex Audio in excellent condition,Minimal wear. Verified authenticity by trusted reseller.,Rolex,Audio,15821.94,USD,701,4.4,398,141,TR,33,0
Rolex Electronics in excellent condition,Purchased from official store. Invoice and original box included.,Rolex,Electronics,9466.66,USD,179,4.68,95,287,TR,0,0
Original Samsung Handbags with full packaging,Purchased from official store. Invoice and original box included.,Samsung,Handbags,400.47,USD,91,3.12,36,0,GB,1,1
Original Gucci Sneakers with full packaging,Purchased from official store. Invoice and original box included.,Gucci,Sneakers,1023.78,USD,608,4.58,1001,410,IN,31,0
Original Canon Sneakers with full packaging,Minimal wear. Verified authenticity by trusted reseller.,Canon,Sneakers,923.21,USD,911,4.16,540,50,AE,7,0
Luxury Bose mirror quality item,No receipt available. Perfect copy and hard to tell.,Bose,Watches,125.77,USD,13,3.45,239,16,CN,17,1
Original Nike Watches with full packaging,Minimal wear. Verified authenticity by trusted reseller.,Nike,Watches,75.73,USD,935,4.71,628,153,AE,4,0
Original Louis Vuitton Handbags with full packaging,Minimal wear. Verified authenticity by trusted reseller.,Louis Vuitton,Handbags,1421.62,USD,379,4.72,761,154,GB,28,0
Bose Cameras factory surplus,No receipt available. Perfect copy and hard to tell.,Bose,Cameras,457.75,USD,43,2.93,0,26,IN,8,1
Gucci Handbags in excellent condition,Minimal wear. Verified authenticity by trusted reseller.,Gucci,Handbags,1300.89,USD,455,4.53,548,288,AE,0,0
Apple Watches premium without receipt deal,"Factory source stock, no box but same quality as original.",Apple,Watches,1905.74,USD,0,2.45,0,20,GB,3,1
Verified Rolex Audio listing,Serial number available. Fast shipping and returns accepted.,Rolex,Audio,9024.87,USD,668,4.34,117,455,TR,31,0
Verified Sony Watches listing,Minimal wear. Verified authenticity by trusted reseller.,Sony,Watches,544.78,USD,1061,4.0,653,161,CN,33,0
Bose Electronics in excellent condition,Purchased from official store. Invoice and original box included.,Bose,Electronics,148.61,USD,584,3.93,823,84,IN,40,0
Nike Sneakers in excellent condition,Minimal wear. Verified authenticity by trusted reseller.,Nike,Sneakers,108.87,USD,760,4.77,846,495,TR,52,0
Bose Sneakers premium replica deal,"DM for wholesale and better price, limited details.",Bose,Sneakers,310.74,USD,188,4.11,0,35,CN,15,1
Luxury Canon 1:1 item,"DM for wholesale and better price, limited details.",Canon,Sneakers,400.75,USD,0,3.93,215,38,CN,0,1
Samsung Sneakers premium replica deal,No receipt available. Perfect copy and hard to tell.,Samsung,Sneakers,360.97,USD,164,2.59,86,0,CN,1,1
Original Canon Watches with full packaging,Minimal wear. Verified authenticity by trusted reseller.,Canon,Watches,911.15,USD,857,4.36,1245,202,JP,54,0
Verified Louis Vuitton Handbags listing,Purchased from official store. Invoice and original box included.,Louis Vuitton,Handbags,1819.65,USD,510,4.3,938,168,AE,31,0
Original Sony Sneakers with full packaging,Purchased from official store. Invoice and original box included.,Sony,Sneakers,421.21,USD,111,4.42,785,90,US,23,1
Original Rolex Audio with full packaging,Purchased from official store. Invoice and original box included.,Rolex,Audio,12111.84,USD,578,4.7,1078,77,DE,38,0
Original Louis Vuitton Cameras with full packaging,Minimal wear. Verified authenticity by trusted reseller.,Louis Vuitton,Cameras,4354.46,USD,157,4.21,70,55,TR,13,1
Rolex Audio in excellent condition,Minimal wear. Verified authenticity by trusted reseller.,Rolex,Audio,7591.12,USD,474,4.16,655,666,CN,0,0
Verified Gucci Cameras listing,Serial number available. Fast shipping and returns accepted.,Gucci,Cameras,1113.29,USD,439,4.97,675,348,GB,6,0
Verified Rolex Watches listing,Minimal wear. Verified authenticity by trusted reseller.,Rolex,Watches,14795.54,USD,788,3.54,700,130,JP,32,0
Verified Bose Watches listing,Purchased from official store. Invoice and original box included.,Bose,Watches,199.03,USD,1158,4.22,483,307,JP,2,0
Nike Sneakers in excellent condition,Serial number available. Fast shipping and returns accepted.,Nike,Sneakers,186.21,USD,931,3.74,411,478,IN,13,0
Verified Rolex Audio listing,Serial number available. Fast shipping and returns accepted.,Rolex,Audio,8913.64,USD,1233,4.34,218,16,JP,20,0
Luxury Sony 1:1 item,"Factory source stock, no box but same quality as original.",Sony,Electronics,166.34,USD,30,3.24,328,29,AE,13,1
Luxury Gucci mirror quality item,"DM for wholesale and better price, limited details.",Gucci,Electronics,806.91,USD,86,1.87,210,0,GB,21,1
Apple Electronics in excellent condition,Purchased from official store. Invoice and original box included.,Apple,Electronics,857.37,USD,335,4.27,408,143,JP,32,0
Rolex Audio in excellent condition,Serial number available. Fast shipping and returns accepted.,Rolex,Audio,28977.75,USD,134,2.62,8,38,IN,11,1
Rolex Sneakers in excellent condition,Purchased from official store. Invoice and original box included.,Rolex,Sneakers,7847.07,USD,978,4.97,431,176,US,25,0
Nike Watches premium replica deal,No receipt available. Perfect copy and hard to tell.,Nike,Watches,47.63,USD,156,3.01,2,71,TR,14,1
Original Apple Watches with full packaging,Serial number available. Fast shipping and returns accepted.,Apple,Watches,1039.59,USD,844,4.6,890,247,CN,11,0
Verified Gucci Cameras listing,Minimal wear. Verified authenticity by trusted reseller.,Gucci,Cameras,1333.47,USD,849,4.6,1203,172,IN,24,0
Verified Louis Vuitton Watches listing,Minimal wear. Verified authenticity by trusted reseller.,Louis Vuitton,Watches,1122.3,USD,53,4.06,528,305,US,39,0
Verified Samsung Sneakers listing,Minimal wear. Verified authenticity by trusted reseller.,Samsung,Sneakers,644.06,USD,558,4.08,599,478,DE,31,0
Luxury Apple 1:1 item,No receipt available. Perfect copy and hard to tell.,Apple,Audio,942.37,USD,415,4.44,625,267,JP,12,0
Luxury Gucci discounted luxury item,No receipt available. Perfect copy and hard to tell.,Gucci,Sneakers,1199.98,USD,2,3.81,90,79,GB,1,1
Original Gucci Cameras with full packaging,Serial number available. Fast shipping and returns accepted.,Gucci,Cameras,1839.29,USD,0,3.58,775,352,JP,33,0
Verified Samsung Watches listing,Minimal wear. Verified authenticity by trusted reseller.,Samsung,Watches,2092.51,USD,215,3.69,55,15,CN,5,0
Original Sony Handbags with full packaging,Minimal wear. Verified authenticity by trusted reseller.,Sony,Handbags,221.28,USD,1047,4.3,1152,0,GB,14,0
Nike Audio in excellent condition,Serial number available. Fast shipping and returns accepted.,Nike,Audio,288.5,USD,79,2.88,138,0,GB,6,1
Verified Rolex Handbags listing,Minimal wear. Verified authenticity by trusted reseller.,Rolex,Handbags,12119.3,USD,1114,4.02,489,293,CN,46,0
Luxury Bose wholesale lot item,"Factory source stock, no box but same quality as original.",Bose,Cameras,155.57,USD,90,2.49,40,59,GB,13,1
Verified Louis Vuitton Handbags listing,Purchased from official store. Invoice and original box included.,Louis Vuitton,Handbags,2295.34,USD,0,3.88,0,201,CN,30,0
Adidas Audio no box,"DM for wholesale and better price, limited details.",Adidas,Audio,119.24,USD,679,4.34,962,199,CN,2,0
Verified Canon Electronics listing,Serial number available. Fast shipping and returns accepted.,Canon,Electronics,561.71,USD,801,4.5,215,157,CN,9,0
Luxury Apple factory surplus item,"Factory source stock, no box but same quality as original.",Apple,Sneakers,275.3,USD,0,3.13,0,2,DE,0,1
Sony Audio in excellent condition,Purchased from official store. Invoice and original box included.,Sony,Audio,452.38,USD,993,4.69,353,117,GB,28,0
Verified Louis Vuitton Audio listing,Purchased from official store. Invoice and original box included.,Louis Vuitton,Audio,1090.89,USD,1052,5.0,512,353,TR,25,0
Louis Vuitton Sneakers in excellent condition,Serial number available. Fast shipping and returns accepted.,Louis Vuitton,Sneakers,2513.13,USD,0,4.03,231,216,JP,21,0
Verified Rolex Cameras listing,Serial number available. Fast shipping and returns accepted.,Rolex,Cameras,13667.24,USD,877,4.35,1256,263,DE,11,0
Rolex Watches premium without receipt deal,No receipt available. Perfect copy and hard to tell.,Rolex,Watches,8541.47,USD,319,4.91,56,0,DE,33,0
Samsung Electronics in excellent condition,Serial number available. Fast shipping and returns accepted.,Samsung,Electronics,580.75,USD,384,4.11,248,258,DE,12,0
Nike Electronics in excellent condition,Serial number available. Fast shipping and returns accepted.,Nike,Electronics,132.18,USD,529,4.44,737,119,AE,15,0
Adidas Watches in excellent condition,Serial number available. Fast shipping and returns accepted.,Adidas,Watches,53.77,USD,755,4.08,865,112,AE,0,0
Verified Adidas Sneakers listing,Minimal wear. Verified authenticity by trusted reseller.,Adidas,Sneakers,57.35,USD,847,3.89,735,751,TR,2,0
Canon Handbags in excellent condition,Minimal wear. Verified authenticity by trusted reseller.,Canon,Handbags,1072.39,USD,352,4.68,134,345,CN,39,0
Verified Apple Sneakers listing,Serial number available. Fast shipping and returns accepted.,Apple,Sneakers,834.26,USD,592,4.55,1299,228,TR,23,0
Bose Audio in excellent condition,Serial number available. Fast shipping and returns accepted.,Bose,Audio,274.54,USD,408,4.47,1512,406,US,18,0
Verified Gucci Sneakers listing,Minimal wear. Verified authenticity by trusted reseller.,Gucci,Sneakers,1194.99,USD,0,4.77,257,0,JP,22,0
Verified Samsung Electronics listing,Serial number available. Fast shipping and returns accepted.,Samsung,Electronics,741.82,USD,837,3.76,1111,310,GB,17,0
Original Adidas Audio with full packaging,Serial number available. Fast shipping and returns accepted.,Adidas,Audio,33.94,USD,0,3.78,0,20,CN,3,1
Original Canon Watches with full packaging,Minimal wear. Verified authenticity by trusted reseller.,Canon,Watches,1134.42,USD,399,4.18,382,423,DE,33,0
Bose Audio in excellent condition,Serial number available. Fast shipping and returns accepted.,Bose,Audio,198.9,USD,111,3.64,1263,367,CN,21,0
Verified Rolex Electronics listing,Serial number available. Fast shipping and returns accepted.,Rolex,Electronics,8998.97,USD,576,5.0,873,289,IN,27,0
Sony Electronics premium no box deal,"DM for wholesale and better price, limited details.",Sony,Electronics,188.77,USD,84,3.14,155,89,DE,10,1
Verified Nike Handbags listing,Serial number available. Fast shipping and returns accepted.,Nike,Handbags,88.42,USD,0,4.68,651,17,GB,6,0
Rolex Cameras in excellent condition,Purchased from official store. Invoice and original box included.,Rolex,Cameras,6720.22,USD,506,4.35,52,394,US,20,0
Apple Watches in excellent condition,Serial number available. Fast shipping and returns accepted.,Apple,Watches,205.27,USD,124,2.64,51,18,TR,8,1
Bose Watches premium dm for more deal,"Factory source stock, no box but same quality as original.",Bose,Watches,104.41,USD,89,5.0,0,56,JP,0,1
Louis Vuitton Cameras in excellent condition,Serial number available. Fast shipping and returns accepted.,Louis Vuitton,Cameras,1639.62,USD,426,3.79,285,50,JP,43,0
Luxury Louis Vuitton mirror quality item,No receipt available. Perfect copy and hard to tell.,Louis Vuitton,Cameras,1025.82,USD,0,2.83,123,0,GB,11,1
Luxury Sony wholesale lot item,"DM for wholesale and better price, limited details.",Sony,Watches,842.38,USD,185,2.44,137,34,AE,4,1
Verified Sony Audio listing,Serial number available. Fast shipping and returns accepted.,Sony,Audio,225.78,USD,1195,3.85,268,486,DE,0,0
Verified Sony Electronics listing,Serial number available. Fast shipping and returns accepted.,Sony,Electronics,183.02,USD,1170,4.43,578,151,IN,26,0
Rolex Handbags premium 1:1 deal,No receipt available. Perfect copy and hard to tell.,Rolex,Handbags,3558.22,USD,69,3.42,0,0,CN,12,1
Samsung Handbags in excellent condition,Purchased from official store. Invoice and original box included.,Samsung,Handbags,239.65,USD,1,3.34,0,29,TR,0,1
Original Louis Vuitton Cameras with full packaging,Serial number available. Fast shipping and returns accepted.,Louis Vuitton,Cameras,2558.41,USD,1125,3.95,839,221,IN,31,0
Verified Gucci Sneakers listing,Minimal wear. Verified authenticity by trusted reseller.,Gucci,Sneakers,1645.16,USD,298,4.42,295,139,US,5,0
Bose Electronics premium mirror quality deal,"Factory source stock, no box but same quality as original.",Bose,Electronics,67.01,USD,325,3.55,90,0,TR,11,1
Verified Canon Cameras listing,Purchased from official store. Invoice and original box included.,Canon,Cameras,848.82,USD,322,3.67,1044,186,IN,24,0
Original Rolex Handbags with full packaging,Serial number available. Fast shipping and returns accepted.,Rolex,Handbags,7951.39,USD,1212,4.63,378,363,TR,33,0
Louis Vuitton Electronics in excellent condition,Serial number available. Fast shipping and returns accepted.,Louis Vuitton,Electronics,1182.55,USD,478,4.78,671,397,US,29,0
Nike Cameras in excellent condition,Purchased from official store. Invoice and original box included.,Nike,Cameras,19.83,USD,69,3.77,84,30,CN,5,1
Original Gucci Handbags with full packaging,Serial number available. Fast shipping and returns accepted.,Gucci,Handbags,1460.68,USD,570,4.73,398,267,CN,16,0
Verified Gucci Handbags listing,Minimal wear. Verified authenticity by trusted reseller.,Gucci,Handbags,1056.98,USD,1020,4.25,678,324,US,0,0
Luxury Samsung without receipt item,No receipt available. Perfect copy and hard to tell.,Samsung,Watches,922.98,USD,130,3.7,75,52,US,2,1
Rolex Watches mirror quality,No receipt available. Perfect copy and hard to tell.,Rolex,Watches,10018.17,USD,0,2.59,157,9,IN,1,1
Nike Audio premium copy version deal,"Factory source stock, no box but same quality as original.",Nike,Audio,118.92,USD,644,4.97,190,427,DE,19,0
Bose Audio dm for more,"Factory source stock, no box but same quality as original.",Bose,Audio,117.02,USD,121,3.4,340,0,GB,3,1
Bose Sneakers premium discounted luxury deal,"Factory source stock, no box but same quality as original.",Bose,Sneakers,173.23,USD,20,2.62,121,2,JP,11,1
Nike Audio in excellent condition,Minimal wear. Verified authenticity by trusted reseller.,Nike,Audio,93.79,USD,619,4.2,871,347,CN,35,0
Bose Sneakers in excellent condition,Serial number available. Fast shipping and returns accepted.,Bose,Sneakers,159.7,USD,296,4.34,1391,156,TR,24,0
Samsung Sneakers in excellent condition,Serial number available. Fast shipping and returns accepted.,Samsung,Sneakers,918.11,USD,683,4.88,133,0,IN,27,0
Verified Nike Electronics listing,Purchased from official store. Invoice and original box included.,Nike,Electronics,326.94,USD,142,3.55,164,46,TR,17,1
Luxury Louis Vuitton authentic style item,"DM for wholesale and better price, limited details.",Louis Vuitton,Cameras,3786.73,USD,0,2.72,124,29,IN,9,1
Original Sony Electronics with full packaging,Purchased from official store. Invoice and original box included.,Sony,Electronics,418.82,USD,576,3.81,940,366,GB,47,0
Luxury Adidas copy version item,"DM for wholesale and better price, limited details.",Adidas,Electronics,40.17,USD,101,3.63,90,5,TR,8,1
Original Samsung Sneakers with full packaging,Purchased from official store. Invoice and original box included.,Samsung,Sneakers,370.06,USD,907,4.16,674,316,AE,15,0
Original Adidas Handbags with full packaging,Minimal wear. Verified authenticity by trusted reseller.,Adidas,Handbags,133.67,USD,536,4.13,1428,0,US,0,0
Canon Watches premium no box deal,"Factory source stock, no box but same quality as original.",Canon,Watches,411.3,USD,21,2.3,165,36,JP,6,1
Sony Cameras in excellent condition,Purchased from official store. Invoice and original box included.,Sony,Cameras,492.15,USD,485,4.07,332,263,CN,19,0
Verified Rolex Electronics listing,Minimal wear. Verified authenticity by trusted reseller.,Rolex,Electronics,10346.53,USD,724,4.58,812,365,AE,37,0
Luxury Sony replica item,"DM for wholesale and better price, limited details.",Sony,Audio,169.12,USD,211,2.73,268,16,AE,0,1
Original Samsung Cameras with full packaging,Purchased from official store. Invoice and original box included.,Samsung,Cameras,583.67,USD,918,4.24,609,218,GB,13,0
Verified Rolex Handbags listing,Purchased from official store. Invoice and original box included.,Rolex,Handbags,11440.93,USD,713,3.96,599,249,JP,8,0
Verified Rolex Cameras listing,Minimal wear. Verified authenticity by trusted reseller.,Rolex,Cameras,7335.49,USD,573,4.24,582,217,CN,13,0
Nike Watches in excellent condition,Serial number available. Fast shipping and returns accepted.,Nike,Watches,42.14,USD,32,3.39,0,68,US,9,1
Verified Canon Watches listing,Serial number available. Fast shipping and returns accepted.,Canon,Watches,391.52,USD,165,3.06,214,29,DE,22,1
Original Sony Sneakers with full packaging,Serial number available. Fast shipping and returns accepted.,Sony,Sneakers,331.42,USD,385,4.22,802,344,IN,15,0
Samsung Watches in excellent condition,Purchased from official store. Invoice and original box included.,Samsung,Watches,529.4,USD,831,3.9,862,159,TR,24,0
Sony Sneakers discounted luxury,No receipt available. Perfect copy and hard to tell.,Sony,Sneakers,440.42,USD,792,4.16,1296,29,DE,4,0
Luxury Bose 1:1 item,"Factory source stock, no box but same quality as original.",Bose,Handbags,185.03,USD,31,3.96,65,13,JP,13,1
Luxury Canon authentic style item,"Factory source stock, no box but same quality as original.",Canon,Electronics,599.91,USD,206,2.76,113,31,CN,8,1
Bose Audio mirror quality,No receipt available. Perfect copy and hard to tell.,Bose,Audio,108.41,USD,186,3.58,29,39,JP,0,1
Adidas Cameras in excellent condition,Minimal wear. Verified authenticity by trusted reseller.,Adidas,Cameras,104.24,USD,528,4.67,84,449,GB,13,0
Verified Louis Vuitton Sneakers listing,Serial number available. Fast shipping and returns accepted.,Louis Vuitton,Sneakers,1835.95,USD,98,4.75,407,0,CN,16,0
Verified Apple Watches listing,Serial number available. Fast shipping and returns accepted.,Apple,Watches,974.97,USD,1000,4.84,581,315,GB,37,0
Verified Rolex Handbags listing,Minimal wear. Verified authenticity by trusted reseller.,Rolex,Handbags,9323.14,USD,546,4.64,642,381,JP,21,0
Gucci Sneakers in excellent condition,Serial number available. Fast shipping and returns accepted.,Gucci,Sneakers,1502.53,USD,722,4.3,1086,0,DE,57,0
Verified Nike Sneakers listing,Minimal wear. Verified authenticity by trusted reseller.,Nike,Sneakers,154.58,USD,185,4.6,167,137,CN,44,0
Luxury Sony authentic style item,"Factory source stock, no box but same quality as original.",Sony,Sneakers,1005.61,USD,109,4.88,63,23,CN,14,1
Verified Canon Audio listing,Purchased from official store. Invoice and original box included.,Canon,Audio,471.73,USD,0,4.34,0,26,TR,1,1
Samsung Audio authentic style,"DM for wholesale and better price, limited details.",Samsung,Audio,347.99,USD,115,4.33,119,11,US,13,1
Adidas Audio mirror quality,"Factory source stock, no box but same quality as original.",Adidas,Audio,36.71,USD,205,3.09,83,13,IN,7,1
Original Adidas Watches with full packaging,Purchased from official store. Invoice and original box included.,Adidas,Watches,73.14,USD,1118,3.73,489,17,IN,14,0
Samsung Electronics inspired,No receipt available. Perfect copy and hard to tell.,Samsung,Electronics,24.58,USD,10,3.24,193,5,AE,6,1
Gucci Cameras premium authentic style deal,"DM for wholesale and better price, limited details.",Gucci,Cameras,1835.51,USD,1438,4.9,862,357,US,32,0
Sony Sneakers in excellent condition,Serial number available. Fast shipping and returns accepted.,Sony,Sneakers,372.79,USD,701,4.27,857,243,US,10,0
Verified Canon Electronics listing,Serial number available. Fast shipping and returns accepted.,Canon,Electronics,889.76,USD,1061,4.72,0,71,IN,33,0
Sony Sneakers in excellent condition,Serial number available. Fast shipping and returns accepted.,Sony,Sneakers,298.46,USD,758,5.0,715,278,IN,10,0
Sony Sneakers in excellent condition,Minimal wear. Verified authenticity by trusted reseller.,Sony,Sneakers,422.23,USD,1051,4.4,435,272,DE,28,0
Adidas Audio in excellent condition,Purchased from official store. Invoice and original box included.,Adidas,Audio,107.34,USD,93,4.81,490,200,GB,31,0
Verified Sony Sneakers listing,Serial number available. Fast shipping and returns accepted.,Sony,Sneakers,368.4,USD,1009,4.08,739,99,CN,47,0
Luxury Gucci copy version item,No receipt available. Perfect copy and hard to tell.,Gucci,Electronics,3265.07,USD,62,3.23,53,44,TR,22,1
Rolex Audio in excellent condition,Serial number available. Fast shipping and returns accepted.,Rolex,Audio,10276.53,USD,559,4.52,287,0,TR,0,0
Luxury Samsung authentic style item,"Factory source stock, no box but same quality as original.",Samsung,Audio,345.64,USD,24,2.06,131,0,IN,2,1
Original Louis Vuitton Electronics with full packaging,Minimal wear. Verified authenticity by trusted reseller.,Louis Vuitton,Electronics,1909.41,USD,0,4.48,978,0,TR,26,0
Luxury Sony no box item,"Factory source stock, no box but same quality as original.",Sony,Handbags,295.68,USD,114,2.71,63,33,JP,7,1
Verified Gucci Sneakers listing,Serial number available. Fast shipping and returns accepted.,Gucci,Sneakers,1105.06,USD,589,4.98,488,486,TR,7,0
Verified Louis Vuitton Electronics listing,Serial number available. Fast shipping and returns accepted.,Louis Vuitton,Electronics,1288.8,USD,446,4.84,680,667,GB,26,0
Verified Sony Sneakers listing,Purchased from official store. Invoice and original box included.,Sony,Sneakers,451.26,USD,769,3.92,237,123,TR,19,0
Louis Vuitton Sneakers premium without receipt deal,"DM for wholesale and better price, limited details.",Louis Vuitton,Sneakers,1283.62,USD,0,4.51,1691,248,TR,32,0
Original Nike Handbags with full packaging,Minimal wear. Verified authenticity by trusted reseller.,Nike,Handbags,106.32,USD,979,4.58,877,158,IN,19,0
Verified Canon Sneakers listing,Minimal wear. Verified authenticity by trusted reseller.,Canon,Sneakers,381.73,USD,91,3.04,91,87,CN,4,1
Luxury Rolex 1:1 item,"DM for wholesale and better price, limited details.",Rolex,Cameras,6869.17,USD,450,4.11,539,260,GB,28,0
Sony Watches in excellent condition,Serial number available. Fast shipping and returns accepted.,Sony,Watches,99.37,USD,665,4.46,278,347,US,6,0
Adidas Handbags in excellent condition,Minimal wear. Verified authenticity by trusted reseller.,Adidas,Handbags,89.73,USD,1096,4.41,475,139,TR,18,0
Bose Cameras in excellent condition,Purchased from official store. Invoice and original box included.,Bose,Cameras,149.67,USD,888,4.55,1604,62,TR,19,0
Bose Cameras in excellent condition,Purchased from official store. Invoice and original box included.,Bose,Cameras,173.25,USD,0,4.57,946,146,IN,0,0
Adidas Electronics premium wholesale lot deal,"Factory source stock, no box but same quality as original.",Adidas,Electronics,16.51,USD,92,3.19,133,21,DE,0,1
Verified Nike Electronics listing,Serial number available. Fast shipping and returns accepted.,Nike,Electronics,82.78,USD,545,4.82,248,0,CN,16,0
Sony Handbags in excellent condition,Purchased from official store. Invoice and original box included.,Sony,Handbags,1322.23,USD,0,2.08,25,15,TR,13,1
Original Bose Handbags with full packaging,Purchased from official store. Invoice and original box included.,Bose,Handbags,80.85,USD,90,2.37,76,20,TR,19,1
Verified Adidas Sneakers listing,Purchased from official store. Invoice and original box included.,Adidas,Sneakers,85.98,USD,626,3.81,202,466,IN,14,0
Adidas Watches in excellent condition,Minimal wear. Verified authenticity by trusted reseller.,Adidas,Watches,101.98,USD,305,4.04,998,359,JP,37,0
Luxury Bose dm for more item,"DM for wholesale and better price, limited details.",Bose,Handbags,334.99,USD,760,4.53,1550,134,DE,33,0
Original Nike Cameras with full packaging,Purchased from official store. Invoice and original box included.,Nike,Cameras,143.27,USD,773,4.01,774,350,AE,19,0
Original Louis Vuitton Sneakers with full packaging,Purchased from official store. Invoice and original box included.,Louis Vuitton,Sneakers,2762.3,USD,162,4.26,500,305,JP,31,0
Original Louis Vuitton Audio with full packaging,Purchased from official store. Invoice and original box included.,Louis Vuitton,Audio,4079.34,USD,101,3.03,246,31,CN,12,1
Sony Handbags in excellent condition,Serial number available. Fast shipping and returns accepted.,Sony,Handbags,432.85,USD,570,4.31,583,396,GB,28,0
Original Louis Vuitton Watches with full packaging,Minimal wear. Verified authenticity by trusted reseller.,Louis Vuitton,Watches,1537.33,USD,177,1.87,78,68,AE,11,1
Nike Electronics mirror quality,"Factory source stock, no box but same quality as original.",Nike,Electronics,47.39,USD,73,3.78,0,54,AE,4,1
Adidas Audio replica,"DM for wholesale and better price, limited details.",Adidas,Audio,33.0,USD,0,3.39,230,0,JP,0,1
Luxury Sony inspired item,No receipt available. Perfect copy and hard to tell.,Sony,Sneakers,696.75,USD,0,3.61,107,0,GB,17,1
Sony Cameras in excellent condition,Purchased from official store. Invoice and original box included.,Sony,Cameras,240.73,USD,1014,4.13,1720,148,US,24,0
Apple Handbags in excellent condition,Minimal wear. Verified authenticity by trusted reseller.,Apple,Handbags,1137.81,USD,904,4.1,975,248,DE,37,0
Verified Gucci Electronics listing,Minimal wear. Verified authenticity by trusted reseller.,Gucci,Electronics,1712.54,USD,903,4.39,1255,44,TR,19,0
Verified Bose Cameras listing,Purchased from official store. Invoice and original box included.,Bose,Cameras,280.08,USD,68,4.43,868,585,IN,9,0
Original Bose Electronics with full packaging,Purchased from official store. Invoice and original box included.,Bose,Electronics,224.9,USD,951,5.0,1283,162,IN,8,0
Original Sony Watches with full packaging,Minimal wear. Verified authenticity by trusted reseller.,Sony,Watches,344.25,USD,837,3.59,693,435,AE,19,0
Original Apple Electronics with full packaging,Purchased from official store. Invoice and original box included.,Apple,Electronics,191.72,USD,70,3.34,28,0,JP,5,1
Bose Sneakers in excellent condition,Purchased from official store. Invoice and original box included.,Bose,Sneakers,184.36,USD,668,4.66,1147,231,JP,19,0
Nike Audio no box,"Factory source stock, no box but same quality as original.",Nike,Audio,72.53,USD,0,4.24,40,17,DE,1,1
Verified Bose Sneakers listing,Serial number available. Fast shipping and returns accepted.,Bose,Sneakers,10.0,USD,158,3.72,39,19,DE,10,1
Nike Cameras premium factory surplus deal,No receipt available. Perfect copy and hard to tell.,Nike,Cameras,147.6,USD,229,3.91,863,10,AE,50,0
Verified Apple Watches listing,Serial number available. Fast shipping and returns accepted.,Apple,Watches,646.4,USD,268,4.43,1113,67,GB,22,0
Luxury Nike inspired item,"DM for wholesale and better price, limited details.",Nike,Electronics,131.84,USD,1212,4.32,263,22,GB,21,0
Luxury Sony mirror quality item,"DM for wholesale and better price, limited details.",Sony,Audio,302.67,USD,0,2.7,78,57,CN,7,1
Original Sony Cameras with full packaging,Serial number available. Fast shipping and returns accepted.,Sony,Cameras,124.64,USD,26,4.01,0,0,GB,7,1
Sony Cameras premium 1:1 deal,"DM for wholesale and better price, limited details.",Sony,Cameras,198.36,USD,71,3.16,0,20,DE,13,1
Verified Nike Watches listing,Minimal wear. Verified authenticity by trusted reseller.,Nike,Watches,413.71,USD,21,1.92,92,28,AE,16,1
Verified Gucci Audio listing,Minimal wear. Verified authenticity by trusted reseller.,Gucci,Audio,1475.58,USD,866,4.54,256,134,TR,34,0
Verified Nike Cameras listing,Minimal wear. Verified authenticity by trusted reseller.,Nike,Cameras,102.95,USD,374,4.47,947,214,JP,8,0
Gucci Electronics premium replica deal,"Factory source stock, no box but same quality as original.",Gucci,Electronics,774.06,USD,75,3.39,65,50,TR,17,1
Original Nike Handbags with full packaging,Serial number available. Fast shipping and returns accepted.,Nike,Handbags,157.05,USD,1492,4.58,760,284,DE,17,0
Sony Sneakers premium 1:1 deal,No receipt available. Perfect copy and hard to tell.,Sony,Sneakers,103.27,USD,183,4.12,57,0,AE,2,1
Verified Louis Vuitton Audio listing,Serial number available. Fast shipping and returns accepted.,Louis Vuitton,Audio,2055.44,USD,257,4.12,443,130,GB,0,0
Luxury Gucci replica item,No receipt available. Perfect copy and hard to tell.,Gucci,Handbags,611.11,USD,191,3.23,84,28,CN,1,1
Verified Bose Handbags listing,Purchased from official store. Invoice and original box included.,Bose,Handbags,267.34,USD,466,4.58,415,406,DE,5,0
Original Sony Watches with full packaging,Purchased from official store. Invoice and original box included.,Sony,Watches,505.72,USD,85,4.64,907,31,CN,32,0
Luxury Bose looks original item,"DM for wholesale and better price, limited details.",Bose,Watches,240.41,USD,209,4.79,568,0,US,32,0
Bose Cameras in excellent condition,Serial number available. Fast shipping and returns accepted.,Bose,Cameras,234.64,USD,711,4.18,942,285,CN,25,0
Luxury Samsung factory surplus item,"DM for wholesale and better price, limited details.",Samsung,Handbags,419.37,USD,24,3.66,27,27,TR,2,1
Nike Watches in excellent condition,Minimal wear. Verified authenticity by trusted reseller.,Nike,Watches,119.39,USD,450,4.67,0,60,JP,9,0
Gucci Electronics premium inspired deal,"Factory source stock, no box but same quality as original.",Gucci,Electronics,4582.36,USD,237,3.13,51,19,AE,15,1
Bose Audio in excellent condition,Minimal wear. Verified authenticity by trusted reseller.,Bose,Audio,266.17,USD,791,4.61,1775,0,US,13,0
Nike Handbags premium wholesale lot deal,"DM for wholesale and better price, limited details.",Nike,Handbags,490.1,USD,0,4.06,262,0,IN,12,1
Gucci Handbags in excellent condition,Serial number available. Fast shipping and returns accepted.,Gucci,Handbags,2268.45,USD,496,4.4,857,257,TR,42,0
Original Nike Handbags with full packaging,Minimal wear. Verified authenticity by trusted reseller.,Nike,Handbags,106.28,USD,0,4.26,0,331,CN,7,0
Apple Watches in excellent condition,Purchased from official store. Invoice and original box included.,Apple,Watches,734.76,USD,289,4.48,1196,0,CN,23,0
Original Rolex Watches with full packaging,Purchased from official store. Invoice and original box included.,Rolex,Watches,7311.04,USD,656,4.39,0,246,US,34,1
Original Sony Cameras with full packaging,Minimal wear. Verified authenticity by trusted reseller.,Sony,Cameras,325.51,USD,15,3.63,0,298,JP,28,0
Canon Audio wholesale lot,"Factory source stock, no box but same quality as original.",Canon,Audio,1711.52,USD,88,4.33,168,10,US,0,1
Verified Gucci Sneakers listing,Serial number available. Fast shipping and returns accepted.,Gucci,Sneakers,2023.57,USD,383,4.55,547,470,TR,35,0
Original Gucci Handbags with full packaging,Purchased from official store. Invoice and original box included.,Gucci,Handbags,1717.0,USD,643,4.73,743,139,IN,26,0
Original Samsung Sneakers with full packaging,Minimal wear. Verified authenticity by trusted reseller.,Samsung,Sneakers,390.57,USD,327,5.0,411,0,TR,30,0
Original Canon Sneakers with full packaging,Purchased from official store. Invoice and original box included.,Canon,Sneakers,655.55,USD,4,2.54,0,10,AE,17,1
Verified Louis Vuitton Sneakers listing,Minimal wear. Verified authenticity by trusted reseller.,Louis Vuitton,Sneakers,1700.2,USD,9,1.92,198,62,JP,12,1
Samsung Handbags in excellent condition,Purchased from official store. Invoice and original box included.,Samsung,Handbags,498.05,USD,482,4.23,955,485,DE,38,0
Verified Adidas Watches listing,Purchased from official store. Invoice and original box included.,Adidas,Watches,122.42,USD,133,3.7,1167,590,DE,16,0
Verified Sony Electronics listing,Serial number available. Fast shipping and returns accepted.,Sony,Electronics,455.67,USD,562,4.18,572,234,AE,17,0
Original Samsung Watches with full packaging,Minimal wear. Verified authenticity by trusted reseller.,Samsung,Watches,378.13,USD,46,3.69,33,50,CN,9,1
Adidas Audio in excellent condition,Serial number available. Fast shipping and returns accepted.,Adidas,Audio,14.94,USD,0,2.36,85,66,IN,22,1
Sony Sneakers in excellent condition,Minimal wear. Verified authenticity by trusted reseller.,Sony,Sneakers,288.68,USD,245,3.85,248,261,GB,27,0
Verified Bose Audio listing,Minimal wear. Verified authenticity by trusted reseller.,Bose,Audio,383.28,USD,229,3.34,497,448,US,45,0
Verified Sony Audio listing,Serial number available. Fast shipping and returns accepted.,Sony,Audio,395.87,USD,355,3.74,723,297,DE,43,0
Verified Apple Electronics listing,Purchased from official store. Invoice and original box included.,Apple,Electronics,255.85,USD,157,3.11,0,17,DE,9,1
Verified Apple Watches listing,Minimal wear. Verified authenticity by trusted reseller.,Apple,Watches,610.84,USD,324,4.11,1211,0,DE,59,0
Original Samsung Handbags with full packaging,Minimal wear. Verified authenticity by trusted reseller.,Samsung,Handbags,373.13,USD,136,3.59,79,12,US,5,1
Verified Samsung Sneakers listing,Serial number available. Fast shipping and returns accepted.,Samsung,Sneakers,2009.52,USD,0,3.66,91,17,CN,4,1
Adidas Cameras premium discounted luxury deal,No receipt available. Perfect copy and hard to tell.,Adidas,Cameras,25.18,USD,0,2.76,164,44,DE,10,1
Original Samsung Handbags with full packaging,Purchased from official store. Invoice and original box included.,Samsung,Handbags,1318.88,USD,116,3.76,152,51,GB,11,1
Original Adidas Audio with full packaging,Purchased from official store. Invoice and original box included.,Adidas,Audio,74.74,USD,551,3.69,0,215,GB,15,0
Original Gucci Audio with full packaging,Purchased from official store. Invoice and original box included.,Gucci,Audio,645.88,USD,132,2.88,45,58,JP,7,1
Samsung Electronics in excellent condition,Purchased from official store. Invoice and original box included.,Samsung,Electronics,406.84,USD,285,4.04,215,399,CN,19,0
Verified Nike Audio listing,Purchased from official store. Invoice and original box included.,Nike,Audio,122.46,USD,568,3.69,1137,96,AE,26,0
Bose Watches in excellent condition,Purchased from official store. Invoice and original box included.,Bose,Watches,365.57,USD,1006,4.43,408,395,DE,10,0
Verified Sony Sneakers listing,Purchased from official store. Invoice and original box included.,Sony,Sneakers,279.12,USD,583,4.05,1002,0,IN,21,0
Original Bose Handbags with full packaging,Purchased from official store. Invoice and original box included.,Bose,Handbags,195.76,USD,963,4.35,616,190,JP,23,0
Verified Adidas Electronics listing,Serial number available. Fast shipping and returns accepted.,Adidas,Electronics,73.8,USD,965,4.24,285,381,IN,16,0
Adidas Electronics in excellent condition,Purchased from official store. Invoice and original box included.,Adidas,Electronics,37.93,USD,146,3.15,287,61,DE,0,1
Verified Adidas Sneakers listing,Purchased from official store. Invoice and original box included.,Adidas,Sneakers,118.85,USD,1005,4.39,704,138,GB,18,0
Original Adidas Sneakers with full packaging,Minimal wear. Verified authenticity by trusted reseller.,Adidas,Sneakers,105.08,USD,515,3.22,627,0,DE,19,0
Gucci Sneakers in excellent condition,Serial number available. Fast shipping and returns accepted.,Gucci,Sneakers,1279.13,USD,1082,4.48,749,361,US,8,0
Gucci Audio in excellent condition,Serial number available. Fast shipping and returns accepted.,Gucci,Audio,1816.04,USD,1136,4.05,440,479,JP,31,0
Original Apple Handbags with full packaging,Purchased from official store. Invoice and original box included.,Apple,Handbags,611.91,USD,789,4.22,879,152,DE,20,0
Verified Apple Handbags listing,Serial number available. Fast shipping and returns accepted.,Apple,Handbags,482.13,USD,151,4.26,0,390,IN,0,0
Bose Sneakers in excellent condition,Purchased from official store. Invoice and original box included.,Bose,Sneakers,250.45,USD,756,3.88,1099,378,TR,30,0
Nike Handbags in excellent condition,Purchased from official store. Invoice and original box included.,Nike,Handbags,112.58,USD,629,4.74,300,0,TR,25,0
Verified Bose Electronics listing,Minimal wear. Verified authenticity by trusted reseller.,Bose,Electronics,259.67,USD,578,4.42,724,209,US,39,0
Canon Audio premium dm for more deal,"Factory source stock, no box but same quality as original.",Canon,Audio,685.77,USD,273,5.0,573,124,US,21,0
Bose Handbags no box,"DM for wholesale and better price, limited details.",Bose,Handbags,704.59,USD,79,3.06,0,0,GB,2,1
Luxury Canon looks original item,"DM for wholesale and better price, limited details.",Canon,Handbags,423.83,USD,39,2.29,243,0,US,12,1
Original Gucci Electronics with full packaging,Serial number available. Fast shipping and returns accepted.,Gucci,Electronics,1822.23,USD,532,4.22,685,99,US,47,0
Verified Samsung Sneakers listing,Minimal wear. Verified authenticity by trusted reseller.,Samsung,Sneakers,699.69,USD,0,4.14,716,401,GB,14,0
Bose Cameras in excellent condition,Serial number available. Fast shipping and returns accepted.,Bose,Cameras,156.81,USD,464,4.18,873,0,AE,27,0
Luxury Louis Vuitton copy version item,No receipt available. Perfect copy and hard to tell.,Louis Vuitton,Cameras,1876.16,USD,574,4.57,370,254,DE,28,0
Original Nike Cameras with full packaging,Purchased from official store. Invoice and original box included.,Nike,Cameras,176.3,USD,491,4.64,63,77,US,27,0
Original Rolex Sneakers with full packaging,Minimal wear. Verified authenticity by trusted reseller.,Rolex,Sneakers,11027.67,USD,485,4.6,74,124,IN,8,0
Original Adidas Sneakers with full packaging,Serial number available. Fast shipping and returns accepted.,Adidas,Sneakers,84.21,USD,536,5.0,513,185,US,14,0
Original Samsung Handbags with full packaging,Serial number available. Fast shipping and returns accepted.,Samsung,Handbags,225.86,USD,200,4.19,3,0,IN,14,1
Original Gucci Handbags with full packaging,Serial number available. Fast shipping and returns accepted.,Gucci,Handbags,1969.77,USD,111,4.07,362,0,CN,22,0
Verified Nike Cameras listing,Purchased from official store. Invoice and original box included.,Nike,Cameras,107.3,USD,807,4.39,871,605,CN,3,0
Original Samsung Sneakers with full packaging,Serial number available. Fast shipping and returns accepted.,Samsung,Sneakers,840.63,USD,455,4.91,445,185,IN,0,0
Original Bose Cameras with full packaging,Serial number available. Fast shipping and returns accepted.,Bose,Cameras,306.42,USD,408,3.31,705,328,IN,26,0
Apple Cameras premium discounted luxury deal,"DM for wholesale and better price, limited details.",Apple,Cameras,95.76,USD,105,2.85,61,27,US,3,1
Verified Nike Cameras listing,Minimal wear. Verified authenticity by trusted reseller.,Nike,Cameras,97.18,USD,191,3.94,297,469,DE,31,0
Original Apple Watches with full packaging,Purchased from official store. Invoice and original box included.,Apple,Watches,1047.06,USD,206,4.16,818,391,DE,18,0
Original Nike Watches with full packaging,Serial number available. Fast shipping and returns accepted.,Nike,Watches,90.36,USD,167,3.26,0,0,US,10,1
Bose Watches premium copy version deal,"Factory source stock, no box but same quality as original.",Bose,Watches,138.71,USD,0,3.94,0,7,GB,8,1
Original Bose Watches with full packaging,Minimal wear. Verified authenticity by trusted reseller.,Bose,Watches,319.04,USD,918,4.68,588,445,CN,33,0
Rolex Sneakers premium dm for more deal,"DM for wholesale and better price, limited details.",Rolex,Sneakers,1958.51,USD,0,3.94,173,35,TR,7,1
Verified Canon Sneakers listing,Serial number available. Fast shipping and returns accepted.,Canon,Sneakers,1003.71,USD,865,4.23,589,0,JP,17,0
Bose Handbags in excellent condition,Purchased from official store. Invoice and original box included.,Bose,Handbags,366.78,USD,574,4.25,735,293,GB,38,0
Verified Sony Watches listing,Serial number available. Fast shipping and returns accepted.,Sony,Watches,95.33,USD,0,3.46,159,0,AE,12,1
Nike Audio looks original,"DM for wholesale and better price, limited details.",Nike,Audio,294.7,USD,14,2.5,0,52,DE,0,1
Samsung Audio no box,No receipt available. Perfect copy and hard to tell.,Samsung,Audio,601.62,USD,0,3.9,1151,221,IN,15,0
Apple Handbags premium discounted luxury deal,"DM for wholesale and better price, limited details.",Apple,Handbags,299.82,USD,0,2.91,98,0,DE,0,1
Verified Bose Sneakers listing,Minimal wear. Verified authenticity by trusted reseller.,Bose,Sneakers,163.0,USD,587,4.96,356,134,IN,42,0
Canon Electronics in excellent condition,Purchased from official store. Invoice and original box included.,Canon,Electronics,831.56,USD,38,3.98,188,287,AE,22,0
Original Nike Electronics with full packaging,Purchased from official store. Invoice and original box included.,Nike,Electronics,117.4,USD,626,4.43,270,519,DE,36,0
Verified Louis Vuitton Electronics listing,Purchased from official store. Invoice and original box included.,Louis Vuitton,Electronics,1177.53,USD,171,2.1,171,36,CN,0,1
Original Louis Vuitton Watches with full packaging,Minimal wear. Verified authenticity by trusted reseller.,Louis Vuitton,Watches,2058.09,USD,682,4.51,49,438,CN,36,0
Original Nike Handbags with full packaging,Purchased from official store. Invoice and original box included.,Nike,Handbags,109.79,USD,0,4.31,833,180,CN,27,0
Bose Audio in excellent condition,Minimal wear. Verified authenticity by trusted reseller.,Bose,Audio,247.48,USD,497,4.44,461,226,DE,31,0
Louis Vuitton Cameras premium dm for more deal,"DM for wholesale and better price, limited details.",Louis Vuitton,Cameras,1358.87,USD,206,2.3,145,3,US,8,1
Verified Apple Sneakers listing,Serial number available. Fast shipping and returns accepted.,Apple,Sneakers,238.84,USD,9,2.56,0,16,JP,1,1
Original Bose Electronics with full packaging,Minimal wear. Verified authenticity by trusted reseller.,Bose,Electronics,131.96,USD,119,3.25,151,31,CN,0,1
Verified Adidas Electronics listing,Serial number available. Fast shipping and returns accepted.,Adidas,Electronics,90.43,USD,336,4.41,949,0,CN,25,0
Original Sony Sneakers with full packaging,Serial number available. Fast shipping and returns accepted.,Sony,Sneakers,329.35,USD,3,3.78,0,0,IN,0,1
Original Sony Watches with full packaging,Minimal wear. Verified authenticity by trusted reseller.,Sony,Watches,341.99,USD,869,4.2,600,254,AE,0,0
Luxury Samsung inspired item,"DM for wholesale and better price, limited details.",Samsung,Electronics,245.52,USD,212,2.32,159,10,GB,5,1
Samsung Watches premium 1:1 deal,No receipt available. Perfect copy and hard to tell.,Samsung,Watches,1996.69,USD,166,2.97,2,0,DE,1,1
Original Nike Sneakers with full packaging,Purchased from official store. Invoice and original box included.,Nike,Sneakers,152.73,USD,391,4.08,1052,43,DE,5,0
Samsung Audio in excellent condition,Serial number available. Fast shipping and returns accepted.,Samsung,Audio,441.54,USD,0,2.22,71,29,IN,12,1
Sony Handbags premium mirror quality deal,"DM for wholesale and better price, limited details.",Sony,Handbags,96.34,USD,109,2.51,128,0,IN,12,1
Rolex Watches in excellent condition,Serial number available. Fast shipping and returns accepted.,Rolex,Watches,11910.27,USD,890,3.85,643,122,IN,6,0
Luxury Bose authentic style item,No receipt available. Perfect copy and hard to tell.,Bose,Cameras,157.22,USD,775,4.29,365,117,GB,13,0
Original Gucci Watches with full packaging,Serial number available. Fast shipping and returns accepted.,Gucci,Watches,852.08,USD,0,5.0,787,93,US,28,0
Original Gucci Sneakers with full packaging,Minimal wear. Verified authenticity by trusted reseller.,Gucci,Sneakers,373.37,USD,83,2.55,98,0,CN,4,1
Verified Nike Electronics listing,Serial number available. Fast shipping and returns accepted.,Nike,Electronics,115.88,USD,623,3.28,731,241,GB,12,0
Original Louis Vuitton Sneakers with full packaging,Minimal wear. Verified authenticity by trusted reseller.,Louis Vuitton,Sneakers,1195.22,USD,87,3.45,107,0,AE,5,1
Verified Louis Vuitton Watches listing,Purchased from official store. Invoice and original box included.,Louis Vuitton,Watches,1425.58,USD,537,4.84,423,242,US,22,0
Original Apple Watches with full packaging,Minimal wear. Verified authenticity by trusted reseller.,Apple,Watches,902.07,USD,575,4.43,379,215,IN,14,0
Luxury Louis Vuitton inspired item,"Factory source stock, no box but same quality as original.",Louis Vuitton,Audio,442.77,USD,9,2.32,0,12,DE,2,1
Original Gucci Audio with full packaging,Minimal wear. Verified authenticity by trusted reseller.,Gucci,Audio,583.46,USD,275,3.39,236,57,IN,9,1
Original Bose Handbags with full packaging,Minimal wear. Verified authenticity by trusted reseller.,Bose,Handbags,275.53,USD,250,4.91,920,170,GB,16,0
Luxury Gucci dm for more item,"DM for wholesale and better price, limited details.",Gucci,Audio,1081.69,USD,176,3.33,173,0,US,9,1
Verified Bose Electronics listing,Minimal wear. Verified authenticity by trusted reseller.,Bose,Electronics,208.19,USD,197,4.05,324,403,JP,20,0
Verified Apple Audio listing,Minimal wear. Verified authenticity by trusted reseller.,Apple,Audio,610.42,USD,1106,4.55,1063,131,TR,32,0
Luxury Louis Vuitton discounted luxury item,No receipt available. Perfect copy and hard to tell.,Louis Vuitton,Cameras,411.11,USD,0,3.62,0,30,JP,0,1
Apple Electronics premium replica deal,"DM for wholesale and better price, limited details.",Apple,Electronics,251.35,USD,130,3.38,10,0,JP,0,1
Verified Gucci Audio listing,Minimal wear. Verified authenticity by trusted reseller.,Gucci,Audio,1324.6,USD,736,4.13,648,27,US,35,0
Verified Louis Vuitton Audio listing,Serial number available. Fast shipping and returns accepted.,Louis Vuitton,Audio,1956.81,USD,673,4.54,0,386,TR,29,1
Verified Samsung Watches listing,Serial number available. Fast shipping and returns accepted.,Samsung,Watches,681.31,USD,378,4.84,363,0,CN,29,0
Verified Bose Electronics listing,Serial number available. Fast shipping and returns accepted.,Bose,Electronics,289.27,USD,1038,4.5,1089,612,JP,34,0
Verified Adidas Handbags listing,Serial number available. Fast shipping and returns accepted.,Adidas,Handbags,138.69,USD,382,3.81,382,376,AE,23,0
Original Sony Handbags with full packaging,Serial number available. Fast shipping and returns accepted.,Sony,Handbags,463.89,USD,878,4.11,673,601,GB,15,0
Original Bose Cameras with full packaging,Purchased from official store. Invoice and original box included.,Bose,Cameras,197.52,USD,75,3.91,217,0,CN,3,1
Original Apple Handbags with full packaging,Minimal wear. Verified authenticity by trusted reseller.,Apple,Handbags,716.38,USD,1215,4.73,823,344,CN,37,0
Verified Sony Watches listing,Minimal wear. Verified authenticity by trusted reseller.,Sony,Watches,644.7,USD,365,2.43,35,0,CN,10,1
Louis Vuitton Sneakers in excellent condition,Purchased from official store. Invoice and original box included.,Louis Vuitton,Sneakers,1582.0,USD,505,4.32,425,285,US,12,0
Canon Watches in excellent condition,Serial number available. Fast shipping and returns accepted.,Canon,Watches,470.32,USD,0,3.83,0,25,AE,12,1
Sony Sneakers wholesale lot,"DM for wholesale and better price, limited details.",Sony,Sneakers,138.47,USD,56,3.06,0,13,DE,0,1
Gucci Cameras in excellent condition,Serial number available. Fast shipping and returns accepted.,Gucci,Cameras,808.27,USD,393,4.1,1072,67,AE,12,0
Verified Adidas Cameras listing,Minimal wear. Verified authenticity by trusted reseller.,Adidas,Cameras,83.73,USD,625,4.59,380,175,JP,10,0
Original Canon Cameras with full packaging,Purchased from official store. Invoice and original box included.,Canon,Cameras,426.1,USD,505,4.89,741,292,US,9,0
Gucci Electronics in excellent condition,Purchased from official store. Invoice and original box included.,Gucci,Electronics,417.03,USD,72,1.88,26,0,CN,0,1
Bose Audio premium inspired deal,"DM for wholesale and better price, limited details.",Bose,Audio,91.0,USD,151,4.06,85,0,IN,3,1
Louis Vuitton Audio in excellent condition,Serial number available. Fast shipping and returns accepted.,Louis Vuitton,Audio,2383.55,USD,537,4.73,462,0,DE,10,0
Sony Cameras in excellent condition,Minimal wear. Verified authenticity by trusted reseller.,Sony,Cameras,426.17,USD,108,4.21,1774,28,AE,29,0
Adidas Audio wholesale lot,"DM for wholesale and better price, limited details.",Adidas,Audio,19.71,USD,102,2.56,0,30,TR,3,1
Verified Gucci Audio listing,Purchased from official store. Invoice and original box included.,Gucci,Audio,546.65,USD,0,2.83,201,21,DE,1,1
Original Louis Vuitton Electronics with full packaging,Serial number available. Fast shipping and returns accepted.,Louis Vuitton,Electronics,1284.13,USD,805,4.51,487,99,JP,11,0
Verified Sony Handbags listing,Minimal wear. Verified authenticity by trusted reseller.,Sony,Handbags,129.79,USD,118,1.74,5,17,US,0,1
Adidas Cameras in excellent condition,Minimal wear. Verified authenticity by trusted reseller.,Adidas,Cameras,78.79,USD,296,4.32,1002,536,GB,19,0
Verified Sony Handbags listing,Minimal wear. Verified authenticity by trusted reseller.,Sony,Handbags,344.41,USD,1059,4.2,784,275,CN,0,0
Nike Cameras in excellent condition,Purchased from official store. Invoice and original box included.,Nike,Cameras,99.69,USD,560,4.37,399,465,DE,19,0
Original Sony Watches with full packaging,Serial number available. Fast shipping and returns accepted.,Sony,Watches,339.89,USD,678,3.74,942,175,IN,8,0
Luxury Canon no box item,"DM for wholesale and better price, limited details.",Canon,Cameras,262.16,USD,147,3.68,273,13,GB,11,1
Canon Electronics in excellent condition,Minimal wear. Verified authenticity by trusted reseller.,Canon,Electronics,264.02,USD,145,3.06,62,20,GB,8,1
Verified Apple Audio listing,Purchased from official store. Invoice and original box included.,Apple,Audio,476.56,USD,31,2.58,175,42,DE,17,1
Samsung Audio in excellent condition,Minimal wear. Verified authenticity by trusted reseller.,Samsung,Audio,679.26,USD,272,4.02,81,165,IN,8,0
Original Nike Audio with full packaging,Purchased from official store. Invoice and original box included.,Nike,Audio,130.11,USD,146,4.38,0,216,TR,2,0
Luxury Sony copy version item,"Factory source stock, no box but same quality as original.",Sony,Audio,107.41,USD,240,3.85,43,49,US,0,1
Verified Gucci Handbags listing,Purchased from official store. Invoice and original box included.,Gucci,Handbags,1134.79,USD,0,4.44,1356,238,US,0,0
Gucci Handbags in excellent condition,Purchased from official store. Invoice and original box included.,Gucci,Handbags,1793.58,USD,598,4.86,256,347,IN,24,0
Apple Handbags replica,"DM for wholesale and better price, limited details.",Apple,Handbags,859.8,USD,0,3.11,80,0,TR,23,1
Samsung Electronics in excellent condition,Minimal wear. Verified authenticity by trusted reseller.,Samsung,Electronics,726.06,USD,315,4.52,1514,0,DE,28,0
Luxury Samsung replica item,No receipt available. Perfect copy and hard to tell.,Samsung,Sneakers,299.26,USD,117,2.9,53,21,JP,4,1
Luxury Apple wholesale lot item,"DM for wholesale and better price, limited details.",Apple,Sneakers,83.26,USD,172,3.5,117,0,TR,4,1
Original Canon Electronics with full packaging,Purchased from official store. Invoice and original box included.,Canon,Electronics,514.22,USD,0,4.17,857,466,CN,16,0
Verified Rolex Cameras listing,Serial number available. Fast shipping and returns accepted.,Rolex,Cameras,10514.58,USD,492,4.48,1461,245,US,15,0
Rolex Watches in excellent condition,Serial number available. Fast shipping and returns accepted.,Rolex,Watches,35898.34,USD,122,3.11,0,25,US,0,1
Rolex Cameras in excellent condition,Minimal wear. Verified authenticity by trusted reseller.,Rolex,Cameras,11265.09,USD,0,4.81,475,326,JP,36,0
Verified Apple Watches listing,Minimal wear. Verified authenticity by trusted reseller.,Apple,Watches,576.87,USD,0,4.81,1173,220,AE,13,0
Bose Audio in excellent condition,Serial number available. Fast shipping and returns accepted.,Bose,Audio,55.78,USD,47,3.31,181,18,DE,0,1
Canon Watches in excellent condition,Minimal wear. Verified authenticity by trusted reseller.,Canon,Watches,899.78,USD,809,3.84,1352,286,DE,41,0
Verified Gucci Audio listing,Minimal wear. Verified authenticity by trusted reseller.,Gucci,Audio,3751.47,USD,51,4.04,85,0,TR,0,1
Canon Handbags in excellent condition,Serial number available. Fast shipping and returns accepted.,Canon,Handbags,75.48,USD,88,1.93,153,15,TR,9,1
Original Louis Vuitton Audio with full packaging,Minimal wear. Verified authenticity by trusted reseller.,Louis Vuitton,Audio,750.04,USD,130,2.71,164,64,DE,14,1
Luxury Sony replica item,"DM for wholesale and better price, limited details.",Sony,Sneakers,82.69,USD,129,3.52,0,0,DE,5,1
Luxury Gucci inspired item,No receipt available. Perfect copy and hard to tell.,Gucci,Watches,3254.65,USD,3,3.93,252,4,IN,2,1
Samsung Sneakers looks original,"Factory source stock, no box but same quality as original.",Samsung,Sneakers,369.36,USD,40,3.1,151,0,TR,16,1
Verified Bose Audio listing,Minimal wear. Verified authenticity by trusted reseller.,Bose,Audio,205.19,USD,921,4.39,403,311,JP,21,0
Sony Watches in excellent condition,Purchased from official store. Invoice and original box included.,Sony,Watches,158.2,USD,149,2.76,77,51,GB,5,1
Sony Watches in excellent condition,Serial number available. Fast shipping and returns accepted.,Sony,Watches,387.52,USD,237,4.69,461,0,JP,17,0
Original Canon Handbags with full packaging,Minimal wear. Verified authenticity by trusted reseller.,Canon,Handbags,905.73,USD,133,4.59,927,219,AE,19,0
Original Adidas Handbags with full packaging,Purchased from official store. Invoice and original box included.,Adidas,Handbags,85.37,USD,616,4.31,441,79,IN,29,0
Samsung Watches in excellent condition,Minimal wear. Verified authenticity by trusted reseller.,Samsung,Watches,1117.16,USD,3,2.17,14,45,JP,10,1
Luxury Louis Vuitton discounted luxury item,"DM for wholesale and better price, limited details.",Louis Vuitton,Sneakers,2025.47,USD,309,4.91,129,182,TR,19,0
Original Adidas Watches with full packaging,Minimal wear. Verified authenticity by trusted reseller.,Adidas,Watches,274.0,USD,180,3.94,94,10,JP,0,1
Original Sony Audio with full packaging,Serial number available. Fast shipping and returns accepted.,Sony,Audio,472.94,USD,0,4.2,808,283,IN,27,0
Sony Watches dm for more,No receipt available. Perfect copy and hard to tell.,Sony,Watches,107.16,USD,10,2.66,161,43,IN,10,1
Louis Vuitton Audio in excellent condition,Purchased from official store. Invoice and original box included.,Louis Vuitton,Audio,2559.69,USD,890,3.66,1405,415,US,12,0
Apple Electronics in excellent condition,Minimal wear. Verified authenticity by trusted reseller.,Apple,Electronics,1083.72,USD,810,4.46,195,97,DE,36,0
Apple Watches in excellent condition,Minimal wear. Verified authenticity by trusted reseller.,Apple,Watches,733.2,USD,551,4.28,481,263,IN,18,0
Original Sony Sneakers with full packaging,Purchased from official store. Invoice and original box included.,Sony,Sneakers,503.51,USD,108,4.42,1023,252,US,56,0
Canon Cameras in excellent condition,Minimal wear. Verified authenticity by trusted reseller.,Canon,Cameras,347.56,USD,148,3.51,0,24,TR,0,1
Louis Vuitton Sneakers in excellent condition,Purchased from official store. Invoice and original box included.,Louis Vuitton,Sneakers,911.11,USD,89,2.58,0,51,CN,17,1
Samsung Handbags premium replica deal,"Factory source stock, no box but same quality as original.",Samsung,Handbags,391.28,USD,259,2.59,28,24,IN,11,1
Luxury Bose authentic style item,No receipt available. Perfect copy and hard to tell.,Bose,Watches,68.49,USD,203,4.02,84,20,US,10,1
Original Nike Electronics with full packaging,Purchased from official store. Invoice and original box included.,Nike,Electronics,164.25,USD,0,3.79,364,199,US,14,0
Original Louis Vuitton Sneakers with full packaging,Minimal wear. Verified authenticity by trusted reseller.,Louis Vuitton,Sneakers,1138.34,USD,83,2.81,181,0,GB,0,1
Verified Canon Sneakers listing,Serial number available. Fast shipping and returns accepted.,Canon,Sneakers,924.82,USD,222,4.44,178,448,CN,34,0
Verified Apple Sneakers listing,Minimal wear. Verified authenticity by trusted reseller.,Apple,Sneakers,953.77,USD,1078,4.17,0,438,US,26,0
Louis Vuitton Handbags mirror quality,"DM for wholesale and better price, limited details.",Louis Vuitton,Handbags,1619.72,USD,13,2.6,79,51,TR,22,1
Verified Nike Handbags listing,Serial number available. Fast shipping and returns accepted.,Nike,Handbags,95.37,USD,73,2.61,0,41,AE,8,1
Verified Gucci Cameras listing,Purchased from official store. Invoice and original box included.,Gucci,Cameras,502.5,USD,280,3.62,0,0,AE,12,1
Original Apple Sneakers with full packaging,Minimal wear. Verified authenticity by trusted reseller.,Apple,Sneakers,585.78,USD,1002,3.96,1320,198,TR,41,0
Original Samsung Sneakers with full packaging,Serial number available. Fast shipping and returns accepted.,Samsung,Sneakers,738.62,USD,207,4.31,765,217,JP,16,0
Luxury Samsung factory surplus item,"DM for wholesale and better price, limited details.",Samsung,Audio,522.88,USD,9,2.55,43,12,TR,13,1
Verified Nike Audio listing,Purchased from official store. Invoice and original box included.,Nike,Audio,103.59,USD,623,4.51,676,236,GB,7,0
Verified Adidas Watches listing,Purchased from official store. Invoice and original box included.,Adidas,Watches,74.42,USD,429,3.9,465,98,TR,30,0
Original Samsung Handbags with full packaging,Serial number available. Fast shipping and returns accepted.,Samsung,Handbags,737.63,USD,929,4.79,377,103,AE,22,0
Original Adidas Sneakers with full packaging,Serial number available. Fast shipping and returns accepted.,Adidas,Sneakers,75.96,USD,401,4.26,125,113,TR,24,0
Nike Sneakers in excellent condition,Minimal wear. Verified authenticity by trusted reseller.,Nike,Sneakers,190.87,USD,414,4.55,864,285,AE,20,0
Gucci Sneakers in excellent condition,Minimal wear. Verified authenticity by trusted reseller.,Gucci,Sneakers,751.79,USD,0,3.68,83,11,JP,21,1
Bose Audio in excellent condition,Purchased from official store. Invoice and original box included.,Bose,Audio,210.81,USD,863,4.28,159,22,CN,40,0
Adidas Handbags in excellent condition,Serial number available. Fast shipping and returns accepted.,Adidas,Handbags,36.78,USD,0,3.43,202,49,CN,3,1
Original Gucci Handbags with full packaging,Serial number available. Fast shipping and returns accepted.,Gucci,Handbags,240.86,USD,240,3.24,133,0,JP,10,1
Sony Audio in excellent condition,Purchased from official store. Invoice and original box included.,Sony,Audio,414.1,USD,338,4.41,1303,375,CN,8,0
Original Apple Electronics with full packaging,Serial number available. Fast shipping and returns accepted.,Apple,Electronics,691.56,USD,362,4.13,561,301,AE,0,0
Original Gucci Cameras with full packaging,Minimal wear. Verified authenticity by trusted reseller.,Gucci,Cameras,448.08,USD,75,3.29,0,46,JP,8,1
Original Sony Handbags with full packaging,Minimal wear. Verified authenticity by trusted reseller.,Sony,Handbags,417.18,USD,78,4.19,676,168,IN,19,0
Original Bose Watches with full packaging,Serial number available. Fast shipping and returns accepted.,Bose,Watches,142.98,USD,603,4.48,676,189,GB,9,0
Verified Bose Watches listing,Minimal wear. Verified authenticity by trusted reseller.,Bose,Watches,323.68,USD,1059,4.23,0,184,US,21,0
Original Sony Cameras with full packaging,Minimal wear. Verified authenticity by trusted reseller.,Sony,Cameras,410.45,USD,742,3.98,1107,0,GB,15,0
Original Gucci Cameras with full packaging,Purchased from official store. Invoice and original box included.,Gucci,Cameras,271.56,USD,326,2.57,0,32,CN,4,1
Louis Vuitton Cameras in excellent condition,Serial number available. Fast shipping and returns accepted.,Louis Vuitton,Cameras,1951.15,USD,538,4.55,390,469,IN,11,0
Original Bose Electronics with full packaging,Minimal wear. Verified authenticity by trusted reseller.,Bose,Electronics,73.9,USD,115,4.1,0,32,US,0,1
Verified Samsung Cameras listing,Purchased from official store. Invoice and original box included.,Samsung,Cameras,234.36,USD,0,3.06,297,0,GB,0,1
Verified Rolex Cameras listing,Minimal wear. Verified authenticity by trusted reseller.,Rolex,Cameras,15847.67,USD,71,3.79,765,466,US,14,0
Bose Cameras premium wholesale lot deal,"Factory source stock, no box but same quality as original.",Bose,Cameras,139.0,USD,153,3.02,338,6,GB,2,1
Verified Apple Sneakers listing,Minimal wear. Verified authenticity by trusted reseller.,Apple,Sneakers,416.74,USD,548,4.61,672,229,JP,6,0
Verified Sony Handbags listing,Minimal wear. Verified authenticity by trusted reseller.,Sony,Handbags,459.11,USD,0,4.33,641,418,DE,24,0
Original Samsung Sneakers with full packaging,Purchased from official store. Invoice and original box included.,Samsung,Sneakers,757.3,USD,629,3.84,743,100,GB,14,0
Louis Vuitton Handbags in excellent condition,Minimal wear. Verified authenticity by trusted reseller.,Louis Vuitton,Handbags,1071.81,USD,1230,4.06,706,0,IN,23,0
Verified Samsung Electronics listing,Serial number available. Fast shipping and returns accepted.,Samsung,Electronics,475.77,USD,187,3.12,179,71,AE,12,1
Nike Handbags in excellent condition,Purchased from official store. Invoice and original box included.,Nike,Handbags,66.83,USD,40,3.01,119,4,AE,4,1
Nike Cameras without receipt,"DM for wholesale and better price, limited details.",Nike,Cameras,69.9,USD,149,2.64,0,33,DE,8,1
Canon Watches premium looks original deal,No receipt available. Perfect copy and hard to tell.,Canon,Watches,359.42,USD,114,3.47,0,32,TR,18,1
Original Louis Vuitton Watches with full packaging,Purchased from official store. Invoice and original box included.,Louis Vuitton,Watches,2688.15,USD,218,4.02,948,0,JP,14,0
Luxury Sony mirror quality item,No receipt available. Perfect copy and hard to tell.,Sony,Audio,205.84,USD,100,2.96,110,14,JP,10,1
Verified Adidas Cameras listing,Purchased from official store. Invoice and original box included.,Adidas,Cameras,87.79,USD,396,4.75,367,182,DE,30,0
Samsung Handbags premium copy version deal,"DM for wholesale and better price, limited details.",Samsung,Handbags,349.27,USD,88,2.41,205,80,IN,7,1
Luxury Canon replica item,"Factory source stock, no box but same quality as original.",Canon,Cameras,932.51,USD,672,4.83,79,381,GB,29,0
Luxury Samsung factory surplus item,"DM for wholesale and better price, limited details.",Samsung,Handbags,437.09,USD,157,2.4,160,16,CN,7,1
Original Bose Audio with full packaging,Purchased from official store. Invoice and original box included.,Bose,Audio,226.3,USD,937,4.49,476,7,JP,24,0
Adidas Sneakers in excellent condition,Minimal wear. Verified authenticity by trusted reseller.,Adidas,Sneakers,48.28,USD,110,2.78,104,31,TR,13,1
Gucci Audio premium discounted luxury deal,No receipt available. Perfect copy and hard to tell.,Gucci,Audio,580.33,USD,0,3.25,90,0,IN,12,1
Canon Cameras in excellent condition,Serial number available. Fast shipping and returns accepted.,Canon,Cameras,734.07,USD,1046,4.52,636,0,CN,6,0
Louis Vuitton Watches in excellent condition,Serial number available. Fast shipping and returns accepted.,Louis Vuitton,Watches,1807.13,USD,937,3.89,630,288,US,15,0
Verified Sony Watches listing,Minimal wear. Verified authenticity by trusted reseller.,Sony,Watches,334.47,USD,769,4.55,1080,34,IN,0,0
Original Gucci Cameras with full packaging,Serial number available. Fast shipping and returns accepted.,Gucci,Cameras,1788.01,USD,0,4.35,629,208,DE,29,0
Nike Audio in excellent condition,Serial number available. Fast shipping and returns accepted.,Nike,Audio,97.7,USD,747,4.48,692,70,US,19,0
Original Adidas Watches with full packaging,Minimal wear. Verified authenticity by trusted reseller.,Adidas,Watches,130.95,USD,850,4.31,424,146,IN,35,0
Original Canon Audio with full packaging,Minimal wear. Verified authenticity by trusted reseller.,Canon,Audio,911.3,USD,551,4.48,615,103,AE,31,1
Luxury Canon copy version item,No receipt available. Perfect copy and hard to tell.,Canon,Sneakers,224.77,USD,198,3.67,9,46,TR,3,1
Original Nike Cameras with full packaging,Purchased from official store. Invoice and original box included.,Nike,Cameras,127.34,USD,82,4.09,0,415,IN,18,0
Adidas Handbags in excellent condition,Purchased from official store. Invoice and original box included.,Adidas,Handbags,91.29,USD,442,3.93,115,333,AE,15,0
Bose Cameras in excellent condition,Purchased from official store. Invoice and original box included.,Bose,Cameras,280.4,USD,391,4.03,656,213,JP,24,0
Verified Apple Audio listing,Minimal wear. Verified authenticity by trusted reseller.,Apple,Audio,764.86,USD,636,3.95,183,0,DE,2,0
Samsung Cameras premium authentic style deal,"DM for wholesale and better price, limited details.",Samsung,Cameras,311.93,USD,0,3.66,159,0,GB,9,1
Louis Vuitton Electronics in excellent condition,Minimal wear. Verified authenticity by trusted reseller.,Louis Vuitton,Electronics,1564.36,USD,525,4.3,797,350,DE,20,0
Verified Rolex Watches listing,Serial number available. Fast shipping and returns accepted.,Rolex,Watches,9389.11,USD,625,4.08,1123,38,IN,27,0
Louis Vuitton Audio premium authentic style deal,"Factory source stock, no box but same quality as original.",Louis Vuitton,Audio,6021.92,USD,120,3.06,11,47,IN,0,1
Original Nike Cameras with full packaging,Minimal wear. Verified authenticity by trusted reseller.,Nike,Cameras,106.18,USD,985,4.24,475,109,CN,9,0
Samsung Electronics in excellent condition,Minimal wear. Verified authenticity by trusted reseller.,Samsung,Electronics,246.24,USD,125,4.19,54,8,GB,12,1
Sony Cameras in excellent condition,Minimal wear. Verified authenticity by trusted reseller.,Sony,Cameras,185.82,USD,20,2.78,0,2,TR,5,1
Original Rolex Electronics with full packaging,Serial number available. Fast shipping and returns accepted.,Rolex,Electronics,8581.51,USD,297,4.48,1331,275,AE,33,0
Original Canon Audio with full packaging,Minimal wear. Verified authenticity by trusted reseller.,Canon,Audio,795.58,USD,774,4.88,339,318,US,20,0
Apple Sneakers wholesale lot,No receipt available. Perfect copy and hard to tell.,Apple,Sneakers,317.0,USD,0,3.72,0,13,DE,12,1
Verified Sony Electronics listing,Purchased from official store. Invoice and original box included.,Sony,Electronics,171.17,USD,501,4.41,985,374,CN,28,0
Louis Vuitton Handbags premium wholesale lot deal,No receipt available. Perfect copy and hard to tell.,Louis Vuitton,Handbags,1243.48,USD,142,3.5,111,2,AE,6,1
Verified Louis Vuitton Sneakers listing,Minimal wear. Verified authenticity by trusted reseller.,Louis Vuitton,Sneakers,1452.75,USD,1024,3.9,829,303,JP,41,0
Gucci Cameras 1:1,No receipt available. Perfect copy and hard to tell.,Gucci,Cameras,407.23,USD,0,3.24,174,0,IN,12,1
Verified Nike Watches listing,Serial number available. Fast shipping and returns accepted.,Nike,Watches,149.96,USD,726,3.88,694,370,US,40,0
Luxury Apple replica item,No receipt available. Perfect copy and hard to tell.,Apple,Cameras,531.26,USD,0,2.96,0,28,IN,15,1
Nike Watches replica,No receipt available. Perfect copy and hard to tell.,Nike,Watches,64.41,USD,115,3.0,0,32,AE,1,1
Samsung Handbags in excellent condition,Minimal wear. Verified authenticity by trusted reseller.,Samsung,Handbags,813.52,USD,0,4.51,998,355,DE,20,0
Verified Nike Audio listing,Purchased from official store. Invoice and original box included.,Nike,Audio,101.02,USD,690,4.47,0,612,IN,37,0
Samsung Cameras in excellent condition,Serial number available. Fast shipping and returns accepted.,Samsung,Cameras,1876.49,USD,93,3.55,229,33,IN,0,1
Rolex Sneakers in excellent condition,Minimal wear. Verified authenticity by trusted reseller.,Rolex,Sneakers,4416.82,USD,688,3.79,658,156,TR,28,0
Samsung Electronics inspired,"Factory source stock, no box but same quality as original.",Samsung,Electronics,363.36,USD,0,3.59,48,18,GB,12,1
Luxury Rolex dm for more item,"Factory source stock, no box but same quality as original.",Rolex,Audio,4367.8,USD,444,5.0,775,94,US,21,0
Adidas Watches in excellent condition,Minimal wear. Verified authenticity by trusted reseller.,Adidas,Watches,10.0,USD,15,2.86,139,18,TR,0,1
Adidas Cameras in excellent condition,Serial number available. Fast shipping and returns accepted.,Adidas,Cameras,124.09,USD,483,4.14,0,239,TR,15,0
Nike Watches in excellent condition,Minimal wear. Verified authenticity by trusted reseller.,Nike,Watches,98.83,USD,445,4.04,508,537,US,31,0
Original Samsung Handbags with full packaging,Serial number available. Fast shipping and returns accepted.,Samsung,Handbags,993.6,USD,519,3.96,123,407,DE,21,0
Sony Sneakers in excellent condition,Serial number available. Fast shipping and returns accepted.,Sony,Sneakers,495.73,USD,410,4.63,1830,231,JP,26,0
Original Apple Sneakers with full packaging,Minimal wear. Verified authenticity by trusted reseller.,Apple,Sneakers,1265.81,USD,94,4.22,119,44,TR,5,1
Luxury Gucci wholesale lot item,"DM for wholesale and better price, limited details.",Gucci,Cameras,379.17,USD,14,3.33,102,0,DE,14,1
Adidas Sneakers authentic style,No receipt available. Perfect copy and hard to tell.,Adidas,Sneakers,108.91,USD,83,4.31,514,38,AE,20,0
Verified Gucci Audio listing,Minimal wear. Verified authenticity by trusted reseller.,Gucci,Audio,1688.89,USD,308,5.0,0,486,GB,19,0
Adidas Cameras in excellent condition,Purchased from official store. Invoice and original box included.,Adidas,Cameras,89.91,USD,833,4.28,689,280,GB,27,0
Gucci Sneakers in excellent condition,Serial number available. Fast shipping and returns accepted.,Gucci,Sneakers,1915.5,USD,188,4.59,366,226,DE,22,0
Nike Sneakers in excellent condition,Purchased from official store. Invoice and original box included.,Nike,Sneakers,157.82,USD,382,4.77,539,128,IN,8,0
Samsung Audio premium without receipt deal,No receipt available. Perfect copy and hard to tell.,Samsung,Audio,201.79,USD,146,3.1,34,0,AE,6,1
Louis Vuitton Cameras in excellent condition,Purchased from official store. Invoice and original box included.,Louis Vuitton,Cameras,2248.25,USD,634,4.47,148,91,AE,43,0
Verified Gucci Handbags listing,Minimal wear. Verified authenticity by trusted reseller.,Gucci,Handbags,1343.76,USD,595,4.41,601,261,GB,0,0
Original Sony Electronics with full packaging,Minimal wear. Verified authenticity by trusted reseller.,Sony,Electronics,438.56,USD,672,3.74,0,319,DE,20,0
Verified Samsung Watches listing,Minimal wear. Verified authenticity by trusted reseller.,Samsung,Watches,318.39,USD,4,3.89,46,32,GB,3,1
Rolex Cameras looks original,No receipt available. Perfect copy and hard to tell.,Rolex,Cameras,3720.62,USD,0,2.9,157,9,US,5,1
Sony Handbags in excellent condition,Minimal wear. Verified authenticity by trusted reseller.,Sony,Handbags,337.03,USD,384,4.53,544,10,TR,21,0
Rolex Handbags premium replica deal,"Factory source stock, no box but same quality as original.",Rolex,Handbags,15411.64,USD,168,3.13,0,0,GB,20,1
Bose Handbags in excellent condition,Purchased from official store. Invoice and original box included.,Bose,Handbags,274.62,USD,654,4.86,0,0,JP,16,0
Canon Sneakers premium 1:1 deal,"Factory source stock, no box but same quality as original.",Canon,Sneakers,999.66,USD,625,4.35,861,0,AE,17,0
Nike Audio in excellent condition,Serial number available. Fast shipping and returns accepted.,Nike,Audio,89.25,USD,210,4.39,350,338,CN,0,0
Original Bose Watches with full packaging,Purchased from official store. Invoice and original box included.,Bose,Watches,238.66,USD,714,4.69,682,192,JP,22,0
Luxury Louis Vuitton no box item,"Factory source stock, no box but same quality as original.",Louis Vuitton,Sneakers,1436.22,USD,291,2.38,33,88,US,6,1
Verified Samsung Sneakers listing,Minimal wear. Verified authenticity by trusted reseller.,Samsung,Sneakers,469.44,USD,17,2.92,0,0,CN,0,1
Nike Watches premium no box deal,No receipt available. Perfect copy and hard to tell.,Nike,Watches,75.98,USD,23,2.67,0,0,DE,7,1
Original Adidas Sneakers with full packaging,Minimal wear. Verified authenticity by trusted reseller.,Adidas,Sneakers,107.18,USD,539,4.78,710,287,AE,8,0
Verified Sony Cameras listing,Purchased from official store. Invoice and original box included.,Sony,Cameras,168.97,USD,0,3.9,38,39,TR,4,1
Verified Nike Audio listing,Purchased from official store. Invoice and original box included.,Nike,Audio,180.87,USD,657,4.73,232,0,JP,7,0
Luxury Adidas replica item,"DM for wholesale and better price, limited details.",Adidas,Handbags,80.22,USD,212,4.32,776,626,AE,3,0
Samsung Electronics authentic style,No receipt available. Perfect copy and hard to tell.,Samsung,Electronics,209.53,USD,94,2.88,90,60,GB,11,1
Original Louis Vuitton Sneakers with full packaging,Serial number available. Fast shipping and returns accepted.,Louis Vuitton,Sneakers,1734.92,USD,993,4.17,473,148,GB,8,0
Original Canon Handbags with full packaging,Serial number available. Fast shipping and returns accepted.,Canon,Handbags,632.39,USD,274,4.18,32,74,CN,30,0
Original Nike Sneakers with full packaging,Minimal wear. Verified authenticity by trusted reseller.,Nike,Sneakers,227.52,USD,144,3.06,18,19,US,0,1
Rolex Handbags factory surplus,"Factory source stock, no box but same quality as original.",Rolex,Handbags,2251.98,USD,182,3.31,32,17,TR,6,1
Canon Sneakers in excellent condition,Purchased from official store. Invoice and original box included.,Canon,Sneakers,282.88,USD,160,4.39,25,37,TR,0,1
Sony Audio in excellent condition,Serial number available. Fast shipping and returns accepted.,Sony,Audio,442.79,USD,1120,4.27,0,404,GB,0,0
Louis Vuitton Sneakers mirror quality,No receipt available. Perfect copy and hard to tell.,Louis Vuitton,Sneakers,155.04,USD,67,3.21,0,0,JP,1,1
Gucci Handbags in excellent condition,Minimal wear. Verified authenticity by trusted reseller.,Gucci,Handbags,2780.56,USD,105,3.65,133,6,CN,8,1
Original Nike Sneakers with full packaging,Purchased from official store. Invoice and original box included.,Nike,Sneakers,101.39,USD,1315,4.14,633,128,GB,24,0
Samsung Sneakers in excellent condition,Minimal wear. Verified authenticity by trusted reseller.,Samsung,Sneakers,772.32,USD,282,4.15,808,264,TR,34,0
Original Gucci Electronics with full packaging,Purchased from official store. Invoice and original box included.,Gucci,Electronics,3973.69,USD,180,2.92,2,34,AE,5,1
Rolex Watches authentic style,No receipt available. Perfect copy and hard to tell.,Rolex,Watches,2636.38,USD,164,2.22,204,26,JP,5,1
Adidas Electronics replica,No receipt available. Perfect copy and hard to tell.,Adidas,Electronics,329.11,USD,200,3.45,0,2,CN,6,1
Luxury Gucci wholesale lot item,No receipt available. Perfect copy and hard to tell.,Gucci,Watches,610.78,USD,14,3.74,63,0,US,14,1
Gucci Cameras premium copy version deal,"Factory source stock, no box but same quality as original.",Gucci,Cameras,66.13,USD,43,3.99,209,0,AE,13,1
Verified Gucci Handbags listing,Purchased from official store. Invoice and original box included.,Gucci,Handbags,899.36,USD,100,3.11,176,0,US,6,1
Original Adidas Sneakers with full packaging,Minimal wear. Verified authenticity by trusted reseller.,Adidas,Sneakers,123.98,USD,461,4.21,835,5,JP,24,0
Louis Vuitton Sneakers premium wholesale lot deal,"DM for wholesale and better price, limited details.",Louis Vuitton,Sneakers,164.49,USD,2,2.59,80,31,US,17,1
Rolex Audio in excellent condition,Purchased from official store. Invoice and original box included.,Rolex,Audio,9806.39,USD,334,4.39,364,153,JP,33,0
Original Bose Handbags with full packaging,Minimal wear. Verified authenticity by trusted reseller.,Bose,Handbags,325.95,USD,1225,4.69,1120,145,US,8,0
Samsung Audio in excellent condition,Serial number available. Fast shipping and returns accepted.,Samsung,Audio,1737.68,USD,111,3.43,211,54,CN,10,1
Louis Vuitton Electronics in excellent condition,Minimal wear. Verified authenticity by trusted reseller.,Louis Vuitton,Electronics,2098.45,USD,721,4.71,31,285,JP,21,0
Verified Apple Audio listing,Purchased from official store. Invoice and original box included.,Apple,Audio,623.43,USD,759,4.34,0,325,DE,15,0
Samsung Cameras in excellent condition,Purchased from official store. Invoice and original box included.,Samsung,Cameras,474.27,USD,803,4.54,240,514,DE,28,0
Verified Bose Cameras listing,Serial number available. Fast shipping and returns accepted.,Bose,Cameras,186.93,USD,73,3.72,797,211,GB,26,0
Samsung Cameras wholesale lot,"Factory source stock, no box but same quality as original.",Samsung,Cameras,2045.42,USD,68,2.37,186,1,CN,0,1
Verified Samsung Watches listing,Serial number available. Fast shipping and returns accepted.,Samsung,Watches,945.91,USD,432,3.89,852,492,AE,6,0
Original Louis Vuitton Cameras with full packaging,Purchased from official store. Invoice and original box included.,Louis Vuitton,Cameras,1107.13,USD,64,4.05,98,48,DE,15,0
Gucci Handbags dm for more,No receipt available. Perfect copy and hard to tell.,Gucci,Handbags,590.53,USD,88,3.29,79,60,US,0,1
Bose Electronics in excellent condition,Minimal wear. Verified authenticity by trusted reseller.,Bose,Electronics,272.97,USD,770,4.31,595,323,AE,19,0
Original Bose Watches with full packaging,Purchased from official store. Invoice and original box included.,Bose,Watches,342.86,USD,46,4.46,488,375,AE,7,0
Verified Nike Watches listing,Purchased from official store. Invoice and original box included.,Nike,Watches,144.71,USD,354,4.69,91,511,AE,22,0
Luxury Sony no box item,No receipt available. Perfect copy and hard to tell.,Sony,Sneakers,132.73,USD,46,3.77,5,0,AE,5,1
Original Adidas Sneakers with full packaging,Serial number available. Fast shipping and returns accepted.,Adidas,Sneakers,32.11,USD,154,3.35,0,17,TR,12,1
Verified Louis Vuitton Electronics listing,Serial number available. Fast shipping and returns accepted.,Louis Vuitton,Electronics,643.07,USD,0,2.77,91,33,GB,0,1
Sony Audio wholesale lot,No receipt available. Perfect copy and hard to tell.,Sony,Audio,205.85,USD,199,3.05,173,63,IN,16,1
Nike Sneakers premium mirror quality deal,No receipt available. Perfect copy and hard to tell.,Nike,Sneakers,97.12,USD,318,4.0,1113,24,GB,22,0
Samsung Watches replica,"DM for wholesale and better price, limited details.",Samsung,Watches,236.64,USD,114,2.38,320,11,GB,7,1
Samsung Audio in excellent condition,Serial number available. Fast shipping and returns accepted.,Samsung,Audio,537.74,USD,837,4.49,1162,129,DE,13,0
Original Bose Electronics with full packaging,Purchased from official store. Invoice and original box included.,Bose,Electronics,287.85,USD,417,4.11,1457,0,JP,21,0
Luxury Gucci dm for more item,"Factory source stock, no box but same quality as original.",Gucci,Cameras,1360.68,USD,18,4.42,27,11,CN,25,1
Verified Adidas Watches listing,Minimal wear. Verified authenticity by trusted reseller.,Adidas,Watches,88.86,USD,785,4.37,888,376,IN,47,0
Louis Vuitton Sneakers in excellent condition,Serial number available. Fast shipping and returns accepted.,Louis Vuitton,Sneakers,1373.91,USD,1318,4.07,915,191,IN,8,0
Verified Rolex Sneakers listing,Serial number available. Fast shipping and returns accepted.,Rolex,Sneakers,7385.26,USD,572,4.61,0,336,GB,9,0
Original Sony Sneakers with full packaging,Serial number available. Fast shipping and returns accepted.,Sony,Sneakers,237.43,USD,98,3.04,6,59,CN,2,1
Original Nike Cameras with full packaging,Serial number available. Fast shipping and returns accepted.,Nike,Cameras,99.65,USD,0,3.84,83,197,AE,25,0
Original Louis Vuitton Electronics with full packaging,Serial number available. Fast shipping and returns accepted.,Louis Vuitton,Electronics,307.29,USD,166,4.1,1,6,JP,15,1
Verified Adidas Audio listing,Minimal wear. Verified authenticity by trusted reseller.,Adidas,Audio,50.18,USD,127,3.6,8,5,GB,12,1
Original Nike Cameras with full packaging,Minimal wear. Verified authenticity by trusted reseller.,Nike,Cameras,194.52,USD,986,4.64,668,431,JP,28,0
Verified Canon Sneakers listing,Minimal wear. Verified authenticity by trusted reseller.,Canon,Sneakers,675.44,USD,559,4.36,1478,234,IN,41,0
Original Bose Watches with full packaging,Minimal wear. Verified authenticity by trusted reseller.,Bose,Watches,267.84,USD,904,4.03,634,4,US,30,0
Luxury Canon discounted luxury item,"DM for wholesale and better price, limited details.",Canon,Audio,619.46,USD,47,3.3,0,0,DE,7,1
Nike Electronics in excellent condition,Purchased from official store. Invoice and original box included.,Nike,Electronics,47.7,USD,36,2.83,102,0,US,15,1
Verified Gucci Sneakers listing,Purchased from official store. Invoice and original box included.,Gucci,Sneakers,813.38,USD,111,2.5,97,0,CN,5,1
Original Samsung Cameras with full packaging,Minimal wear. Verified authenticity by trusted reseller.,Samsung,Cameras,946.29,USD,569,4.36,937,259,TR,29,0
Canon Handbags in excellent condition,Minimal wear. Verified authenticity by trusted reseller.,Canon,Handbags,607.95,USD,0,4.46,745,0,TR,10,0
Verified Nike Electronics listing,Minimal wear. Verified authenticity by trusted reseller.,Nike,Electronics,117.91,USD,1083,4.06,486,90,GB,15,0
Original Nike Audio with full packaging,Minimal wear. Verified authenticity by trusted reseller.,Nike,Audio,135.17,USD,0,3.53,937,341,AE,21,0
Verified Gucci Handbags listing,Minimal wear. Verified authenticity by trusted reseller.,Gucci,Handbags,2046.62,USD,467,4.61,219,239,IN,17,0
Verified Apple Watches listing,Minimal wear. Verified authenticity by trusted reseller.,Apple,Watches,935.99,USD,270,4.47,513,487,TR,11,0
Apple Electronics in excellent condition,Minimal wear. Verified authenticity by trusted reseller.,Apple,Electronics,793.02,USD,81,4.62,534,0,IN,25,0
Adidas Handbags premium inspired deal,"Factory source stock, no box but same quality as original.",Adidas,Handbags,35.33,USD,88,3.24,233,0,CN,3,1
Sony Cameras wholesale lot,"Factory source stock, no box but same quality as original.",Sony,Cameras,161.3,USD,0,3.33,134,13,IN,16,1
Luxury Samsung discounted luxury item,No receipt available. Perfect copy and hard to tell.,Samsung,Handbags,313.5,USD,0,4.84,44,21,JP,11,1
Verified Sony Watches listing,Serial number available. Fast shipping and returns accepted.,Sony,Watches,489.33,USD,901,4.4,559,164,US,12,0
Verified Canon Watches listing,Serial number available. Fast shipping and returns accepted.,Canon,Watches,281.25,USD,449,4.14,684,258,DE,37,0
Canon Audio in excellent condition,Purchased from official store. Invoice and original box included.,Canon,Audio,715.63,USD,194,3.81,805,127,JP,33,0
Apple Electronics in excellent condition,Serial number available. Fast shipping and returns accepted.,Apple,Electronics,228.97,USD,120,3.64,17,0,AE,18,1
Verified Sony Audio listing,Purchased from official store. Invoice and original box included.,Sony,Audio,293.91,USD,0,4.35,337,204,JP,10,0
Samsung Electronics premium copy version deal,"DM for wholesale and better price, limited details.",Samsung,Electronics,134.35,USD,0,3.47,21,0,AE,11,1
Samsung Watches in excellent condition,Serial number available. Fast shipping and returns accepted.,Samsung,Watches,475.16,USD,0,3.28,164,6,US,0,1
Gucci Sneakers in excellent condition,Purchased from official store. Invoice and original box included.,Gucci,Sneakers,3593.58,USD,0,3.81,159,0,JP,9,1
Rolex Handbags in excellent condition,Minimal wear. Verified authenticity by trusted reseller.,Rolex,Handbags,6312.31,USD,508,4.79,0,526,US,35,0
Sony Watches in excellent condition,Purchased from official store. Invoice and original box included.,Sony,Watches,379.93,USD,627,4.51,620,197,CN,14,0
Bose Handbags premium dm for more deal,"Factory source stock, no box but same quality as original.",Bose,Handbags,208.41,USD,188,2.32,156,46,TR,4,1
Samsung Electronics premium no box deal,"DM for wholesale and better price, limited details.",Samsung,Electronics,842.56,USD,909,4.48,22,214,TR,34,0
Original Bose Sneakers with full packaging,Minimal wear. Verified authenticity by trusted reseller.,Bose,Sneakers,282.86,USD,513,4.67,451,191,CN,31,0
Original Adidas Cameras with full packaging,Serial number available. Fast shipping and returns accepted.,Adidas,Cameras,87.73,USD,1082,4.96,585,68,AE,0,0
Original Adidas Handbags with full packaging,Purchased from official store. Invoice and original box included.,Adidas,Handbags,82.39,USD,970,5.0,744,83,DE,10,0
Verified Canon Watches listing,Serial number available. Fast shipping and returns accepted.,Canon,Watches,801.15,USD,584,4.43,1648,0,AE,30,0
Louis Vuitton Cameras premium wholesale lot deal,"Factory source stock, no box but same quality as original.",Louis Vuitton,Cameras,579.01,USD,70,3.7,412,40,TR,1,1
Verified Gucci Electronics listing,Minimal wear. Verified authenticity by trusted reseller.,Gucci,Electronics,1080.12,USD,261,4.89,1176,193,JP,36,0
Luxury Samsung wholesale lot item,"DM for wholesale and better price, limited details.",Samsung,Cameras,237.67,USD,77,3.75,84,19,IN,10,1
Luxury Samsung wholesale lot item,No receipt available. Perfect copy and hard to tell.,Samsung,Audio,107.01,USD,55,1.47,0,0,CN,14,1
Luxury Nike authentic style item,"DM for wholesale and better price, limited details.",Nike,Electronics,63.78,USD,57,3.36,169,4,DE,7,1
Samsung Cameras in excellent condition,Minimal wear. Verified authenticity by trusted reseller.,Samsung,Cameras,197.62,USD,166,2.61,84,60,CN,3,0
Original Gucci Handbags with full packaging,Serial number available. Fast shipping and returns accepted.,Gucci,Handbags,667.92,USD,552,4.8,539,381,GB,26,0
Verified Sony Sneakers listing,Purchased from official store. Invoice and original box included.,Sony,Sneakers,365.21,USD,826,4.4,0,419,IN,17,0
Verified Rolex Audio listing,Serial number available. Fast shipping and returns accepted.,Rolex,Audio,11336.82,USD,486,4.36,1311,246,TR,25,0
Original Apple Watches with full packaging,Minimal wear. Verified authenticity by trusted reseller.,Apple,Watches,638.54,USD,880,4.99,900,527,IN,23,0
Louis Vuitton Handbags in excellent condition,Serial number available. Fast shipping and returns accepted.,Louis Vuitton,Handbags,1839.53,USD,175,4.73,1619,246,AE,28,0
Louis Vuitton Handbags premium mirror quality deal,"Factory source stock, no box but same quality as original.",Louis Vuitton,Handbags,1698.11,USD,7,2.23,257,14,JP,4,1
Louis Vuitton Audio in excellent condition,Purchased from official store. Invoice and original box included.,Louis Vuitton,Audio,543.54,USD,81,3.92,125,24,TR,7,1
Gucci Electronics in excellent condition,Purchased from official store. Invoice and original box included.,Gucci,Electronics,1478.43,USD,191,4.45,192,671,JP,17,0
Samsung Sneakers in excellent condition,Purchased from official store. Invoice and original box included.,Samsung,Sneakers,674.61,USD,746,5.0,366,0,US,31,0
Rolex Watches dm for more,No receipt available. Perfect copy and hard to tell.,Rolex,Watches,3739.47,USD,68,3.68,0,10,TR,6,1
Canon Audio in excellent condition,Serial number available. Fast shipping and returns accepted.,Canon,Audio,2336.48,USD,155,3.47,119,0,CN,7,1
Original Sony Cameras with full packaging,Serial number available. Fast shipping and returns accepted.,Sony,Cameras,125.84,USD,12,2.8,129,46,DE,4,1
Samsung Electronics inspired,"Factory source stock, no box but same quality as original.",Samsung,Electronics,291.92,USD,54,3.72,105,81,US,1,1
Luxury Rolex no box item,No receipt available. Perfect copy and hard to tell.,Rolex,Watches,2693.52,USD,73,3.3,390,12,DE,0,1
Nike Handbags in excellent condition,Serial number available. Fast shipping and returns accepted.,Nike,Handbags,92.5,USD,1065,3.95,381,43,CN,25,0
Verified Canon Audio listing,Purchased from official store. Invoice and original box included.,Canon,Audio,562.35,USD,0,4.3,626,289,US,16,0
Original Apple Cameras with full packaging,Purchased from official store. Invoice and original box included.,Apple,Cameras,1005.03,USD,624,4.45,352,105,CN,0,0
Luxury Sony dm for more item,"DM for wholesale and better price, limited details.",Sony,Cameras,111.62,USD,0,3.5,138,1,US,4,1
Verified Adidas Electronics listing,Serial number available. Fast shipping and returns accepted.,Adidas,Electronics,153.83,USD,857,4.81,402,65,DE,22,0
Gucci Sneakers looks original,"Factory source stock, no box but same quality as original.",Gucci,Sneakers,732.06,USD,122,3.4,14,3,GB,0,1
Original Nike Electronics with full packaging,Minimal wear. Verified authenticity by trusted reseller.,Nike,Electronics,107.33,USD,0,4.88,692,329,JP,16,0
Samsung Cameras in excellent condition,Minimal wear. Verified authenticity by trusted reseller.,Samsung,Cameras,357.71,USD,0,4.75,113,36,IN,5,1
Rolex Cameras in excellent condition,Purchased from official store. Invoice and original box included.,Rolex,Cameras,11354.66,USD,795,4.74,614,142,GB,3,0
Nike Audio wholesale lot,"DM for wholesale and better price, limited details.",Nike,Audio,195.28,USD,23,2.87,0,0,GB,0,1
Original Nike Handbags with full packaging,Serial number available. Fast shipping and returns accepted.,Nike,Handbags,58.39,USD,290,4.53,744,112,IN,36,0
Original Apple Sneakers with full packaging,Minimal wear. Verified authenticity by trusted reseller.,Apple,Sneakers,1025.87,USD,362,3.82,931,482,AE,53,0
Gucci Cameras in excellent condition,Purchased from official store. Invoice and original box included.,Gucci,Cameras,254.2,USD,0,2.66,78,0,DE,11,1
Original Louis Vuitton Handbags with full packaging,Minimal wear. Verified authenticity by trusted reseller.,Louis Vuitton,Handbags,2185.03,USD,1000,4.8,394,357,GB,1,0
Original Samsung Handbags with full packaging,Serial number available. Fast shipping and returns accepted.,Samsung,Handbags,939.4,USD,499,4.38,946,375,CN,25,0
Verified Gucci Cameras listing,Purchased from official store. Invoice and original box included.,Gucci,Cameras,3181.53,USD,177,3.11,0,0,GB,0,1
Louis Vuitton Cameras in excellent condition,Serial number available. Fast shipping and returns accepted.,Louis Vuitton,Cameras,531.15,USD,92,2.74,41,0,IN,5,1
Bose Cameras premium factory surplus deal,"Factory source stock, no box but same quality as original.",Bose,Cameras,291.37,USD,593,4.42,204,237,US,35,0
Louis Vuitton Electronics premium 1:1 deal,No receipt available. Perfect copy and hard to tell.,Louis Vuitton,Electronics,2022.58,USD,0,4.13,510,296,GB,36,0
Verified Adidas Cameras listing,Minimal wear. Verified authenticity by trusted reseller.,Adidas,Cameras,87.66,USD,451,4.71,332,328,JP,18,0
Luxury Samsung dm for more item,No receipt available. Perfect copy and hard to tell.,Samsung,Audio,275.86,USD,0,3.9,0,25,TR,6,1
Verified Rolex Electronics listing,Serial number available. Fast shipping and returns accepted.,Rolex,Electronics,4562.74,USD,572,4.6,781,280,DE,35,0
Canon Audio in excellent condition,Minimal wear. Verified authenticity by trusted reseller.,Canon,Audio,772.91,USD,0,4.1,494,125,IN,22,0
Original Sony Watches with full packaging,Purchased from official store. Invoice and original box included.,Sony,Watches,540.42,USD,450,4.15,1303,26,AE,8,0
Verified Adidas Sneakers listing,Serial number available. Fast shipping and returns accepted.,Adidas,Sneakers,92.25,USD,1079,4.21,402,221,TR,44,0
Luxury Rolex without receipt item,"Factory source stock, no box but same quality as original.",Rolex,Sneakers,3283.34,USD,126,3.66,0,37,GB,5,1
Luxury Sony copy version item,"DM for wholesale and better price, limited details.",Sony,Electronics,829.93,USD,0,2.45,111,8,US,0,1
Verified Nike Electronics listing,Purchased from official store. Invoice and original box included.,Nike,Electronics,123.21,USD,613,3.79,965,293,GB,30,0
Luxury Bose looks original item,No receipt available. Perfect copy and hard to tell.,Bose,Audio,24.73,USD,104,2.37,26,32,IN,7,1
Original Samsung Handbags with full packaging,Minimal wear. Verified authenticity by trusted reseller.,Samsung,Handbags,281.73,USD,181,2.83,12,0,IN,13,1
Verified Samsung Cameras listing,Purchased from official store. Invoice and original box included.,Samsung,Cameras,823.26,USD,540,3.96,449,0,US,31,0
Verified Samsung Handbags listing,Minimal wear. Verified authenticity by trusted reseller.,Samsung,Handbags,874.18,USD,552,4.04,0,126,AE,14,0
Verified Nike Sneakers listing,Minimal wear. Verified authenticity by trusted reseller.,Nike,Sneakers,133.06,USD,689,3.31,394,124,TR,10,0
Nike Handbags in excellent condition,Serial number available. Fast shipping and returns accepted.,Nike,Handbags,67.5,USD,61,4.6,195,15,JP,3,1
Sony Watches premium inspired deal,No receipt available. Perfect copy and hard to tell.,Sony,Watches,164.47,USD,0,1.81,40,17,GB,18,1
Sony Electronics wholesale lot,"Factory source stock, no box but same quality as original.",Sony,Electronics,181.73,USD,19,2.83,112,29,US,4,1
Verified Canon Cameras listing,Serial number available. Fast shipping and returns accepted.,Canon,Cameras,809.49,USD,552,4.16,1092,602,DE,27,0
Original Bose Watches with full packaging,Minimal wear. Verified authenticity by trusted reseller.,Bose,Watches,283.23,USD,517,3.8,1035,503,AE,7,0
Canon Electronics replica,"Factory source stock, no box but same quality as original.",Canon,Electronics,558.82,USD,0,4.31,25,32,TR,11,1
Samsung Handbags in excellent condition,Serial number available. Fast shipping and returns accepted.,Samsung,Handbags,611.11,USD,863,3.93,0,209,CN,20,0
Luxury Canon looks original item,No receipt available. Perfect copy and hard to tell.,Canon,Handbags,2852.96,USD,0,3.55,138,0,JP,0,1
Original Rolex Audio with full packaging,Minimal wear. Verified authenticity by trusted reseller.,Rolex,Audio,7849.7,USD,278,4.1,990,253,DE,5,0
Original Louis Vuitton Audio with full packaging,Minimal wear. Verified authenticity by trusted reseller.,Louis Vuitton,Audio,2404.68,USD,290,4.88,710,221,GB,52,0
Verified Samsung Audio listing,Minimal wear. Verified authenticity by trusted reseller.,Samsung,Audio,779.06,USD,229,4.61,0,9,TR,47,0
Verified Canon Handbags listing,Purchased from official store. Invoice and original box included.,Canon,Handbags,1299.93,USD,728,4.15,1191,74,US,26,0
Gucci Watches mirror quality,"Factory source stock, no box but same quality as original.",Gucci,Watches,621.41,USD,0,3.25,185,17,DE,12,1
Luxury Adidas mirror quality item,"Factory source stock, no box but same quality as original.",Adidas,Cameras,42.34,USD,140,3.96,146,25,JP,0,1
Verified Canon Sneakers listing,Minimal wear. Verified authenticity by trusted reseller.,Canon,Sneakers,744.39,USD,155,5.0,153,251,JP,12,0
Luxury Canon without receipt item,"Factory source stock, no box but same quality as original.",Canon,Electronics,245.55,USD,190,2.93,235,79,US,5,1
Gucci Electronics premium without receipt deal,"DM for wholesale and better price, limited details.",Gucci,Electronics,696.57,USD,122,2.96,0,50,US,9,1
Original Apple Cameras with full packaging,Purchased from official store. Invoice and original box included.,Apple,Cameras,143.95,USD,140,3.54,34,63,AE,2,1
Verified Bose Audio listing,Purchased from official store. Invoice and original box included.,Bose,Audio,307.18,USD,573,4.61,1379,436,CN,23,0
Sony Watches in excellent condition,Minimal wear. Verified authenticity by trusted reseller.,Sony,Watches,301.85,USD,133,4.32,694,608,GB,16,0
Original Gucci Sneakers with full packaging,Purchased from official store. Invoice and original box included.,Gucci,Sneakers,5206.54,USD,180,3.45,18,23,DE,6,1
Verified Bose Handbags listing,Purchased from official store. Invoice and original box included.,Bose,Handbags,383.96,USD,197,4.21,719,391,US,15,0
Verified Louis Vuitton Handbags listing,Minimal wear. Verified authenticity by trusted reseller.,Louis Vuitton,Handbags,2548.36,USD,762,5.0,94,442,CN,34,0
Verified Sony Audio listing,Serial number available. Fast shipping and returns accepted.,Sony,Audio,308.14,USD,269,4.75,600,498,JP,13,0
Louis Vuitton Audio 1:1,"Factory source stock, no box but same quality as original.",Louis Vuitton,Audio,794.39,USD,0,2.86,0,37,TR,12,1
Original Nike Handbags with full packaging,Serial number available. Fast shipping and returns accepted.,Nike,Handbags,121.2,USD,0,4.82,1510,481,AE,0,0
Original Adidas Watches with full packaging,Minimal wear. Verified authenticity by trusted reseller.,Adidas,Watches,103.89,USD,380,3.97,473,68,US,22,0
Verified Nike Cameras listing,Minimal wear. Verified authenticity by trusted reseller.,Nike,Cameras,66.45,USD,66,4.27,1232,153,JP,12,0
Apple Cameras in excellent condition,Serial number available. Fast shipping and returns accepted.,Apple,Cameras,392.61,USD,88,2.82,28,35,CN,4,1
Original Canon Cameras with full packaging,Minimal wear. Verified authenticity by trusted reseller.,Canon,Cameras,826.8,USD,780,4.34,526,260,IN,14,0
Sony Sneakers premium wholesale lot deal,"DM for wholesale and better price, limited details.",Sony,Sneakers,710.71,USD,255,3.26,0,41,GB,9,1
Nike Watches without receipt,"DM for wholesale and better price, limited details.",Nike,Watches,331.25,USD,50,3.59,0,5,GB,19,1
Verified Rolex Cameras listing,Serial number available. Fast shipping and returns accepted.,Rolex,Cameras,3413.99,USD,0,1.65,44,21,GB,6,1
Original Rolex Audio with full packaging,Minimal wear. Verified authenticity by trusted reseller.,Rolex,Audio,8563.62,USD,817,4.44,476,482,GB,45,0
Louis Vuitton Sneakers copy version,No receipt available. Perfect copy and hard to tell.,Louis Vuitton,Sneakers,1793.12,USD,101,3.28,63,31,GB,12,1
Apple Watches in excellent condition,Minimal wear. Verified authenticity by trusted reseller.,Apple,Watches,789.6,USD,116,4.91,36,214,JP,9,0
Adidas Electronics premium copy version deal,"Factory source stock, no box but same quality as original.",Adidas,Electronics,118.87,USD,316,3.59,730,144,AE,19,0
Apple Electronics in excellent condition,Minimal wear. Verified authenticity by trusted reseller.,Apple,Electronics,127.48,USD,344,2.93,90,1,GB,2,1
Verified Bose Sneakers listing,Purchased from official store. Invoice and original box included.,Bose,Sneakers,278.27,USD,431,4.36,920,28,CN,13,0
Adidas Audio premium authentic style deal,"Factory source stock, no box but same quality as original.",Adidas,Audio,39.44,USD,131,3.13,283,0,TR,7,1
Apple Electronics in excellent condition,Minimal wear. Verified authenticity by trusted reseller.,Apple,Electronics,1735.53,USD,64,5.0,41,32,TR,2,1
Verified Canon Handbags listing,Minimal wear. Verified authenticity by trusted reseller.,Canon,Handbags,933.72,USD,810,5.0,0,237,AE,36,0
Apple Audio in excellent condition,Purchased from official store. Invoice and original box included.,Apple,Audio,1028.18,USD,1079,4.44,258,0,TR,30,0
Verified Canon Audio listing,Minimal wear. Verified authenticity by trusted reseller.,Canon,Audio,1255.36,USD,775,4.09,499,585,AE,10,0
Rolex Electronics in excellent condition,Purchased from official store. Invoice and original box included.,Rolex,Electronics,8915.97,USD,516,3.91,972,283,JP,16,0
Verified Bose Handbags listing,Minimal wear. Verified authenticity by trusted reseller.,Bose,Handbags,291.87,USD,161,3.77,1422,0,US,17,0
Original Canon Electronics with full packaging,Minimal wear. Verified authenticity by trusted reseller.,Canon,Electronics,646.36,USD,356,4.45,417,360,GB,10,0
Original Adidas Sneakers with full packaging,Serial number available. Fast shipping and returns accepted.,Adidas,Sneakers,75.52,USD,465,4.78,78,27,AE,33,0
Original Louis Vuitton Cameras with full packaging,Minimal wear. Verified authenticity by trusted reseller.,Louis Vuitton,Cameras,1492.46,USD,308,4.09,453,135,GB,24,0
Verified Rolex Handbags listing,Minimal wear. Verified authenticity by trusted reseller.,Rolex,Handbags,10705.6,USD,1196,4.66,74,267,CN,9,0
Bose Watches premium discounted luxury deal,"Factory source stock, no box but same quality as original.",Bose,Watches,320.53,USD,29,3.1,0,37,DE,5,1
Verified Apple Handbags listing,Minimal wear. Verified authenticity by trusted reseller.,Apple,Handbags,892.68,USD,922,3.72,1085,256,TR,35,0
Adidas Handbags premium wholesale lot deal,"Factory source stock, no box but same quality as original.",Adidas,Handbags,39.2,USD,175,2.57,27,13,IN,0,1
Verified Sony Handbags listing,Purchased from official store. Invoice and original box included.,Sony,Handbags,409.48,USD,729,4.3,660,0,DE,9,0
Bose Sneakers in excellent condition,Serial number available. Fast shipping and returns accepted.,Bose,Sneakers,290.81,USD,164,4.85,689,365,GB,22,0
Verified Nike Sneakers listing,Minimal wear. Verified authenticity by trusted reseller.,Nike,Sneakers,401.38,USD,113,2.52,0,20,TR,0,1
Verified Bose Watches listing,Minimal wear. Verified authenticity by trusted reseller.,Bose,Watches,336.88,USD,1205,5.0,924,187,IN,19,0
Verified Louis Vuitton Handbags listing,Minimal wear. Verified authenticity by trusted reseller.,Louis Vuitton,Handbags,2030.67,USD,860,4.11,1121,0,CN,4,0
Original Louis Vuitton Electronics with full packaging,Serial number available. Fast shipping and returns accepted.,Louis Vuitton,Electronics,2129.03,USD,370,4.45,670,562,US,10,0
Verified Rolex Audio listing,Purchased from official store. Invoice and original box included.,Rolex,Audio,9586.17,USD,64,4.9,674,403,IN,36,0
Louis Vuitton Watches in excellent condition,Minimal wear. Verified authenticity by trusted reseller.,Louis Vuitton,Watches,1749.13,USD,423,3.88,680,302,IN,7,0
Samsung Sneakers no box,No receipt available. Perfect copy and hard to tell.,Samsung,Sneakers,319.42,USD,0,2.62,263,22,CN,19,1
Verified Samsung Watches listing,Serial number available. Fast shipping and returns accepted.,Samsung,Watches,425.67,USD,0,3.41,0,10,TR,11,1
Original Sony Electronics with full packaging,Purchased from official store. Invoice and original box included.,Sony,Electronics,127.84,USD,0,2.2,6,0,CN,3,1
Original Adidas Audio with full packaging,Minimal wear. Verified authenticity by trusted reseller.,Adidas,Audio,99.93,USD,953,4.54,249,642,TR,24,0
Samsung Audio premium 1:1 deal,"Factory source stock, no box but same quality as original.",Samsung,Audio,621.13,USD,48,2.98,82,48,JP,0,1
Original Canon Electronics with full packaging,Minimal wear. Verified authenticity by trusted reseller.,Canon,Electronics,694.71,USD,0,4.06,399,277,US,45,0
Canon Watches in excellent condition,Minimal wear. Verified authenticity by trusted reseller.,Canon,Watches,1031.27,USD,854,4.73,1143,646,CN,17,0
Verified Rolex Watches listing,Minimal wear. Verified authenticity by trusted reseller.,Rolex,Watches,1880.03,USD,0,4.16,182,7,GB,12,1
Rolex Electronics without receipt,"Factory source stock, no box but same quality as original.",Rolex,Electronics,8697.84,USD,131,3.23,149,7,IN,23,1
Sony Watches premium factory surplus deal,No receipt available. Perfect copy and hard to tell.,Sony,Watches,237.84,USD,27,3.6,0,23,JP,10,1
Apple Watches in excellent condition,Minimal wear. Verified authenticity by trusted reseller.,Apple,Watches,952.48,USD,1020,4.17,558,259,US,16,0
Bose Watches in excellent condition,Minimal wear. Verified authenticity by trusted reseller.,Bose,Watches,51.44,USD,12,2.66,59,14,TR,12,1
Luxury Bose dm for more item,"DM for wholesale and better price, limited details.",Bose,Audio,127.42,USD,98,3.69,56,64,CN,24,1
Nike Watches premium discounted luxury deal,No receipt available. Perfect copy and hard to tell.,Nike,Watches,68.05,USD,96,3.64,0,23,JP,1,1
Gucci Audio in excellent condition,Minimal wear. Verified authenticity by trusted reseller.,Gucci,Audio,2331.36,USD,250,4.56,307,437,CN,6,0
Verified Louis Vuitton Cameras listing,Minimal wear. Verified authenticity by trusted reseller.,Louis Vuitton,Cameras,1081.72,USD,396,4.01,999,333,GB,7,0
Rolex Electronics in excellent condition,Purchased from official store. Invoice and original box included.,Rolex,Electronics,1714.79,USD,153,2.62,42,18,TR,19,1
Verified Louis Vuitton Audio listing,Minimal wear. Verified authenticity by trusted reseller.,Louis Vuitton,Audio,2310.08,USD,354,4.37,1030,162,US,21,0
Canon Audio premium 1:1 deal,"DM for wholesale and better price, limited details.",Canon,Audio,464.38,USD,54,3.24,29,0,DE,8,1
Luxury Bose wholesale lot item,"Factory source stock, no box but same quality as original.",Bose,Audio,74.91,USD,0,3.71,119,13,TR,0,1
Samsung Sneakers in excellent condition,Serial number available. Fast shipping and returns accepted.,Samsung,Sneakers,346.53,USD,880,3.82,0,184,TR,42,0
Verified Samsung Audio listing,Minimal wear. Verified authenticity by trusted reseller.,Samsung,Audio,538.34,USD,607,4.2,52,310,GB,18,0
Gucci Watches in excellent condition,Purchased from official store. Invoice and original box included.,Gucci,Watches,889.64,USD,45,1.99,284,16,CN,1,1
Bose Audio replica,"DM for wholesale and better price, limited details.",Bose,Audio,158.1,USD,0,2.73,175,0,US,5,1
Original Bose Audio with full packaging,Minimal wear. Verified authenticity by trusted reseller.,Bose,Audio,153.48,USD,928,3.84,30,265,JP,33,0
Original Samsung Electronics with full packaging,Minimal wear. Verified authenticity by trusted reseller.,Samsung,Electronics,626.4,USD,606,4.32,336,427,CN,23,0
Verified Adidas Audio listing,Serial number available. Fast shipping and returns accepted.,Adidas,Audio,55.35,USD,226,3.92,486,505,TR,22,0
Original Rolex Electronics with full packaging,Purchased from official store. Invoice and original box included.,Rolex,Electronics,1272.97,USD,68,3.34,176,0,AE,0,1
Luxury Canon authentic style item,"Factory source stock, no box but same quality as original.",Canon,Audio,304.16,USD,197,3.93,67,46,TR,0,1
Original Louis Vuitton Cameras with full packaging,Minimal wear. Verified authenticity by trusted reseller.,Louis Vuitton,Cameras,1446.22,USD,689,4.26,216,489,DE,33,0
Nike Watches premium replica deal,"DM for wholesale and better price, limited details.",Nike,Watches,39.73,USD,122,3.58,140,0,US,14,1
Louis Vuitton Electronics in excellent condition,Purchased from official store. Invoice and original box included.,Louis Vuitton,Electronics,956.01,USD,953,3.46,446,386,IN,25,0
Bose Electronics in excellent condition,Serial number available. Fast shipping and returns accepted.,Bose,Electronics,340.7,USD,838,4.29,752,141,GB,23,0
Luxury Bose replica item,"DM for wholesale and better price, limited details.",Bose,Sneakers,525.42,USD,145,3.14,0,6,CN,7,1
Original Bose Sneakers with full packaging,Serial number available. Fast shipping and returns accepted.,Bose,Sneakers,181.69,USD,711,4.36,1011,395,US,32,0
Rolex Cameras in excellent condition,Purchased from official store. Invoice and original box included.,Rolex,Cameras,6930.71,USD,811,4.93,484,206,JP,39,0
Bose Watches in excellent condition,Minimal wear. Verified authenticity by trusted reseller.,Bose,Watches,67.92,USD,0,2.96,5,11,US,0,1
Original Louis Vuitton Sneakers with full packaging,Minimal wear. Verified authenticity by trusted reseller.,Louis Vuitton,Sneakers,161.06,USD,167,2.63,164,16,TR,7,1
Luxury Gucci mirror quality item,"DM for wholesale and better price, limited details.",Gucci,Audio,925.45,USD,143,4.83,11,44,GB,6,1
Luxury Nike looks original item,"Factory source stock, no box but same quality as original.",Nike,Audio,42.18,USD,0,2.84,138,56,AE,7,1
Adidas Watches premium no box deal,"DM for wholesale and better price, limited details.",Adidas,Watches,99.39,USD,475,4.24,408,177,US,33,0
Verified Adidas Watches listing,Purchased from official store. Invoice and original box included.,Adidas,Watches,72.13,USD,519,4.29,549,255,CN,22,0
Verified Samsung Sneakers listing,Minimal wear. Verified authenticity by trusted reseller.,Samsung,Sneakers,678.02,USD,0,5.0,973,247,CN,17,0
Sony Electronics in excellent condition,Serial number available. Fast shipping and returns accepted.,Sony,Electronics,193.39,USD,20,4.71,1103,157,IN,30,0
Original Sony Audio with full packaging,Purchased from official store. Invoice and original box included.,Sony,Audio,193.67,USD,506,4.2,422,306,TR,13,0
Original Rolex Cameras with full packaging,Serial number available. Fast shipping and returns accepted.,Rolex,Cameras,7768.83,USD,0,3.22,117,10,AE,0,1
Canon Audio mirror quality,"Factory source stock, no box but same quality as original.",Canon,Audio,180.16,USD,116,4.39,66,17,GB,17,1
Verified Gucci Cameras listing,Purchased from official store. Invoice and original box included.,Gucci,Cameras,891.93,USD,0,2.73,12,0,IN,8,1
Samsung Handbags no box,"DM for wholesale and better price, limited details.",Samsung,Handbags,400.37,USD,7,3.45,79,59,JP,0,1
Sony Cameras no box,"Factory source stock, no box but same quality as original.",Sony,Cameras,128.75,USD,40,3.88,219,31,JP,6,1
Rolex Watches in excellent condition,Purchased from official store. Invoice and original box included.,Rolex,Watches,4569.48,USD,0,3.6,0,0,GB,0,1
Nike Cameras in excellent condition,Minimal wear. Verified authenticity by trusted reseller.,Nike,Cameras,100.39,USD,0,3.76,44,274,US,18,0
Luxury Sony copy version item,"Factory source stock, no box but same quality as original.",Sony,Handbags,39.13,USD,62,2.23,169,39,IN,0,1
Verified Louis Vuitton Audio listing,Purchased from official store. Invoice and original box included.,Louis Vuitton,Audio,1594.22,USD,345,4.36,936,412,US,18,0
Verified Canon Electronics listing,Serial number available. Fast shipping and returns accepted.,Canon,Electronics,517.06,USD,198,3.88,1048,124,TR,23,0
Louis Vuitton Electronics premium dm for more deal,"Factory source stock, no box but same quality as original.",Louis Vuitton,Electronics,400.69,USD,151,2.61,16,32,US,2,1
Apple Cameras in excellent condition,Serial number available. Fast shipping and returns accepted.,Apple,Cameras,1393.37,USD,667,3.9,175,360,AE,26,0
Bose Handbags factory surplus,"Factory source stock, no box but same quality as original.",Bose,Handbags,17.06,USD,146,3.37,0,0,IN,7,1
Original Bose Handbags with full packaging,Purchased from official store. Invoice and original box included.,Bose,Handbags,255.99,USD,233,4.73,905,65,TR,26,0
Samsung Handbags in excellent condition,Minimal wear. Verified authenticity by trusted reseller.,Samsung,Handbags,381.94,USD,228,3.91,903,393,DE,24,0
Original Bose Cameras with full packaging,Purchased from official store. Invoice and original box included.,Bose,Cameras,52.7,USD,244,2.91,136,19,TR,8,1
Gucci Watches in excellent condition,Serial number available. Fast shipping and returns accepted.,Gucci,Watches,988.85,USD,1072,4.97,999,112,US,18,0
Verified Louis Vuitton Electronics listing,Minimal wear. Verified authenticity by trusted reseller.,Louis Vuitton,Electronics,1831.99,USD,1172,3.61,12,411,AE,1,0
Sony Handbags in excellent condition,Serial number available. Fast shipping and returns accepted.,Sony,Handbags,401.03,USD,271,4.58,817,527,GB,37,0
Luxury Louis Vuitton copy version item,No receipt available. Perfect copy and hard to tell.,Louis Vuitton,Sneakers,483.89,USD,141,2.84,0,25,IN,0,1
Verified Samsung Handbags listing,Serial number available. Fast shipping and returns accepted.,Samsung,Handbags,416.6,USD,1123,4.65,445,360,AE,27,0
Verified Apple Electronics listing,Purchased from official store. Invoice and original box included.,Apple,Electronics,248.7,USD,65,3.1,83,64,DE,5,1
Original Adidas Handbags with full packaging,Minimal wear. Verified authenticity by trusted reseller.,Adidas,Handbags,90.23,USD,1089,4.34,924,515,IN,19,0
Verified Nike Electronics listing,Purchased from official store. Invoice and original box included.,Nike,Electronics,135.7,USD,547,4.64,874,243,DE,15,0
Original Samsung Electronics with full packaging,Purchased from official store. Invoice and original box included.,Samsung,Electronics,727.85,USD,976,4.11,186,295,GB,0,0
Verified Louis Vuitton Handbags listing,Serial number available. Fast shipping and returns accepted.,Louis Vuitton,Handbags,704.54,USD,0,4.32,81,58,CN,5,1
Original Bose Cameras with full packaging,Minimal wear. Verified authenticity by trusted reseller.,Bose,Cameras,117.3,USD,112,4.56,1286,44,IN,17,0
Luxury Gucci factory surplus item,No receipt available. Perfect copy and hard to tell.,Gucci,Watches,963.87,USD,581,4.72,801,239,CN,1,0
Nike Watches in excellent condition,Purchased from official store. Invoice and original box included.,Nike,Watches,126.38,USD,275,4.72,915,380,IN,41,0
Luxury Canon replica item,No receipt available. Perfect copy and hard to tell.,Canon,Sneakers,394.83,USD,141,1.64,276,19,GB,0,1
Adidas Audio premium 1:1 deal,"Factory source stock, no box but same quality as original.",Adidas,Audio,23.16,USD,61,4.26,115,24,JP,0,1
Rolex Cameras in excellent condition,Purchased from official store. Invoice and original box included.,Rolex,Cameras,8528.35,USD,285,4.05,450,318,DE,6,0
Original Apple Sneakers with full packaging,Serial number available. Fast shipping and returns accepted.,Apple,Sneakers,294.45,USD,71,2.43,267,0,CN,2,1
Canon Electronics in excellent condition,Minimal wear. Verified authenticity by trusted reseller.,Canon,Electronics,987.67,USD,1211,4.61,1086,312,IN,13,0
Luxury Bose wholesale lot item,"Factory source stock, no box but same quality as original.",Bose,Electronics,166.83,USD,1113,4.31,748,399,AE,14,0
Original Sony Audio with full packaging,Serial number available. Fast shipping and returns accepted.,Sony,Audio,204.59,USD,626,4.17,0,269,AE,20,0
Gucci Handbags factory surplus,"DM for wholesale and better price, limited details.",Gucci,Handbags,675.52,USD,66,3.31,103,10,DE,8,1
Verified Samsung Handbags listing,Serial number available. Fast shipping and returns accepted.,Samsung,Handbags,641.7,USD,656,4.64,598,252,IN,23,0
Original Adidas Sneakers with full packaging,Minimal wear. Verified authenticity by trusted reseller.,Adidas,Sneakers,67.54,USD,212,4.66,697,93,JP,14,0
Luxury Apple replica item,"Factory source stock, no box but same quality as original.",Apple,Audio,339.96,USD,150,3.09,200,0,TR,5,1
Original Rolex Watches with full packaging,Serial number available. Fast shipping and returns accepted.,Rolex,Watches,13111.77,USD,455,4.78,1234,508,JP,25,0
Verified Adidas Sneakers listing,Minimal wear. Verified authenticity by trusted reseller.,Adidas,Sneakers,93.13,USD,920,4.44,1042,436,CN,29,0
Original Adidas Cameras with full packaging,Serial number available. Fast shipping and returns accepted.,Adidas,Cameras,82.67,USD,990,4.03,523,61,JP,43,0
Verified Nike Watches listing,Serial number available. Fast shipping and returns accepted.,Nike,Watches,163.86,USD,734,4.2,783,302,IN,30,0
Original Adidas Cameras with full packaging,Purchased from official store. Invoice and original box included.,Adidas,Cameras,52.75,USD,418,3.72,0,69,DE,10,0
Apple Audio premium factory surplus deal,"Factory source stock, no box but same quality as original.",Apple,Audio,278.76,USD,57,3.83,0,10,DE,9,1
Sony Cameras mirror quality,No receipt available. Perfect copy and hard to tell.,Sony,Cameras,323.81,USD,90,3.77,48,26,IN,18,1
Original Rolex Handbags with full packaging,Serial number available. Fast shipping and returns accepted.,Rolex,Handbags,7149.19,USD,1212,4.64,803,219,IN,7,0
Apple Handbags in excellent condition,Serial number available. Fast shipping and returns accepted.,Apple,Handbags,980.18,USD,676,4.68,549,466,TR,22,0
Original Nike Audio with full packaging,Serial number available. Fast shipping and returns accepted.,Nike,Audio,106.83,USD,814,4.8,1135,0,US,13,0
Original Nike Cameras with full packaging,Purchased from official store. Invoice and original box included.,Nike,Cameras,168.02,USD,1126,4.24,1149,79,US,11,0
Verified Rolex Electronics listing,Minimal wear. Verified authenticity by trusted reseller.,Rolex,Electronics,10140.06,USD,385,4.1,368,0,JP,16,0
Sony Electronics in excellent condition,Minimal wear. Verified authenticity by trusted reseller.,Sony,Electronics,251.28,USD,624,3.56,0,249,US,15,0
Luxury Canon copy version item,"Factory source stock, no box but same quality as original.",Canon,Audio,488.64,USD,18,2.15,68,13,JP,3,1
Samsung Sneakers in excellent condition,Minimal wear. Verified authenticity by trusted reseller.,Samsung,Sneakers,610.86,USD,726,3.7,1075,0,TR,31,0
Verified Samsung Sneakers listing,Purchased from official store. Invoice and original box included.,Samsung,Sneakers,1039.05,USD,253,5.0,807,266,TR,27,0
Luxury Rolex without receipt item,"Factory source stock, no box but same quality as original.",Rolex,Sneakers,14284.82,USD,3,3.22,0,18,DE,18,1
Samsung Sneakers no box,"DM for wholesale and better price, limited details.",Samsung,Sneakers,203.65,USD,250,4.55,98,17,AE,14,1
Verified Apple Sneakers listing,Minimal wear. Verified authenticity by trusted reseller.,Apple,Sneakers,1004.86,USD,451,4.08,1289,141,GB,7,0
Luxury Louis Vuitton looks original item,"Factory source stock, no box but same quality as original.",Louis Vuitton,Electronics,79.88,USD,0,3.17,93,65,IN,17,1
Luxury Rolex inspired item,No receipt available. Perfect copy and hard to tell.,Rolex,Sneakers,11996.77,USD,1830,3.85,813,122,CN,15,0
Original Apple Electronics with full packaging,Minimal wear. Verified authenticity by trusted reseller.,Apple,Electronics,575.08,USD,329,4.19,617,299,IN,46,0
Rolex Audio premium looks original deal,"DM for wholesale and better price, limited details.",Rolex,Audio,3724.09,USD,0,2.83,0,28,IN,0,1
Verified Adidas Audio listing,Purchased from official store. Invoice and original box included.,Adidas,Audio,78.04,USD,978,4.78,67,54,IN,52,0
Adidas Handbags in excellent condition,Minimal wear. Verified authenticity by trusted reseller.,Adidas,Handbags,112.65,USD,669,4.15,1357,63,TR,18,0
Verified Louis Vuitton Sneakers listing,Purchased from official store. Invoice and original box included.,Louis Vuitton,Sneakers,1433.86,USD,867,4.45,615,408,AE,27,0
Verified Nike Cameras listing,Minimal wear. Verified authenticity by trusted reseller.,Nike,Cameras,112.19,USD,445,4.79,485,482,IN,6,0
Original Canon Watches with full packaging,Minimal wear. Verified authenticity by trusted reseller.,Canon,Watches,443.69,USD,883,4.2,922,10,AE,36,0
Nike Sneakers in excellent condition,Purchased from official store. Invoice and original box included.,Nike,Sneakers,169.85,USD,326,4.63,627,250,DE,14,0
Apple Watches in excellent condition,Purchased from official store. Invoice and original box included.,Apple,Watches,1030.98,USD,643,4.55,472,285,TR,28,0
Original Sony Audio with full packaging,Purchased from official store. Invoice and original box included.,Sony,Audio,99.0,USD,70,4.54,198,55,AE,7,1
Rolex Audio in excellent condition,Minimal wear. Verified authenticity by trusted reseller.,Rolex,Audio,7726.77,USD,1175,5.0,986,367,IN,19,0
Original Nike Electronics with full packaging,Minimal wear. Verified authenticity by trusted reseller.,Nike,Electronics,111.36,USD,318,3.85,381,0,TR,47,0
Verified Samsung Cameras listing,Purchased from official store. Invoice and original box included.,Samsung,Cameras,426.57,USD,176,2.76,37,39,GB,3,1
Adidas Sneakers in excellent condition,Minimal wear. Verified authenticity by trusted reseller.,Adidas,Sneakers,84.75,USD,257,4.05,679,221,JP,28,0
Luxury Canon looks original item,No receipt available. Perfect copy and hard to tell.,Canon,Electronics,597.23,USD,202,3.81,299,30,DE,9,1
Canon Cameras in excellent condition,Minimal wear. Verified authenticity by trusted reseller.,Canon,Cameras,1135.19,USD,579,5.0,0,149,AE,22,0
Sony Cameras in excellent condition,Purchased from official store. Invoice and original box included.,Sony,Cameras,567.23,USD,1148,4.33,728,139,TR,15,0
Verified Canon Handbags listing,Serial number available. Fast shipping and returns accepted.,Canon,Handbags,336.81,USD,157,2.93,0,46,AE,4,1
Verified Samsung Audio listing,Serial number available. Fast shipping and returns accepted.,Samsung,Audio,102.51,USD,127,1.86,154,49,AE,0,1
Original Bose Watches with full packaging,Minimal wear. Verified authenticity by trusted reseller.,Bose,Watches,10.0,USD,179,3.22,41,45,CN,19,1
Verified Samsung Electronics listing,Purchased from official store. Invoice and original box included.,Samsung,Electronics,741.93,USD,221,4.2,531,539,CN,0,0
Bose Sneakers in excellent condition,Serial number available. Fast shipping and returns accepted.,Bose,Sneakers,142.36,USD,194,3.76,296,33,JP,5,1
Rolex Handbags premium without receipt deal,"DM for wholesale and better price, limited details.",Rolex,Handbags,8025.83,USD,161,3.6,527,22,DE,22,0
Nike Sneakers in excellent condition,Serial number available. Fast shipping and returns accepted.,Nike,Sneakers,457.86,USD,93,4.6,0,0,AE,0,1
Original Bose Watches with full packaging,Purchased from official store. Invoice and original box included.,Bose,Watches,192.19,USD,53,4.26,565,268,TR,18,0
Original Bose Watches with full packaging,Serial number available. Fast shipping and returns accepted.,Bose,Watches,260.35,USD,0,4.79,0,0,DE,10,0
Luxury Sony 1:1 item,"DM for wholesale and better price, limited details.",Sony,Cameras,134.77,USD,105,3.53,146,4,CN,4,1
Apple Cameras in excellent condition,Purchased from official store. Invoice and original box included.,Apple,Cameras,699.73,USD,543,4.89,0,254,AE,29,0
Samsung Electronics in excellent condition,Minimal wear. Verified authenticity by trusted reseller.,Samsung,Electronics,830.61,USD,0,4.06,321,323,US,28,0
Original Gucci Sneakers with full packaging,Minimal wear. Verified authenticity by trusted reseller.,Gucci,Sneakers,1462.92,USD,0,4.47,824,356,DE,0,0
Samsung Audio dm for more,"DM for wholesale and better price, limited details.",Samsung,Audio,197.25,USD,137,2.93,0,50,TR,1,1
Sony Audio in excellent condition,Serial number available. Fast shipping and returns accepted.,Sony,Audio,275.7,USD,1275,4.34,283,272,CN,44,0
Original Gucci Watches with full packaging,Minimal wear. Verified authenticity by trusted reseller.,Gucci,Watches,1386.51,USD,777,4.9,774,463,US,10,0
Verified Canon Electronics listing,Serial number available. Fast shipping and returns accepted.,Canon,Electronics,724.61,USD,789,4.43,662,701,DE,42,0
Original Louis Vuitton Electronics with full packaging,Minimal wear. Verified authenticity by trusted reseller.,Louis Vuitton,Electronics,1873.99,USD,572,4.32,1046,384,JP,25,0
Canon Audio in excellent condition,Purchased from official store. Invoice and original box included.,Canon,Audio,1198.06,USD,833,4.41,1339,407,CN,13,0
Gucci Handbags in excellent condition,Minimal wear. Verified authenticity by trusted reseller.,Gucci,Handbags,2342.52,USD,424,3.83,445,252,TR,28,0
Original Gucci Handbags with full packaging,Minimal wear. Verified authenticity by trusted reseller.,Gucci,Handbags,837.84,USD,0,5.0,1505,48,US,21,0
Original Adidas Watches with full packaging,Minimal wear. Verified authenticity by trusted reseller.,Adidas,Watches,98.97,USD,798,3.93,1345,294,DE,30,0
Sony Sneakers premium no box deal,No receipt available. Perfect copy and hard to tell.,Sony,Sneakers,875.55,USD,101,2.55,0,37,GB,3,1
Nike Cameras in excellent condition,Serial number available. Fast shipping and returns accepted.,Nike,Cameras,100.63,USD,309,4.47,1212,248,US,21,0
Original Samsung Cameras with full packaging,Serial number available. Fast shipping and returns accepted.,Samsung,Cameras,429.35,USD,163,3.51,114,24,US,4,1
Samsung Watches in excellent condition,Minimal wear. Verified authenticity by trusted reseller.,Samsung,Watches,683.9,USD,793,4.12,1674,607,CN,22,0
Luxury Canon factory surplus item,"DM for wholesale and better price, limited details.",Canon,Electronics,1939.95,USD,12,3.81,78,23,US,1,1
Original Gucci Audio with full packaging,Purchased from official store. Invoice and original box included.,Gucci,Audio,4529.76,USD,53,4.21,0,0,US,6,1
Adidas Watches premium dm for more deal,No receipt available. Perfect copy and hard to tell.,Adidas,Watches,75.43,USD,71,4.07,0,48,IN,14,1
Verified Apple Sneakers listing,Minimal wear. Verified authenticity by trusted reseller.,Apple,Sneakers,510.53,USD,477,4.29,591,11,AE,30,0
Nike Sneakers in excellent condition,Serial number available. Fast shipping and returns accepted.,Nike,Sneakers,99.38,USD,374,4.17,765,332,GB,0,0
Samsung Electronics in excellent condition,Purchased from official store. Invoice and original box included.,Samsung,Electronics,175.43,USD,0,2.88,0,24,IN,0,1
Verified Canon Cameras listing,Serial number available. Fast shipping and returns accepted.,Canon,Cameras,428.37,USD,0,3.64,57,5,AE,8,1
Original Sony Electronics with full packaging,Minimal wear. Verified authenticity by trusted reseller.,Sony,Electronics,518.5,USD,30,5.0,149,84,AE,16,1
Samsung Cameras premium no box deal,No receipt available. Perfect copy and hard to tell.,Samsung,Cameras,302.96,USD,0,3.21,203,1,CN,9,1
Gucci Sneakers in excellent condition,Serial number available. Fast shipping and returns accepted.,Gucci,Sneakers,961.98,USD,265,4.88,209,405,TR,0,0
Verified Louis Vuitton Sneakers listing,Minimal wear. Verified authenticity by trusted reseller.,Louis Vuitton,Sneakers,2413.62,USD,871,4.47,520,35,JP,45,0
Gucci Watches premium factory surplus deal,"DM for wholesale and better price, limited details.",Gucci,Watches,914.55,USD,22,3.93,154,66,AE,3,1
Sony Audio factory surplus,"DM for wholesale and better price, limited details.",Sony,Audio,832.01,USD,0,3.53,286,30,JP,11,0
Louis Vuitton Handbags dm for more,"Factory source stock, no box but same quality as original.",Louis Vuitton,Handbags,5661.6,USD,112,2.98,0,11,DE,9,1
Luxury Bose looks original item,"DM for wholesale and better price, limited details.",Bose,Watches,129.24,USD,154,4.1,78,0,GB,4,1
Original Louis Vuitton Handbags with full packaging,Serial number available. Fast shipping and returns accepted.,Louis Vuitton,Handbags,2065.6,USD,774,4.91,795,396,TR,9,0
Original Adidas Electronics with full packaging,Purchased from official store. Invoice and original box included.,Adidas,Electronics,48.69,USD,984,4.77,661,209,JP,26,0
Verified Nike Watches listing,Minimal wear. Verified authenticity by trusted reseller.,Nike,Watches,363.07,USD,0,3.19,42,6,CN,6,1
Bose Audio in excellent condition,Purchased from official store. Invoice and original box included.,Bose,Audio,193.0,USD,373,3.78,407,0,US,23,0
Samsung Sneakers dm for more,"DM for wholesale and better price, limited details.",Samsung,Sneakers,297.28,USD,0,3.31,0,23,IN,0,1
Samsung Watches in excellent condition,Purchased from official store. Invoice and original box included.,Samsung,Watches,375.39,USD,1100,4.66,411,472,JP,18,0
Rolex Sneakers premium without receipt deal,"Factory source stock, no box but same quality as original.",Rolex,Sneakers,2374.26,USD,0,2.56,153,0,JP,0,1
Verified Rolex Watches listing,Serial number available. Fast shipping and returns accepted.,Rolex,Watches,2160.54,USD,0,4.68,0,8,AE,4,1
Sony Watches replica,"DM for wholesale and better price, limited details.",Sony,Watches,437.2,USD,861,4.87,142,495,TR,21,0
Luxury Samsung discounted luxury item,"DM for wholesale and better price, limited details.",Samsung,Electronics,239.5,USD,0,3.69,108,7,US,11,1
Canon Sneakers in excellent condition,Minimal wear. Verified authenticity by trusted reseller.,Canon,Sneakers,1121.58,USD,725,4.45,967,202,TR,12,0
Verified Apple Audio listing,Purchased from official store. Invoice and original box included.,Apple,Audio,901.19,USD,173,4.18,0,350,JP,20,0
Adidas Electronics premium authentic style deal,"Factory source stock, no box but same quality as original.",Adidas,Electronics,38.64,USD,136,2.59,61,0,DE,12,1
Verified Gucci Handbags listing,Purchased from official store. Invoice and original box included.,Gucci,Handbags,1531.89,USD,392,3.88,821,570,IN,19,0
Sony Sneakers in excellent condition,Minimal wear. Verified authenticity by trusted reseller.,Sony,Sneakers,462.38,USD,615,4.13,714,425,DE,20,1
Gucci Electronics in excellent condition,Serial number available. Fast shipping and returns accepted.,Gucci,Electronics,589.45,USD,130,3.01,195,74,JP,0,1
Verified Sony Sneakers listing,Minimal wear. Verified authenticity by trusted reseller.,Sony,Sneakers,344.12,USD,172,4.18,0,117,DE,18,0
Verified Nike Sneakers listing,Serial number available. Fast shipping and returns accepted.,Nike,Sneakers,163.38,USD,1033,5.0,640,463,GB,25,0
Verified Canon Cameras listing,Minimal wear. Verified authenticity by trusted reseller.,Canon,Cameras,512.85,USD,144,4.69,733,486,DE,21,0
Gucci Audio in excellent condition,Serial number available. Fast shipping and returns accepted.,Gucci,Audio,1397.11,USD,370,4.85,218,119,DE,11,0
Louis Vuitton Watches in excellent condition,Serial number available. Fast shipping and returns accepted.,Louis Vuitton,Watches,1632.27,USD,119,4.82,368,54,CN,22,0
Verified Adidas Cameras listing,Purchased from official store. Invoice and original box included.,Adidas,Cameras,93.95,USD,0,3.86,302,203,GB,21,0
Original Louis Vuitton Watches with full packaging,Purchased from official store. Invoice and original box included.,Louis Vuitton,Watches,2356.56,USD,800,4.34,1206,369,IN,12,0
Luxury Sony mirror quality item,"Factory source stock, no box but same quality as original.",Sony,Electronics,204.03,USD,91,2.61,136,0,JP,6,1
Original Rolex Audio with full packaging,Serial number available. Fast shipping and returns accepted.,Rolex,Audio,11850.35,USD,0,3.92,463,134,GB,25,0
Original Bose Audio with full packaging,Minimal wear. Verified authenticity by trusted reseller.,Bose,Audio,224.7,USD,542,4.44,0,104,JP,17,0
Apple Watches premium mirror quality deal,No receipt available. Perfect copy and hard to tell.,Apple,Watches,162.73,USD,112,2.64,14,0,DE,1,1
Apple Cameras premium discounted luxury deal,No receipt available. Perfect copy and hard to tell.,Apple,Cameras,510.01,USD,121,2.08,113,48,US,1,1
Original Nike Electronics with full packaging,Minimal wear. Verified authenticity by trusted reseller.,Nike,Electronics,92.8,USD,35,2.43,30,58,DE,0,1
Sony Cameras in excellent condition,Serial number available. Fast shipping and returns accepted.,Sony,Cameras,409.42,USD,0,4.44,1177,0,AE,17,0
Verified Samsung Electronics listing,Purchased from official store. Invoice and original box included.,Samsung,Electronics,529.63,USD,0,3.03,196,0,CN,9,1
Original Sony Watches with full packaging,Minimal wear. Verified authenticity by trusted reseller.,Sony,Watches,225.78,USD,0,2.8,192,0,TR,2,1
Canon Watches in excellent condition,Purchased from official store. Invoice and original box included.,Canon,Watches,357.32,USD,0,2.15,69,0,GB,3,1
Verified Sony Cameras listing,Serial number available. Fast shipping and returns accepted.,Sony,Cameras,502.15,USD,884,4.15,853,207,TR,19,0
Verified Bose Handbags listing,Serial number available. Fast shipping and returns accepted.,Bose,Handbags,294.57,USD,851,4.99,1008,46,DE,32,0
Verified Bose Audio listing,Serial number available. Fast shipping and returns accepted.,Bose,Audio,199.68,USD,452,4.98,599,119,IN,11,1
Louis Vuitton Audio in excellent condition,Purchased from official store. Invoice and original box included.,Louis Vuitton,Audio,2152.58,USD,608,4.58,91,348,GB,14,0
Verified Apple Electronics listing,Purchased from official store. Invoice and original box included.,Apple,Electronics,763.26,USD,1077,4.42,625,544,TR,4,0
Luxury Gucci looks original item,No receipt available. Perfect copy and hard to tell.,Gucci,Sneakers,5269.57,USD,98,2.92,70,21,US,0,1
Rolex Cameras in excellent condition,Serial number available. Fast shipping and returns accepted.,Rolex,Cameras,11361.62,USD,606,3.93,1393,187,CN,18,0
Canon Audio inspired,"DM for wholesale and better price, limited details.",Canon,Audio,220.75,USD,83,2.83,147,40,AE,18,1
Samsung Electronics in excellent condition,Purchased from official store. Invoice and original box included.,Samsung,Electronics,937.85,USD,816,3.94,881,514,JP,21,0
Samsung Handbags in excellent condition,Minimal wear. Verified authenticity by trusted reseller.,Samsung,Handbags,419.71,USD,55,3.0,118,40,DE,11,0
Original Sony Watches with full packaging,Serial number available. Fast shipping and returns accepted.,Sony,Watches,332.94,USD,685,4.79,492,467,TR,0,0
Luxury Apple dm for more item,"Factory source stock, no box but same quality as original.",Apple,Audio,505.88,USD,95,2.62,65,0,US,11,1
Original Rolex Audio with full packaging,Purchased from official store. Invoice and original box included.,Rolex,Audio,6188.99,USD,444,4.41,0,99,DE,13,0
Verified Adidas Sneakers listing,Purchased from official store. Invoice and original box included.,Adidas,Sneakers,130.08,USD,263,3.51,1262,0,TR,33,0
Louis Vuitton Audio premium without receipt deal,"DM for wholesale and better price, limited details.",Louis Vuitton,Audio,3567.2,USD,122,3.93,0,45,AE,13,1
Apple Handbags replica,"Factory source stock, no box but same quality as original.",Apple,Handbags,1268.2,USD,40,3.77,82,48,IN,4,1
Adidas Watches in excellent condition,Serial number available. Fast shipping and returns accepted.,Adidas,Watches,110.86,USD,462,4.44,265,376,US,21,0
Original Rolex Sneakers with full packaging,Minimal wear. Verified authenticity by trusted reseller.,Rolex,Sneakers,5348.19,USD,380,4.46,1044,366,DE,49,0
Original Rolex Handbags with full packaging,Serial number available. Fast shipping and returns accepted.,Rolex,Handbags,21130.31,USD,44,3.15,0,39,DE,9,1
Verified Nike Audio listing,Purchased from official store. Invoice and original box included.,Nike,Audio,88.78,USD,252,3.87,239,0,IN,28,0
Original Gucci Cameras with full packaging,Purchased from official store. Invoice and original box included.,Gucci,Cameras,1191.13,USD,375,4.86,279,387,GB,36,0
Verified Samsung Electronics listing,Minimal wear. Verified authenticity by trusted reseller.,Samsung,Electronics,1219.72,USD,235,5.0,467,143,CN,25,0
Apple Audio in excellent condition,Serial number available. Fast shipping and returns accepted.,Apple,Audio,780.53,USD,312,4.32,34,0,JP,37,0
Original Rolex Handbags with full packaging,Minimal wear. Verified authenticity by trusted reseller.,Rolex,Handbags,8402.7,USD,134,3.05,215,8,GB,0,1
Adidas Watches in excellent condition,Minimal wear. Verified authenticity by trusted reseller.,Adidas,Watches,217.97,USD,129,2.8,0,0,GB,3,1
Rolex Audio premium looks original deal,No receipt available. Perfect copy and hard to tell.,Rolex,Audio,6326.23,USD,140,3.51,102,26,CN,8,1
Verified Bose Watches listing,Serial number available. Fast shipping and returns accepted.,Bose,Watches,231.22,USD,395,4.07,821,485,IN,36,0
Apple Watches in excellent condition,Purchased from official store. Invoice and original box included.,Apple,Watches,1114.4,USD,197,2.98,136,0,TR,7,1
Verified Apple Sneakers listing,Minimal wear. Verified authenticity by trusted reseller.,Apple,Sneakers,1117.12,USD,681,3.82,875,413,IN,20,0
Verified Bose Handbags listing,Minimal wear. Verified authenticity by trusted reseller.,Bose,Handbags,345.82,USD,457,3.56,743,0,GB,27,0
Luxury Sony without receipt item,"Factory source stock, no box but same quality as original.",Sony,Audio,245.64,USD,75,2.21,177,10,GB,0,1
Original Sony Handbags with full packaging,Serial number available. Fast shipping and returns accepted.,Sony,Handbags,603.69,USD,819,4.14,618,520,JP,31,0
Original Rolex Watches with full packaging,Purchased from official store. Invoice and original box included.,Rolex,Watches,8118.87,USD,394,4.76,456,177,AE,35,0
Original Samsung Electronics with full packaging,Purchased from official store. Invoice and original box included.,Samsung,Electronics,732.34,USD,576,4.86,185,118,AE,11,0
Original Sony Electronics with full packaging,Minimal wear. Verified authenticity by trusted reseller.,Sony,Electronics,391.44,USD,1240,4.45,258,289,DE,17,0
Canon Sneakers replica,"Factory source stock, no box but same quality as original.",Canon,Sneakers,559.01,USD,72,4.35,169,0,GB,22,1
Original Adidas Audio with full packaging,Purchased from official store. Invoice and original box included.,Adidas,Audio,116.45,USD,1254,4.16,643,393,JP,21,0
Canon Watches premium replica deal,No receipt available. Perfect copy and hard to tell.,Canon,Watches,550.26,USD,80,3.82,42,0,TR,0,1
Verified Gucci Audio listing,Purchased from official store. Invoice and original box included.,Gucci,Audio,1173.69,USD,293,5.0,1040,0,DE,15,0
Nike Cameras in excellent condition,Minimal wear. Verified authenticity by trusted reseller.,Nike,Cameras,119.2,USD,0,4.85,0,257,IN,8,0
Original Samsung Audio with full packaging,Serial number available. Fast shipping and returns accepted.,Samsung,Audio,623.59,USD,1100,4.91,957,191,GB,45,0
Bose Sneakers premium discounted luxury deal,"Factory source stock, no box but same quality as original.",Bose,Sneakers,100.49,USD,57,2.19,174,44,IN,12,1
Verified Apple Sneakers listing,Purchased from official store. Invoice and original box included.,Apple,Sneakers,688.61,USD,237,3.99,415,360,DE,14,0
Luxury Louis Vuitton replica item,"DM for wholesale and better price, limited details.",Louis Vuitton,Electronics,3198.16,USD,42,3.81,86,33,IN,15,1
Verified Rolex Watches listing,Minimal wear. Verified authenticity by trusted reseller.,Rolex,Watches,12376.1,USD,893,4.36,464,420,CN,30,0
Gucci Cameras in excellent condition,Minimal wear. Verified authenticity by trusted reseller.,Gucci,Cameras,1775.37,USD,414,4.92,566,509,TR,27,0
Louis Vuitton Handbags mirror quality,No receipt available. Perfect copy and hard to tell.,Louis Vuitton,Handbags,1117.3,USD,644,3.56,505,329,AE,15,0
Verified Nike Handbags listing,Minimal wear. Verified authenticity by trusted reseller.,Nike,Handbags,50.57,USD,28,3.23,360,50,TR,15,1
Original Samsung Cameras with full packaging,Minimal wear. Verified authenticity by trusted reseller.,Samsung,Cameras,10.0,USD,10,2.86,0,0,JP,0,1
Original Louis Vuitton Electronics with full packaging,Serial number available. Fast shipping and returns accepted.,Louis Vuitton,Electronics,1150.59,USD,114,2.53,0,0,TR,0,1
Louis Vuitton Handbags in excellent condition,Purchased from official store. Invoice and original box included.,Louis Vuitton,Handbags,1719.27,USD,222,4.45,272,263,US,8,0
Louis Vuitton Cameras copy version,No receipt available. Perfect copy and hard to tell.,Louis Vuitton,Cameras,654.32,USD,62,3.06,89,31,DE,8,1
Original Gucci Electronics with full packaging,Minimal wear. Verified authenticity by trusted reseller.,Gucci,Electronics,1556.01,USD,1219,3.74,567,86,DE,29,0
Original Sony Audio with full packaging,Serial number available. Fast shipping and returns accepted.,Sony,Audio,130.31,USD,5,2.19,18,48,JP,6,1
Original Louis Vuitton Electronics with full packaging,Minimal wear. Verified authenticity by trusted reseller.,Louis Vuitton,Electronics,1388.18,USD,744,4.07,959,0,JP,9,0
Original Canon Handbags with full packaging,Purchased from official store. Invoice and original box included.,Canon,Handbags,946.34,USD,285,4.29,997,392,US,21,0
Verified Bose Electronics listing,Serial number available. Fast shipping and returns accepted.,Bose,Electronics,205.93,USD,675,4.25,1168,104,GB,19,0
Original Louis Vuitton Cameras with full packaging,Serial number available. Fast shipping and returns accepted.,Louis Vuitton,Cameras,5992.14,USD,33,4.08,0,0,GB,15,1
Verified Canon Audio listing,Minimal wear. Verified authenticity by trusted reseller.,Canon,Audio,849.6,USD,610,4.37,49,350,GB,29,0
Original Canon Audio with full packaging,Minimal wear. Verified authenticity by trusted reseller.,Canon,Audio,780.67,USD,466,5.0,876,135,US,22,0
Verified Sony Electronics listing,Serial number available. Fast shipping and returns accepted.,Sony,Electronics,82.43,USD,71,2.67,15,4,TR,2,1
Verified Samsung Handbags listing,Minimal wear. Verified authenticity by trusted reseller.,Samsung,Handbags,812.21,USD,790,4.04,199,158,CN,24,0
Verified Bose Handbags listing,Purchased from official store. Invoice and original box included.,Bose,Handbags,389.31,USD,160,4.79,329,164,US,32,0
Adidas Cameras premium mirror quality deal,No receipt available. Perfect copy and hard to tell.,Adidas,Cameras,45.72,USD,10,3.83,63,0,DE,0,1
Canon Sneakers in excellent condition,Minimal wear. Verified authenticity by trusted reseller.,Canon,Sneakers,1083.4,USD,843,4.72,195,540,CN,10,1
Luxury Adidas 1:1 item,No receipt available. Perfect copy and hard to tell.,Adidas,Handbags,214.79,USD,202,2.71,0,18,DE,4,1
Verified Sony Handbags listing,Purchased from official store. Invoice and original box included.,Sony,Handbags,826.94,USD,0,1.88,0,21,IN,16,1
Louis Vuitton Audio mirror quality,"DM for wholesale and better price, limited details.",Louis Vuitton,Audio,623.96,USD,238,3.07,60,0,DE,5,1
Luxury Sony no box item,"Factory source stock, no box but same quality as original.",Sony,Electronics,69.51,USD,175,2.83,27,0,DE,9,1
Verified Rolex Audio listing,Serial number available. Fast shipping and returns accepted.,Rolex,Audio,12036.8,USD,332,3.74,0,581,GB,23,0
Original Apple Watches with full packaging,Serial number available. Fast shipping and returns accepted.,Apple,Watches,667.38,USD,0,4.31,1570,394,JP,48,0
Original Gucci Cameras with full packaging,Purchased from official store. Invoice and original box included.,Gucci,Cameras,1745.08,USD,694,3.57,0,332,TR,39,0
Verified Apple Handbags listing,Serial number available. Fast shipping and returns accepted.,Apple,Handbags,971.74,USD,847,3.78,1441,134,US,18,0
Verified Nike Audio listing,Minimal wear. Verified authenticity by trusted reseller.,Nike,Audio,165.19,USD,806,4.46,701,349,CN,20,0
Original Samsung Handbags with full packaging,Minimal wear. Verified authenticity by trusted reseller.,Samsung,Handbags,333.66,USD,83,5.0,1325,261,TR,41,0
Verified Sony Cameras listing,Minimal wear. Verified authenticity by trusted reseller.,Sony,Cameras,480.74,USD,726,4.65,570,567,JP,36,0
Original Canon Handbags with full packaging,Minimal wear. Verified authenticity by trusted reseller.,Canon,Handbags,882.88,USD,498,4.38,613,715,US,6,0
Verified Apple Sneakers listing,Purchased from official store. Invoice and original box included.,Apple,Sneakers,814.37,USD,594,4.5,409,22,IN,43,0
Samsung Watches in excellent condition,Purchased from official store. Invoice and original box included.,Samsung,Watches,208.41,USD,95,2.23,56,35,US,0,1
Bose Sneakers in excellent condition,Minimal wear. Verified authenticity by trusted reseller.,Bose,Sneakers,305.81,USD,686,4.58,784,542,GB,24,0
Verified Nike Sneakers listing,Minimal wear. Verified authenticity by trusted reseller.,Nike,Sneakers,144.37,USD,567,4.16,161,398,DE,3,0
Nike Cameras premium authentic style deal,"DM for wholesale and better price, limited details.",Nike,Cameras,148.05,USD,86,5.0,200,0,GB,12,1
Verified Sony Handbags listing,Serial number available. Fast shipping and returns accepted.,Sony,Handbags,233.83,USD,153,3.55,0,16,CN,13,1
Original Louis Vuitton Sneakers with full packaging,Serial number available. Fast shipping and returns accepted.,Louis Vuitton,Sneakers,1909.45,USD,979,4.6,547,493,AE,0,0
Apple Handbags in excellent condition,Serial number available. Fast shipping and returns accepted.,Apple,Handbags,1239.25,USD,83,4.68,182,134,JP,14,0
Bose Electronics factory surplus,No receipt available. Perfect copy and hard to tell.,Bose,Electronics,358.24,USD,116,3.06,0,5,TR,18,1
Luxury Rolex copy version item,"Factory source stock, no box but same quality as original.",Rolex,Audio,7926.99,USD,826,4.23,684,278,GB,24,0
Original Apple Sneakers with full packaging,Serial number available. Fast shipping and returns accepted.,Apple,Sneakers,317.54,USD,0,3.33,0,36,US,22,1
Sony Watches in excellent condition,Minimal wear. Verified authenticity by trusted reseller.,Sony,Watches,426.98,USD,513,4.66,137,259,TR,3,0
Verified Adidas Watches listing,Purchased from official store. Invoice and original box included.,Adidas,Watches,76.46,USD,0,4.53,144,427,IN,17,0
Sony Electronics in excellent condition,Minimal wear. Verified authenticity by trusted reseller.,Sony,Electronics,466.39,USD,314,3.73,587,166,JP,16,0
Apple Electronics in excellent condition,Minimal wear. Verified authenticity by trusted reseller.,Apple,Electronics,1259.0,USD,74,4.22,606,594,AE,6,0
Verified Samsung Cameras listing,Minimal wear. Verified authenticity by trusted reseller.,Samsung,Cameras,501.56,USD,740,4.04,1140,231,GB,22,0
Original Samsung Audio with full packaging,Minimal wear. Verified authenticity by trusted reseller.,Samsung,Audio,796.31,USD,995,3.64,1077,700,JP,16,0
Louis Vuitton Audio in excellent condition,Serial number available. Fast shipping and returns accepted.,Louis Vuitton,Audio,1516.26,USD,332,4.66,903,403,TR,22,0
Nike Cameras in excellent condition,Minimal wear. Verified authenticity by trusted reseller.,Nike,Cameras,91.07,USD,1023,4.1,1105,207,IN,24,0
Verified Rolex Watches listing,Minimal wear. Verified authenticity by trusted reseller.,Rolex,Watches,12522.6,USD,307,4.24,305,203,JP,15,0
Verified Sony Electronics listing,Serial number available. Fast shipping and returns accepted.,Sony,Electronics,530.37,USD,815,4.61,1349,309,IN,29,0
Canon Electronics in excellent condition,Serial number available. Fast shipping and returns accepted.,Canon,Electronics,936.25,USD,295,4.17,622,0,US,23,0
Verified Gucci Sneakers listing,Minimal wear. Verified authenticity by trusted reseller.,Gucci,Sneakers,1648.67,USD,562,4.73,697,186,IN,47,0
Canon Watches dm for more,No receipt available. Perfect copy and hard to tell.,Canon,Watches,515.99,USD,94,1.55,72,52,DE,10,1
Sony Cameras mirror quality,No receipt available. Perfect copy and hard to tell.,Sony,Cameras,205.03,USD,190,3.1,114,18,DE,0,1
Apple Watches in excellent condition,Serial number available. Fast shipping and returns accepted.,Apple,Watches,832.62,USD,1148,4.11,542,476,DE,43,0
Verified Bose Sneakers listing,Minimal wear. Verified authenticity by trusted reseller.,Bose,Sneakers,369.68,USD,0,4.07,529,511,JP,2,0
Verified Nike Watches listing,Minimal wear. Verified authenticity by trusted reseller.,Nike,Watches,146.42,USD,354,4.86,0,176,TR,18,0
Samsung Sneakers in excellent condition,Serial number available. Fast shipping and returns accepted.,Samsung,Sneakers,810.45,USD,969,3.78,1373,0,JP,12,0
Apple Audio in excellent condition,Serial number available. Fast shipping and returns accepted.,Apple,Audio,563.6,USD,767,5.0,573,421,DE,10,0
Gucci Watches in excellent condition,Serial number available. Fast shipping and returns accepted.,Gucci,Watches,1152.16,USD,809,4.24,1131,433,JP,24,0
Verified Bose Sneakers listing,Minimal wear. Verified authenticity by trusted reseller.,Bose,Sneakers,225.93,USD,1087,4.37,537,21,TR,35,0
Louis Vuitton Sneakers in excellent condition,Purchased from official store. Invoice and original box included.,Louis Vuitton,Sneakers,558.67,USD,142,3.0,185,32,GB,19,1
Original Bose Handbags with full packaging,Minimal wear. Verified authenticity by trusted reseller.,Bose,Handbags,106.38,USD,480,4.45,136,54,DE,28,0
Original Rolex Watches with full packaging,Serial number available. Fast shipping and returns accepted.,Rolex,Watches,12454.38,USD,861,4.63,583,196,JP,42,0
Louis Vuitton Audio in excellent condition,Minimal wear. Verified authenticity by trusted reseller.,Louis Vuitton,Audio,1647.97,USD,869,3.96,324,319,IN,31,0
Bose Sneakers premium without receipt deal,"Factory source stock, no box but same quality as original.",Bose,Sneakers,94.22,USD,160,3.35,119,29,US,0,1
Canon Watches in excellent condition,Minimal wear. Verified authenticity by trusted reseller.,Canon,Watches,777.41,USD,511,4.41,822,315,AE,31,0
Verified Canon Audio listing,Minimal wear. Verified authenticity by trusted reseller.,Canon,Audio,2414.18,USD,40,3.36,131,13,JP,11,1
Adidas Sneakers in excellent condition,Minimal wear. Verified authenticity by trusted reseller.,Adidas,Sneakers,94.15,USD,886,5.0,17,231,IN,7,0
Sony Watches in excellent condition,Minimal wear. Verified authenticity by trusted reseller.,Sony,Watches,487.0,USD,793,4.41,866,294,AE,20,0
Verified Adidas Watches listing,Serial number available. Fast shipping and returns accepted.,Adidas,Watches,161.31,USD,209,2.22,0,28,US,0,0
Nike Cameras in excellent condition,Purchased from official store. Invoice and original box included.,Nike,Cameras,140.1,USD,612,4.56,275,194,IN,24,0
Original Canon Sneakers with full packaging,Minimal wear. Verified authenticity by trusted reseller.,Canon,Sneakers,876.08,USD,0,3.66,723,208,AE,30,0
Gucci Watches in excellent condition,Purchased from official store. Invoice and original box included.,Gucci,Watches,858.34,USD,330,4.43,517,516,AE,4,0
Rolex Sneakers in excellent condition,Serial number available. Fast shipping and returns accepted.,Rolex,Sneakers,7687.63,USD,9,3.13,40,0,JP,4,1
Original Nike Electronics with full packaging,Purchased from official store. Invoice and original box included.,Nike,Electronics,347.43,USD,39,2.74,209,4,JP,9,1
Bose Electronics in excellent condition,Serial number available. Fast shipping and returns accepted.,Bose,Electronics,330.01,USD,1055,5.0,0,543,JP,24,0
Samsung Handbags in excellent condition,Minimal wear. Verified authenticity by trusted reseller.,Samsung,Handbags,959.58,USD,64,4.21,1111,458,US,19,0
Adidas Watches premium copy version deal,No receipt available. Perfect copy and hard to tell.,Adidas,Watches,111.2,USD,1228,4.15,241,303,AE,29,0
Luxury Rolex without receipt item,"DM for wholesale and better price, limited details.",Rolex,Handbags,3557.06,USD,267,3.83,28,0,DE,16,1
Verified Bose Audio listing,Serial number available. Fast shipping and returns accepted.,Bose,Audio,330.33,USD,987,4.02,123,339,JP,29,0
Verified Bose Electronics listing,Serial number available. Fast shipping and returns accepted.,Bose,Electronics,244.38,USD,31,4.43,660,314,JP,23,0
Luxury Rolex no box item,No receipt available. Perfect copy and hard to tell.,Rolex,Handbags,7195.79,USD,156,2.34,174,52,US,18,1
Verified Gucci Sneakers listing,Purchased from official store. Invoice and original box included.,Gucci,Sneakers,829.28,USD,26,3.1,0,60,TR,0,1
Verified Canon Electronics listing,Purchased from official store. Invoice and original box included.,Canon,Electronics,219.2,USD,43,3.88,209,6,IN,0,1
Sony Watches in excellent condition,Minimal wear. Verified authenticity by trusted reseller.,Sony,Watches,383.39,USD,321,4.43,677,0,TR,0,0
Verified Rolex Watches listing,Purchased from official store. Invoice and original box included.,Rolex,Watches,12938.48,USD,458,4.0,727,41,US,27,0
Original Sony Cameras with full packaging,Minimal wear. Verified authenticity by trusted reseller.,Sony,Cameras,108.66,USD,2,3.15,79,0,US,4,1
Original Sony Electronics with full packaging,Purchased from official store. Invoice and original box included.,Sony,Electronics,500.78,USD,420,5.0,804,310,AE,20,0
Sony Cameras in excellent condition,Serial number available. Fast shipping and returns accepted.,Sony,Cameras,108.35,USD,0,2.41,295,32,AE,9,1
Original Canon Sneakers with full packaging,Minimal wear. Verified authenticity by trusted reseller.,Canon,Sneakers,224.58,USD,90,2.9,0,38,JP,0,1
Verified Nike Audio listing,Minimal wear. Verified authenticity by trusted reseller.,Nike,Audio,96.98,USD,0,4.63,1327,350,AE,0,0
Verified Apple Sneakers listing,Purchased from official store. Invoice and original box included.,Apple,Sneakers,573.03,USD,515,3.9,896,6,AE,18,0
Samsung Watches in excellent condition,Minimal wear. Verified authenticity by trusted reseller.,Samsung,Watches,778.5,USD,289,3.09,961,338,JP,38,0
Verified Louis Vuitton Handbags listing,Serial number available. Fast shipping and returns accepted.,Louis Vuitton,Handbags,318.03,USD,115,2.8,0,0,JP,10,1
Verified Rolex Handbags listing,Serial number available. Fast shipping and returns accepted.,Rolex,Handbags,8802.87,USD,938,3.88,466,421,CN,18,0
Apple Sneakers premium inspired deal,"DM for wholesale and better price, limited details.",Apple,Sneakers,388.49,USD,53,3.67,0,7,GB,9,1
Sony Cameras premium wholesale lot deal,"Factory source stock, no box but same quality as original.",Sony,Cameras,147.48,USD,215,2.74,216,40,AE,0,1
Original Nike Watches with full packaging,Purchased from official store. Invoice and original box included.,Nike,Watches,142.98,USD,330,4.67,564,544,CN,17,0
Verified Nike Sneakers listing,Purchased from official store. Invoice and original box included.,Nike,Sneakers,167.56,USD,399,4.99,1003,222,IN,0,0
Louis Vuitton Watches premium wholesale lot deal,"Factory source stock, no box but same quality as original.",Louis Vuitton,Watches,1170.18,USD,225,2.72,158,39,DE,14,1
Verified Sony Handbags listing,Purchased from official store. Invoice and original box included.,Sony,Handbags,504.71,USD,514,4.82,503,20,CN,26,0
Verified Rolex Sneakers listing,Minimal wear. Verified authenticity by trusted reseller.,Rolex,Sneakers,8971.6,USD,208,3.67,304,214,AE,29,0
Gucci Audio premium wholesale lot deal,"Factory source stock, no box but same quality as original.",Gucci,Audio,650.34,USD,140,2.89,187,26,IN,2,1
Original Sony Handbags with full packaging,Purchased from official store. Invoice and original box included.,Sony,Handbags,416.85,USD,576,4.88,555,0,CN,64,0
Rolex Electronics in excellent condition,Purchased from official store. Invoice and original box included.,Rolex,Electronics,1607.74,USD,98,2.64,0,10,AE,6,1
Verified Adidas Electronics listing,Minimal wear. Verified authenticity by trusted reseller.,Adidas,Electronics,44.71,USD,71,3.08,0,34,CN,5,1
Louis Vuitton Watches in excellent condition,Purchased from official store. Invoice and original box included.,Louis Vuitton,Watches,1106.32,USD,974,4.31,636,322,JP,12,0
Original Nike Sneakers with full packaging,Serial number available. Fast shipping and returns accepted.,Nike,Sneakers,174.64,USD,352,4.52,107,82,AE,35,0
Verified Louis Vuitton Watches listing,Serial number available. Fast shipping and returns accepted.,Louis Vuitton,Watches,2761.51,USD,1115,4.22,123,58,AE,1,0
Luxury Louis Vuitton factory surplus item,"Factory source stock, no box but same quality as original.",Louis Vuitton,Handbags,1237.69,USD,36,4.62,289,14,GB,2,0
Original Apple Electronics with full packaging,Serial number available. Fast shipping and returns accepted.,Apple,Electronics,869.81,USD,827,4.57,0,167,DE,10,0
Verified Apple Cameras listing,Minimal wear. Verified authenticity by trusted reseller.,Apple,Cameras,728.14,USD,927,4.64,1212,71,CN,17,0
Sony Handbags in excellent condition,Minimal wear. Verified authenticity by trusted reseller.,Sony,Handbags,285.62,USD,114,4.49,129,47,IN,4,1
Samsung Cameras in excellent condition,Purchased from official store. Invoice and original box included.,Samsung,Cameras,850.62,USD,747,4.42,522,0,GB,9,0
Original Adidas Sneakers with full packaging,Serial number available. Fast shipping and returns accepted.,Adidas,Sneakers,56.05,USD,131,3.87,246,48,GB,8,1
Verified Samsung Sneakers listing,Minimal wear. Verified authenticity by trusted reseller.,Samsung,Sneakers,379.54,USD,38,4.13,37,0,JP,6,1
Original Adidas Watches with full packaging,Minimal wear. Verified authenticity by trusted reseller.,Adidas,Watches,88.88,USD,387,4.14,799,368,GB,24,0
Verified Canon Electronics listing,Minimal wear. Verified authenticity by trusted reseller.,Canon,Electronics,948.12,USD,459,4.71,1209,83,US,43,0
Samsung Electronics premium dm for more deal,"Factory source stock, no box but same quality as original.",Samsung,Electronics,271.08,USD,142,3.69,27,20,AE,17,1
Apple Handbags premium inspired deal,"DM for wholesale and better price, limited details.",Apple,Handbags,282.41,USD,188,2.78,198,40,GB,5,1
Rolex Cameras premium dm for more deal,"Factory source stock, no box but same quality as original.",Rolex,Cameras,3041.48,USD,176,3.31,0,10,DE,6,1
Verified Gucci Cameras listing,Purchased from official store. Invoice and original box included.,Gucci,Cameras,1416.37,USD,1139,3.97,0,361,DE,26,0
Rolex Handbags copy version,"DM for wholesale and better price, limited details.",Rolex,Handbags,10.0,USD,31,4.36,17,4,TR,5,1
Nike Sneakers premium wholesale lot deal,No receipt available. Perfect copy and hard to tell.,Nike,Sneakers,104.47,USD,960,4.05,680,346,IN,23,0
Original Bose Watches with full packaging,Minimal wear. Verified authenticity by trusted reseller.,Bose,Watches,327.54,USD,751,4.1,1136,467,IN,25,0
Verified Apple Handbags listing,Minimal wear. Verified authenticity by trusted reseller.,Apple,Handbags,713.52,USD,362,4.07,176,369,IN,49,0
Original Rolex Sneakers with full packaging,Serial number available. Fast shipping and returns accepted.,Rolex,Sneakers,5132.9,USD,567,4.33,900,262,IN,20,0
Nike Cameras in excellent condition,Serial number available. Fast shipping and returns accepted.,Nike,Cameras,165.82,USD,697,4.3,725,170,JP,0,0
Apple Sneakers without receipt,"DM for wholesale and better price, limited details.",Apple,Sneakers,796.19,USD,161,4.23,291,319,AE,10,1
Verified Bose Electronics listing,Minimal wear. Verified authenticity by trusted reseller.,Bose,Electronics,317.53,USD,665,4.49,313,10,IN,17,0
Nike Handbags looks original,"Factory source stock, no box but same quality as original.",Nike,Handbags,37.01,USD,40,3.19,193,67,DE,19,1
Verified Bose Sneakers listing,Purchased from official store. Invoice and original box included.,Bose,Sneakers,123.42,USD,19,2.74,0,0,AE,0,1
Verified Louis Vuitton Sneakers listing,Serial number available. Fast shipping and returns accepted.,Louis Vuitton,Sneakers,464.13,USD,0,1.93,5,20,US,0,1
Verified Adidas Handbags listing,Purchased from official store. Invoice and original box included.,Adidas,Handbags,99.88,USD,0,4.52,788,253,DE,32,0
Original Nike Audio with full packaging,Serial number available. Fast shipping and returns accepted.,Nike,Audio,106.79,USD,0,3.81,938,199,CN,16,1
Adidas Cameras in excellent condition,Minimal wear. Verified authenticity by trusted reseller.,Adidas,Cameras,98.21,USD,177,4.52,984,346,AE,0,0
Louis Vuitton Sneakers premium looks original deal,"Factory source stock, no box but same quality as original.",Louis Vuitton,Sneakers,4637.07,USD,173,4.55,0,48,TR,6,1
Verified Samsung Watches listing,Purchased from official store. Invoice and original box included.,Samsung,Watches,483.9,USD,421,3.81,0,311,JP,15,0
Verified Canon Audio listing,Minimal wear. Verified authenticity by trusted reseller.,Canon,Audio,750.79,USD,413,4.39,0,0,GB,26,0
Gucci Electronics 1:1,"Factory source stock, no box but same quality as original.",Gucci,Electronics,1006.19,USD,45,2.8,165,32,AE,5,1
Verified Adidas Cameras listing,Minimal wear. Verified authenticity by trusted reseller.,Adidas,Cameras,110.13,USD,804,4.38,975,284,AE,11,0
Louis Vuitton Cameras in excellent condition,Purchased from official store. Invoice and original box included.,Louis Vuitton,Cameras,1814.54,USD,501,4.48,942,359,DE,18,0
Louis Vuitton Cameras in excellent condition,Purchased from official store. Invoice and original box included.,Louis Vuitton,Cameras,1840.85,USD,186,4.82,371,303,GB,24,0
Gucci Cameras in excellent condition,Purchased from official store. Invoice and original box included.,Gucci,Cameras,649.91,USD,58,2.04,0,49,IN,10,1
Verified Gucci Sneakers listing,Minimal wear. Verified authenticity by trusted reseller.,Gucci,Sneakers,1817.65,USD,692,3.75,598,143,US,25,0
Original Sony Sneakers with full packaging,Minimal wear. Verified authenticity by trusted reseller.,Sony,Sneakers,569.42,USD,214,3.5,615,182,US,19,0
Nike Sneakers in excellent condition,Purchased from official store. Invoice and original box included.,Nike,Sneakers,95.17,USD,1188,4.76,967,228,AE,40,0
Luxury Apple authentic style item,"Factory source stock, no box but same quality as original.",Apple,Sneakers,443.16,USD,29,2.83,140,38,AE,4,1
Louis Vuitton Audio in excellent condition,Minimal wear. Verified authenticity by trusted reseller.,Louis Vuitton,Audio,2163.72,USD,174,4.04,672,183,GB,8,0
Nike Audio in excellent condition,Minimal wear. Verified authenticity by trusted reseller.,Nike,Audio,118.91,USD,233,4.57,446,29,JP,11,0
Luxury Adidas mirror quality item,No receipt available. Perfect copy and hard to tell.,Adidas,Watches,43.64,USD,51,3.4,100,26,JP,7,1
Luxury Canon dm for more item,No receipt available. Perfect copy and hard to tell.,Canon,Cameras,1375.0,USD,16,1.81,292,42,IN,1,1
Nike Watches in excellent condition,Minimal wear. Verified authenticity by trusted reseller.,Nike,Watches,86.79,USD,697,4.29,1098,238,JP,32,0
Original Gucci Sneakers with full packaging,Purchased from official store. Invoice and original box included.,Gucci,Sneakers,1083.49,USD,588,4.92,0,105,DE,15,0
Verified Sony Handbags listing,Purchased from official store. Invoice and original box included.,Sony,Handbags,438.31,USD,500,4.79,55,227,GB,19,0
Original Samsung Electronics with full packaging,Minimal wear. Verified authenticity by trusted reseller.,Samsung,Electronics,288.96,USD,176,3.73,33,6,CN,10,1
Sony Watches premium replica deal,No receipt available. Perfect copy and hard to tell.,Sony,Watches,164.0,USD,9,3.97,96,16,GB,9,1
Verified Sony Cameras listing,Serial number available. Fast shipping and returns accepted.,Sony,Cameras,206.22,USD,377,3.5,633,298,GB,41,0
Gucci Electronics in excellent condition,Purchased from official store. Invoice and original box included.,Gucci,Electronics,1520.77,USD,974,4.56,87,430,DE,17,0
Verified Gucci Electronics listing,Purchased from official store. Invoice and original box included.,Gucci,Electronics,1528.92,USD,543,4.18,788,83,GB,7,0
Original Samsung Watches with full packaging,Purchased from official store. Invoice and original box included.,Samsung,Watches,273.87,USD,200,3.32,0,69,JP,13,1
Verified Gucci Cameras listing,Minimal wear. Verified authenticity by trusted reseller.,Gucci,Cameras,1297.44,USD,0,3.91,504,230,CN,28,0
Original Gucci Handbags with full packaging,Serial number available. Fast shipping and returns accepted.,Gucci,Handbags,2146.65,USD,988,4.27,445,435,CN,45,0
Original Louis Vuitton Electronics with full packaging,Serial number available. Fast shipping and returns accepted.,Louis Vuitton,Electronics,1535.84,USD,416,4.49,1071,166,JP,16,0
Louis Vuitton Sneakers 1:1,"Factory source stock, no box but same quality as original.",Louis Vuitton,Sneakers,583.57,USD,166,3.52,136,0,US,0,1
Louis Vuitton Electronics discounted luxury,"Factory source stock, no box but same quality as original.",Louis Vuitton,Electronics,775.3,USD,0,3.61,137,0,GB,15,1
Nike Cameras premium looks original deal,"Factory source stock, no box but same quality as original.",Nike,Cameras,48.83,USD,107,4.8,0,0,JP,0,1
Original Adidas Cameras with full packaging,Minimal wear. Verified authenticity by trusted reseller.,Adidas,Cameras,109.11,USD,1060,4.54,664,72,AE,28,0
Original Canon Audio with full packaging,Purchased from official store. Invoice and original box included.,Canon,Audio,751.92,USD,0,3.9,603,417,TR,42,0
Sony Handbags in excellent condition,Purchased from official store. Invoice and original box included.,Sony,Handbags,286.75,USD,438,4.94,14,0,DE,25,0
Canon Cameras without receipt,"Factory source stock, no box but same quality as original.",Canon,Cameras,58.95,USD,150,3.81,35,53,TR,14,1
Louis Vuitton Handbags in excellent condition,Minimal wear. Verified authenticity by trusted reseller.,Louis Vuitton,Handbags,1654.81,USD,361,4.4,1037,119,IN,20,0
Canon Cameras premium discounted luxury deal,"DM for wholesale and better price, limited details.",Canon,Cameras,677.04,USD,0,2.02,157,56,DE,5,1
Luxury Canon copy version item,"Factory source stock, no box but same quality as original.",Canon,Sneakers,315.66,USD,103,1.92,180,34,AE,0,0
Adidas Handbags mirror quality,No receipt available. Perfect copy and hard to tell.,Adidas,Handbags,34.1,USD,0,2.74,103,2,AE,5,1
Verified Samsung Cameras listing,Serial number available. Fast shipping and returns accepted.,Samsung,Cameras,685.14,USD,1098,4.11,516,0,TR,26,0
Nike Electronics premium inspired deal,No receipt available. Perfect copy and hard to tell.,Nike,Electronics,115.7,USD,29,4.23,924,220,JP,19,0
Rolex Watches in excellent condition,Minimal wear. Verified authenticity by trusted reseller.,Rolex,Watches,6611.1,USD,90,2.04,164,55,GB,24,1
Verified Adidas Sneakers listing,Serial number available. Fast shipping and returns accepted.,Adidas,Sneakers,86.48,USD,641,4.11,1167,229,US,17,0
Original Sony Cameras with full packaging,Serial number available. Fast shipping and returns accepted.,Sony,Cameras,189.0,USD,111,2.48,0,35,US,17,1
Verified Sony Audio listing,Serial number available. Fast shipping and returns accepted.,Sony,Audio,225.96,USD,323,4.65,948,166,AE,19,0
Verified Bose Sneakers listing,Minimal wear. Verified authenticity by trusted reseller.,Bose,Sneakers,247.83,USD,665,4.54,490,705,JP,19,0
Luxury Samsung without receipt item,"Factory source stock, no box but same quality as original.",Samsung,Electronics,458.99,USD,0,3.03,119,34,DE,7,1
Bose Handbags premium replica deal,"DM for wholesale and better price, limited details.",Bose,Handbags,49.28,USD,0,2.47,144,0,GB,4,1
Canon Watches premium authentic style deal,"DM for wholesale and better price, limited details.",Canon,Watches,558.18,USD,698,4.61,900,331,TR,7,0
Verified Rolex Audio listing,Purchased from official store. Invoice and original box included.,Rolex,Audio,6678.35,USD,75,3.5,0,0,AE,0,1
Adidas Sneakers premium without receipt deal,"Factory source stock, no box but same quality as original.",Adidas,Sneakers,51.33,USD,0,2.9,138,29,JP,0,1
Samsung Sneakers premium authentic style deal,"Factory source stock, no box but same quality as original.",Samsung,Sneakers,499.18,USD,55,4.03,0,21,AE,3,1
Verified Rolex Electronics listing,Serial number available. Fast shipping and returns accepted.,Rolex,Electronics,11410.69,USD,381,4.3,383,0,DE,11,0
Verified Apple Cameras listing,Serial number available. Fast shipping and returns accepted.,Apple,Cameras,846.96,USD,1213,4.23,892,255,JP,55,0
Verified Sony Handbags listing,Serial number available. Fast shipping and returns accepted.,Sony,Handbags,367.66,USD,1131,4.51,691,400,US,26,0
Canon Watches in excellent condition,Purchased from official store. Invoice and original box included.,Canon,Watches,137.22,USD,94,3.34,254,0,CN,2,1
Gucci Electronics in excellent condition,Serial number available. Fast shipping and returns accepted.,Gucci,Electronics,1348.82,USD,688,4.92,779,280,CN,21,0
Luxury Adidas wholesale lot item,No receipt available. Perfect copy and hard to tell.,Adidas,Cameras,118.07,USD,741,5.0,183,398,TR,6,0
Rolex Sneakers in excellent condition,Serial number available. Fast shipping and returns accepted.,Rolex,Sneakers,636.65,USD,55,2.81,0,28,IN,14,1
Sony Audio in excellent condition,Purchased from official store. Invoice and original box included.,Sony,Audio,399.36,USD,480,4.64,460,146,DE,32,0
Original Adidas Watches with full packaging,Minimal wear. Verified authenticity by trusted reseller.,Adidas,Watches,53.31,USD,343,4.56,339,66,DE,12,0
Apple Cameras in excellent condition,Purchased from official store. Invoice and original box included.,Apple,Cameras,1123.9,USD,848,3.88,1055,469,AE,8,0
Verified Bose Handbags listing,Minimal wear. Verified authenticity by trusted reseller.,Bose,Handbags,221.1,USD,474,4.46,727,100,GB,30,0
Verified Gucci Cameras listing,Minimal wear. Verified authenticity by trusted reseller.,Gucci,Cameras,1673.08,USD,764,4.1,146,530,GB,24,0
Original Canon Cameras with full packaging,Serial number available. Fast shipping and returns accepted.,Canon,Cameras,967.31,USD,173,4.4,607,307,GB,23,0
Original Rolex Audio with full packaging,Serial number available. Fast shipping and returns accepted.,Rolex,Audio,13102.33,USD,589,3.88,0,243,TR,25,0
Rolex Electronics in excellent condition,Purchased from official store. Invoice and original box included.,Rolex,Electronics,3789.15,USD,70,3.07,73,3,CN,3,1
Original Sony Electronics with full packaging,Minimal wear. Verified authenticity by trusted reseller.,Sony,Electronics,425.56,USD,157,4.85,1013,184,AE,19,0
Luxury Nike copy version item,No receipt available. Perfect copy and hard to tell.,Nike,Handbags,43.22,USD,49,4.33,174,44,CN,9,1
Original Louis Vuitton Handbags with full packaging,Purchased from official store. Invoice and original box included.,Louis Vuitton,Handbags,2314.93,USD,1128,5.0,763,405,US,25,0
Original Apple Cameras with full packaging,Minimal wear. Verified authenticity by trusted reseller.,Apple,Cameras,934.94,USD,664,4.88,388,216,TR,23,0
Verified Adidas Cameras listing,Purchased from official store. Invoice and original box included.,Adidas,Cameras,12.41,USD,174,3.23,12,0,JP,5,1
Original Sony Electronics with full packaging,Purchased from official store. Invoice and original box included.,Sony,Electronics,732.39,USD,0,3.66,0,19,JP,7,1
Original Adidas Watches with full packaging,Minimal wear. Verified authenticity by trusted reseller.,Adidas,Watches,76.27,USD,512,5.0,0,0,TR,27,0
Original Apple Handbags with full packaging,Minimal wear. Verified authenticity by trusted reseller.,Apple,Handbags,757.85,USD,1028,4.7,717,89,TR,10,0
Verified Samsung Cameras listing,Serial number available. Fast shipping and returns accepted.,Samsung,Cameras,949.24,USD,834,4.1,193,125,GB,6,0
Verified Samsung Electronics listing,Serial number available. Fast shipping and returns accepted.,Samsung,Electronics,530.94,USD,104,3.69,0,7,IN,15,1
Luxury Apple factory surplus item,"Factory source stock, no box but same quality as original.",Apple,Sneakers,182.9,USD,45,3.65,0,12,DE,12,1
Original Apple Electronics with full packaging,Minimal wear. Verified authenticity by trusted reseller.,Apple,Electronics,595.22,USD,282,4.92,702,369,GB,4,0
Verified Nike Watches listing,Purchased from official store. Invoice and original box included.,Nike,Watches,151.24,USD,395,4.04,1102,281,TR,11,0
Samsung Electronics premium dm for more deal,No receipt available. Perfect copy and hard to tell.,Samsung,Electronics,405.92,USD,154,3.78,0,1,AE,17,1
Adidas Watches in excellent condition,Serial number available. Fast shipping and returns accepted.,Adidas,Watches,50.76,USD,0,4.52,0,21,TR,19,1
Verified Bose Watches listing,Minimal wear. Verified authenticity by trusted reseller.,Bose,Watches,107.92,USD,0,3.81,0,0,JP,10,1
Nike Electronics no box,No receipt available. Perfect copy and hard to tell.,Nike,Electronics,32.82,USD,30,3.54,0,0,TR,7,1
Bose Electronics discounted luxury,"Factory source stock, no box but same quality as original.",Bose,Electronics,113.67,USD,11,3.39,132,25,DE,15,1
Original Bose Sneakers with full packaging,Serial number available. Fast shipping and returns accepted.,Bose,Sneakers,177.5,USD,716,4.26,0,336,IN,4,0
Nike Watches premium no box deal,"Factory source stock, no box but same quality as original.",Nike,Watches,23.32,USD,70,3.01,117,24,IN,4,1
Gucci Watches in excellent condition,Serial number available. Fast shipping and returns accepted.,Gucci,Watches,1372.63,USD,477,4.41,426,177,JP,34,0
Gucci Watches in excellent condition,Serial number available. Fast shipping and returns accepted.,Gucci,Watches,1585.31,USD,185,5.0,57,299,CN,40,0
Verified Rolex Audio listing,Minimal wear. Verified authenticity by trusted reseller.,Rolex,Audio,12861.14,USD,243,3.88,794,144,IN,0,0
Luxury Nike inspired item,"Factory source stock, no box but same quality as original.",Nike,Sneakers,96.11,USD,55,3.39,0,17,JP,9,1
Original Gucci Cameras with full packaging,Purchased from official store. Invoice and original box included.,Gucci,Cameras,1662.22,USD,521,4.32,1184,124,GB,44,0
Canon Sneakers premium inspired deal,"Factory source stock, no box but same quality as original.",Canon,Sneakers,442.02,USD,116,2.67,0,88,US,3,1
Original Apple Handbags with full packaging,Serial number available. Fast shipping and returns accepted.,Apple,Handbags,824.92,USD,498,4.32,841,38,AE,22,0
Louis Vuitton Audio premium discounted luxury deal,No receipt available. Perfect copy and hard to tell.,Louis Vuitton,Audio,5196.39,USD,8,3.16,43,9,IN,1,1
Verified Samsung Electronics listing,Minimal wear. Verified authenticity by trusted reseller.,Samsung,Electronics,884.0,USD,93,4.28,943,139,TR,12,0
Louis Vuitton Handbags in excellent condition,Serial number available. Fast shipping and returns accepted.,Louis Vuitton,Handbags,1721.86,USD,141,4.42,583,0,CN,23,0
Original Samsung Electronics with full packaging,Minimal wear. Verified authenticity by trusted reseller.,Samsung,Electronics,499.61,USD,335,4.55,1141,0,AE,19,0
Gucci Watches in excellent condition,Minimal wear. Verified authenticity by trusted reseller.,Gucci,Watches,1650.73,USD,0,4.09,1115,308,IN,7,0
Apple Watches in excellent condition,Purchased from official store. Invoice and original box included.,Apple,Watches,639.16,USD,0,3.59,288,36,IN,1,1
Adidas Watches in excellent condition,Serial number available. Fast shipping and returns accepted.,Adidas,Watches,63.46,USD,170,4.44,1530,99,US,18,0
Original Sony Handbags with full packaging,Serial number available. Fast shipping and returns accepted.,Sony,Handbags,151.53,USD,128,3.39,183,54,GB,9,1
Original Louis Vuitton Sneakers with full packaging,Purchased from official store. Invoice and original box included.,Louis Vuitton,Sneakers,656.61,USD,558,4.12,682,446,DE,22,0
Canon Handbags in excellent condition,Minimal wear. Verified authenticity by trusted reseller.,Canon,Handbags,245.31,USD,0,4.79,106,11,US,16,1
Canon Audio in excellent condition,Serial number available. Fast shipping and returns accepted.,Canon,Audio,1131.7,USD,892,4.08,657,154,GB,12,0
Samsung Sneakers in excellent condition,Serial number available. Fast shipping and returns accepted.,Samsung,Sneakers,550.48,USD,880,4.46,0,311,AE,18,0
Bose Sneakers in excellent condition,Serial number available. Fast shipping and returns accepted.,Bose,Sneakers,80.79,USD,0,2.99,153,6,IN,0,1
Sony Cameras in excellent condition,Serial number available. Fast shipping and returns accepted.,Sony,Cameras,481.9,USD,562,4.13,1047,345,US,12,0
Verified Bose Electronics listing,Purchased from official store. Invoice and original box included.,Bose,Electronics,234.22,USD,781,4.34,535,105,JP,22,0
Apple Cameras authentic style,"DM for wholesale and better price, limited details.",Apple,Cameras,302.89,USD,163,3.38,0,55,GB,12,1
Canon Audio premium 1:1 deal,No receipt available. Perfect copy and hard to tell.,Canon,Audio,450.35,USD,178,3.24,108,33,JP,20,1
Original Gucci Sneakers with full packaging,Serial number available. Fast shipping and returns accepted.,Gucci,Sneakers,1228.82,USD,289,3.95,21,91,CN,19,0
Original Louis Vuitton Sneakers with full packaging,Minimal wear. Verified authenticity by trusted reseller.,Louis Vuitton,Sneakers,2760.14,USD,253,4.24,1150,327,CN,23,0
Original Bose Watches with full packaging,Minimal wear. Verified authenticity by trusted reseller.,Bose,Watches,125.02,USD,79,3.75,73,3,JP,7,1
Verified Sony Electronics listing,Minimal wear. Verified authenticity by trusted reseller.,Sony,Electronics,340.2,USD,851,4.09,1013,470,TR,1,0
Nike Electronics in excellent condition,Serial number available. Fast shipping and returns accepted.,Nike,Electronics,75.2,USD,48,3.33,0,21,TR,10,1
Verified Nike Sneakers listing,Purchased from official store. Invoice and original box included.,Nike,Sneakers,213.62,USD,24,4.53,53,23,DE,6,1
Sony Audio in excellent condition,Serial number available. Fast shipping and returns accepted.,Sony,Audio,290.06,USD,395,4.29,445,0,IN,19,0
Gucci Sneakers without receipt,No receipt available. Perfect copy and hard to tell.,Gucci,Sneakers,295.84,USD,224,2.84,3,0,CN,7,1
Rolex Audio in excellent condition,Minimal wear. Verified authenticity by trusted reseller.,Rolex,Audio,10734.56,USD,0,4.21,672,265,GB,13,0
Original Apple Audio with full packaging,Purchased from official store. Invoice and original box included.,Apple,Audio,1164.22,USD,761,4.59,158,326,IN,7,0
Bose Handbags in excellent condition,Minimal wear. Verified authenticity by trusted reseller.,Bose,Handbags,438.94,USD,0,3.26,74,60,US,12,1
Nike Cameras in excellent condition,Serial number available. Fast shipping and returns accepted.,Nike,Cameras,114.64,USD,507,5.0,1028,84,US,23,0
Verified Nike Electronics listing,Minimal wear. Verified authenticity by trusted reseller.,Nike,Electronics,128.17,USD,83,4.48,1442,0,IN,7,0
Sony Audio in excellent condition,Purchased from official store. Invoice and original box included.,Sony,Audio,54.06,USD,10,2.57,62,18,DE,0,1
Nike Cameras discounted luxury,"Factory source stock, no box but same quality as original.",Nike,Cameras,227.68,USD,55,4.39,288,0,US,7,1
Verified Apple Electronics listing,Serial number available. Fast shipping and returns accepted.,Apple,Electronics,1063.33,USD,638,4.69,624,440,IN,26,0
Gucci Cameras premium discounted luxury deal,"Factory source stock, no box but same quality as original.",Gucci,Cameras,627.51,USD,27,3.97,0,6,AE,14,1
Gucci Handbags 1:1,No receipt available. Perfect copy and hard to tell.,Gucci,Handbags,1720.67,USD,41,4.33,0,9,GB,3,1
Apple Cameras premium mirror quality deal,"DM for wholesale and better price, limited details.",Apple,Cameras,421.56,USD,93,3.74,0,8,DE,5,1
Rolex Electronics wholesale lot,No receipt available. Perfect copy and hard to tell.,Rolex,Electronics,2489.03,USD,28,2.83,359,5,CN,18,1
Sony Watches in excellent condition,Purchased from official store. Invoice and original box included.,Sony,Watches,352.82,USD,467,4.23,578,355,DE,13,0
Luxury Sony copy version item,No receipt available. Perfect copy and hard to tell.,Sony,Electronics,162.82,USD,93,2.52,13,61,JP,12,1
Adidas Audio in excellent condition,Purchased from official store. Invoice and original box included.,Adidas,Audio,48.83,USD,125,3.32,2,27,TR,0,1
Luxury Gucci discounted luxury item,"DM for wholesale and better price, limited details.",Gucci,Electronics,1078.38,USD,281,3.95,656,54,CN,13,0
Verified Apple Electronics listing,Minimal wear. Verified authenticity by trusted reseller.,Apple,Electronics,806.75,USD,234,4.42,0,318,IN,35,0
Rolex Cameras premium looks original deal,"DM for wholesale and better price, limited details.",Rolex,Cameras,8068.23,USD,87,2.26,50,18,AE,22,1
Original Canon Sneakers with full packaging,Purchased from official store. Invoice and original box included.,Canon,Sneakers,886.57,USD,907,3.9,1167,0,IN,47,0
Original Bose Cameras with full packaging,Purchased from official store. Invoice and original box included.,Bose,Cameras,182.69,USD,127,4.39,0,206,DE,34,0
Original Adidas Cameras with full packaging,Purchased from official store. Invoice and original box included.,Adidas,Cameras,54.91,USD,123,4.79,116,0,JP,44,0
Verified Bose Cameras listing,Serial number available. Fast shipping and returns accepted.,Bose,Cameras,309.75,USD,561,4.59,450,62,DE,11,0
Verified Adidas Cameras listing,Minimal wear. Verified authenticity by trusted reseller.,Adidas,Cameras,119.94,USD,14,4.46,505,231,AE,38,0
Verified Sony Watches listing,Minimal wear. Verified authenticity by trusted reseller.,Sony,Watches,318.0,USD,1356,4.71,685,264,GB,25,0
Verified Sony Watches listing,Serial number available. Fast shipping and returns accepted.,Sony,Watches,349.25,USD,1146,3.61,395,32,GB,26,0
Verified Gucci Electronics listing,Purchased from official store. Invoice and original box included.,Gucci,Electronics,1020.88,USD,301,4.43,65,138,US,21,1
Samsung Handbags in excellent condition,Minimal wear. Verified authenticity by trusted reseller.,Samsung,Handbags,90.83,USD,54,4.09,0,14,US,7,1
Nike Handbags in excellent condition,Purchased from official store. Invoice and original box included.,Nike,Handbags,117.47,USD,860,4.48,835,339,JP,32,0
Sony Handbags in excellent condition,Minimal wear. Verified authenticity by trusted reseller.,Sony,Handbags,322.14,USD,868,4.06,484,220,CN,26,0
Louis Vuitton Cameras in excellent condition,Minimal wear. Verified authenticity by trusted reseller.,Louis Vuitton,Cameras,954.81,USD,112,1.79,0,27,US,8,1
Luxury Sony 1:1 item,"DM for wholesale and better price, limited details.",Sony,Electronics,262.46,USD,101,3.59,3,42,GB,8,1
Verified Canon Sneakers listing,Purchased from official store. Invoice and original box included.,Canon,Sneakers,299.73,USD,0,3.73,204,43,JP,24,1
Original Samsung Watches with full packaging,Minimal wear. Verified authenticity by trusted reseller.,Samsung,Watches,755.44,USD,158,4.03,107,167,IN,21,0
Nike Watches in excellent condition,Purchased from official store. Invoice and original box included.,Nike,Watches,132.81,USD,836,4.4,541,252,JP,24,0
Sony Electronics in excellent condition,Serial number available. Fast shipping and returns accepted.,Sony,Electronics,376.24,USD,644,4.19,0,96,AE,39,0
Original Adidas Audio with full packaging,Minimal wear. Verified authenticity by trusted reseller.,Adidas,Audio,71.03,USD,826,3.95,818,266,TR,31,0
Verified Samsung Cameras listing,Serial number available. Fast shipping and returns accepted.,Samsung,Cameras,822.15,USD,557,4.69,1013,261,JP,14,0
Verified Louis Vuitton Electronics listing,Minimal wear. Verified authenticity by trusted reseller.,Louis Vuitton,Electronics,1517.19,USD,0,4.14,462,282,AE,35,0
Verified Apple Electronics listing,Minimal wear. Verified authenticity by trusted reseller.,Apple,Electronics,626.06,USD,594,4.28,955,0,GB,11,0
Nike Handbags in excellent condition,Serial number available. Fast shipping and returns accepted.,Nike,Handbags,135.22,USD,717,4.23,0,207,US,25,0
Verified Gucci Sneakers listing,Purchased from official store. Invoice and original box included.,Gucci,Sneakers,1646.5,USD,0,4.13,883,174,CN,37,0
Original Gucci Electronics with full packaging,Minimal wear. Verified authenticity by trusted reseller.,Gucci,Electronics,1171.99,USD,568,4.82,0,0,AE,36,0
Samsung Sneakers authentic style,"DM for wholesale and better price, limited details.",Samsung,Sneakers,707.4,USD,829,4.95,706,215,TR,0,0
Verified Sony Cameras listing,Minimal wear. Verified authenticity by trusted reseller.,Sony,Cameras,367.25,USD,423,4.04,1049,111,IN,12,0
Samsung Cameras premium without receipt deal,No receipt available. Perfect copy and hard to tell.,Samsung,Cameras,472.85,USD,0,3.11,0,7,US,6,1
Verified Canon Handbags listing,Purchased from official store. Invoice and original box included.,Canon,Handbags,608.83,USD,0,2.97,150,17,CN,0,1
Verified Rolex Sneakers listing,Serial number available. Fast shipping and returns accepted.,Rolex,Sneakers,4820.38,USD,502,4.48,1092,0,DE,8,0
Original Apple Sneakers with full packaging,Purchased from official store. Invoice and original box included.,Apple,Sneakers,1824.89,USD,63,3.49,0,44,CN,10,1
Original Gucci Audio with full packaging,Serial number available. Fast shipping and returns accepted.,Gucci,Audio,10.0,USD,224,3.76,290,52,AE,18,1
Original Nike Sneakers with full packaging,Serial number available. Fast shipping and returns accepted.,Nike,Sneakers,103.51,USD,1244,5.0,1206,237,US,24,0
Verified Sony Handbags listing,Minimal wear. Verified authenticity by trusted reseller.,Sony,Handbags,322.11,USD,850,4.98,1014,440,JP,21,0
Luxury Samsung without receipt item,"DM for wholesale and better price, limited details.",Samsung,Handbags,1532.9,USD,27,3.24,118,41,DE,5,1
Gucci Audio premium no box deal,"DM for wholesale and better price, limited details.",Gucci,Audio,3530.7,USD,191,2.8,126,26,JP,7,1
Original Samsung Electronics with full packaging,Serial number available. Fast shipping and returns accepted.,Samsung,Electronics,776.93,USD,170,3.96,301,429,GB,32,0
Nike Sneakers in excellent condition,Serial number available. Fast shipping and returns accepted.,Nike,Sneakers,70.9,USD,693,3.9,500,183,GB,25,0
Verified Samsung Cameras listing,Minimal wear. Verified authenticity by trusted reseller.,Samsung,Cameras,577.28,USD,932,4.32,254,104,TR,30,0
Original Adidas Audio with full packaging,Minimal wear. Verified authenticity by trusted reseller.,Adidas,Audio,188.65,USD,123,2.76,0,24,IN,6,1
Gucci Watches premium looks original deal,"DM for wholesale and better price, limited details.",Gucci,Watches,1306.27,USD,485,4.86,1176,199,IN,14,0
Luxury Louis Vuitton 1:1 item,No receipt available. Perfect copy and hard to tell.,Louis Vuitton,Cameras,725.67,USD,38,2.63,0,26,IN,0,1
Original Sony Sneakers with full packaging,Purchased from official store. Invoice and original box included.,Sony,Sneakers,366.24,USD,551,4.08,607,93,TR,21,0
Nike Sneakers in excellent condition,Minimal wear. Verified authenticity by trusted reseller.,Nike,Sneakers,160.52,USD,661,4.63,882,505,DE,0,0
Original Nike Handbags with full packaging,Serial number available. Fast shipping and returns accepted.,Nike,Handbags,23.88,USD,0,2.6,0,4,US,8,1
Louis Vuitton Watches in excellent condition,Serial number available. Fast shipping and returns accepted.,Louis Vuitton,Watches,2130.77,USD,71,4.54,764,400,CN,24,0
Rolex Watches in excellent condition,Minimal wear. Verified authenticity by trusted reseller.,Rolex,Watches,9426.38,USD,748,4.22,735,0,AE,13,0
Original Nike Sneakers with full packaging,Minimal wear. Verified authenticity by trusted reseller.,Nike,Sneakers,32.79,USD,24,2.14,130,15,IN,0,1
Samsung Electronics in excellent condition,Purchased from official store. Invoice and original box included.,Samsung,Electronics,981.21,USD,0,4.33,0,0,IN,13,0
Sony Cameras premium factory surplus deal,No receipt available. Perfect copy and hard to tell.,Sony,Cameras,203.98,USD,85,3.1,209,1,TR,9,1
Gucci Watches in excellent condition,Minimal wear. Verified authenticity by trusted reseller.,Gucci,Watches,1055.77,USD,484,4.19,1415,40,IN,23,0
Adidas Cameras 1:1,"DM for wholesale and better price, limited details.",Adidas,Cameras,53.54,USD,37,1.46,142,0,CN,0,1
Canon Cameras in excellent condition,Purchased from official store. Invoice and original box included.,Canon,Cameras,275.33,USD,150,2.67,315,0,US,14,1
Verified Bose Audio listing,Purchased from official store. Invoice and original box included.,Bose,Audio,250.81,USD,288,4.87,116,246,GB,29,0
Canon Watches in excellent condition,Purchased from official store. Invoice and original box included.,Canon,Watches,913.94,USD,498,4.6,178,359,IN,27,0
Verified Nike Audio listing,Purchased from official store. Invoice and original box included.,Nike,Audio,145.03,USD,1146,4.21,385,330,IN,36,0
Apple Handbags in excellent condition,Minimal wear. Verified authenticity by trusted reseller.,Apple,Handbags,714.65,USD,753,4.73,703,549,AE,19,0
Luxury Gucci 1:1 item,No receipt available. Perfect copy and hard to tell.,Gucci,Handbags,482.79,USD,34,2.28,96,27,CN,15,1
Louis Vuitton Watches in excellent condition,Serial number available. Fast shipping and returns accepted.,Louis Vuitton,Watches,1823.79,USD,635,4.57,197,177,TR,40,0
Louis Vuitton Sneakers in excellent condition,Minimal wear. Verified authenticity by trusted reseller.,Louis Vuitton,Sneakers,1773.84,USD,531,4.43,564,225,US,12,0
Original Adidas Electronics with full packaging,Serial number available. Fast shipping and returns accepted.,Adidas,Electronics,38.82,USD,3,2.27,213,33,CN,0,1
Verified Gucci Sneakers listing,Minimal wear. Verified authenticity by trusted reseller.,Gucci,Sneakers,670.46,USD,226,3.35,0,28,JP,8,1
Sony Audio in excellent condition,Serial number available. Fast shipping and returns accepted.,Sony,Audio,374.94,USD,495,4.16,915,135,US,17,0
Original Samsung Electronics with full packaging,Purchased from official store. Invoice and original box included.,Samsung,Electronics,607.02,USD,152,4.26,1082,249,TR,32,0
Verified Rolex Sneakers listing,Purchased from official store. Invoice and original box included.,Rolex,Sneakers,10125.37,USD,313,4.94,591,214,JP,30,0
Luxury Canon authentic style item,"Factory source stock, no box but same quality as original.",Canon,Cameras,1897.26,USD,108,2.68,165,26,IN,4,1
Nike Cameras in excellent condition,Serial number available. Fast shipping and returns accepted.,Nike,Cameras,64.18,USD,922,4.86,479,196,DE,27,0
Rolex Audio in excellent condition,Purchased from official store. Invoice and original box included.,Rolex,Audio,11126.62,USD,0,4.5,176,143,IN,19,0
Bose Handbags in excellent condition,Serial number available. Fast shipping and returns accepted.,Bose,Handbags,172.8,USD,1122,4.71,1364,347,CN,16,0
Verified Bose Handbags listing,Purchased from official store. Invoice and original box included.,Bose,Handbags,250.05,USD,750,5.0,548,438,CN,14,0
Apple Watches in excellent condition,Serial number available. Fast shipping and returns accepted.,Apple,Watches,915.66,USD,488,4.5,193,76,GB,24,0
Verified Gucci Cameras listing,Serial number available. Fast shipping and returns accepted.,Gucci,Cameras,1222.94,USD,362,5.0,492,355,TR,22,0
Luxury Rolex inspired item,"Factory source stock, no box but same quality as original.",Rolex,Audio,5013.66,USD,236,3.42,138,0,CN,14,1
Original Sony Handbags with full packaging,Purchased from official store. Invoice and original box included.,Sony,Handbags,235.47,USD,702,4.5,1119,282,IN,5,0
Verified Bose Handbags listing,Purchased from official store. Invoice and original box included.,Bose,Handbags,252.87,USD,497,4.93,67,497,IN,8,0
Verified Apple Sneakers listing,Minimal wear. Verified authenticity by trusted reseller.,Apple,Sneakers,533.64,USD,887,4.32,443,29,IN,0,0
Verified Gucci Audio listing,Purchased from official store. Invoice and original box included.,Gucci,Audio,1513.28,USD,417,3.58,991,310,US,44,0
Luxury Sony replica item,"Factory source stock, no box but same quality as original.",Sony,Cameras,122.67,USD,33,3.49,0,11,TR,14,1
Louis Vuitton Cameras premium 1:1 deal,No receipt available. Perfect copy and hard to tell.,Louis Vuitton,Cameras,5792.78,USD,103,3.39,13,17,IN,1,1
Apple Watches premium mirror quality deal,"DM for wholesale and better price, limited details.",Apple,Watches,525.89,USD,13,2.94,154,0,AE,8,1
Verified Rolex Sneakers listing,Purchased from official store. Invoice and original box included.,Rolex,Sneakers,8645.12,USD,865,3.58,1384,337,JP,21,0
Verified Sony Handbags listing,Minimal wear. Verified authenticity by trusted reseller.,Sony,Handbags,397.18,USD,300,4.66,1017,30,JP,51,0
Apple Watches premium replica deal,"DM for wholesale and better price, limited details.",Apple,Watches,262.18,USD,275,3.0,175,4,IN,2,1
Verified Louis Vuitton Audio listing,Minimal wear. Verified authenticity by trusted reseller.,Louis Vuitton,Audio,1634.97,USD,281,4.1,383,0,DE,11,1
Nike Audio factory surplus,"Factory source stock, no box but same quality as original.",Nike,Audio,295.28,USD,0,3.52,16,60,JP,4,1
Verified Canon Cameras listing,Purchased from official store. Invoice and original box included.,Canon,Cameras,363.99,USD,185,3.5,118,11,CN,10,1
Luxury Canon wholesale lot item,"DM for wholesale and better price, limited details.",Canon,Electronics,1123.46,USD,467,4.86,575,95,US,30,0
Luxury Samsung 1:1 item,"DM for wholesale and better price, limited details.",Samsung,Electronics,10.0,USD,75,2.88,0,2,IN,2,1
Luxury Sony mirror quality item,No receipt available. Perfect copy and hard to tell.,Sony,Handbags,195.74,USD,151,3.97,206,70,US,3,1
Adidas Electronics looks original,"Factory source stock, no box but same quality as original.",Adidas,Electronics,53.91,USD,148,4.52,71,29,JP,0,1
Verified Samsung Sneakers listing,Purchased from official store. Invoice and original box included.,Samsung,Sneakers,529.36,USD,705,4.14,379,112,TR,13,0
Original Nike Watches with full packaging,Purchased from official store. Invoice and original box included.,Nike,Watches,142.95,USD,893,4.82,1408,0,GB,7,0
Verified Apple Electronics listing,Minimal wear. Verified authenticity by trusted reseller.,Apple,Electronics,635.26,USD,179,4.38,837,0,AE,16,0
Adidas Watches premium copy version deal,No receipt available. Perfect copy and hard to tell.,Adidas,Watches,130.33,USD,45,2.56,33,0,AE,4,1
Verified Canon Watches listing,Serial number available. Fast shipping and returns accepted.,Canon,Watches,1050.4,USD,706,4.32,277,318,GB,30,0
Sony Audio in excellent condition,Serial number available. Fast shipping and returns accepted.,Sony,Audio,1104.32,USD,161,3.29,144,0,AE,3,1
Nike Watches in excellent condition,Serial number available. Fast shipping and returns accepted.,Nike,Watches,22.02,USD,0,3.36,0,112,TR,10,1
Nike Sneakers in excellent condition,Serial number available. Fast shipping and returns accepted.,Nike,Sneakers,51.11,USD,26,2.86,73,21,TR,3,1
Gucci Sneakers in excellent condition,Minimal wear. Verified authenticity by trusted reseller.,Gucci,Sneakers,1624.47,USD,1012,4.57,46,500,US,31,0
Verified Sony Electronics listing,Minimal wear. Verified authenticity by trusted reseller.,Sony,Electronics,404.54,USD,786,4.08,745,489,GB,14,0
Original Samsung Cameras with full packaging,Minimal wear. Verified authenticity by trusted reseller.,Samsung,Cameras,940.72,USD,240,5.0,304,19,AE,8,0
Verified Bose Watches listing,Minimal wear. Verified authenticity by trusted reseller.,Bose,Watches,149.09,USD,53,5.0,43,15,GB,0,1
Verified Bose Watches listing,Serial number available. Fast shipping and returns accepted.,Bose,Watches,235.85,USD,502,4.69,945,358,AE,18,0
Gucci Electronics dm for more,No receipt available. Perfect copy and hard to tell.,Gucci,Electronics,4089.2,USD,0,2.62,0,21,DE,1,1
Original Apple Sneakers with full packaging,Minimal wear. Verified authenticity by trusted reseller.,Apple,Sneakers,697.3,USD,523,4.17,845,397,AE,17,0
Adidas Audio in excellent condition,Serial number available. Fast shipping and returns accepted.,Adidas,Audio,75.97,USD,1107,4.22,1277,134,CN,0,0
Verified Bose Handbags listing,Minimal wear. Verified authenticity by trusted reseller.,Bose,Handbags,215.63,USD,569,4.75,584,356,DE,19,0
Apple Watches premium looks original deal,"Factory source stock, no box but same quality as original.",Apple,Watches,273.54,USD,0,3.19,0,34,JP,6,1
Rolex Cameras premium without receipt deal,No receipt available. Perfect copy and hard to tell.,Rolex,Cameras,22647.79,USD,0,2.43,0,48,IN,3,1
Luxury Sony discounted luxury item,"Factory source stock, no box but same quality as original.",Sony,Audio,286.74,USD,68,3.44,0,32,CN,4,1
Gucci Handbags in excellent condition,Serial number available. Fast shipping and returns accepted.,Gucci,Handbags,1230.74,USD,252,3.62,176,689,JP,29,0
Original Apple Cameras with full packaging,Minimal wear. Verified authenticity by trusted reseller.,Apple,Cameras,871.52,USD,379,4.17,901,242,JP,0,0
Luxury Rolex inspired item,"Factory source stock, no box but same quality as original.",Rolex,Electronics,8900.46,USD,604,4.86,566,40,JP,20,0
Gucci Watches mirror quality,"Factory source stock, no box but same quality as original.",Gucci,Watches,943.66,USD,85,2.3,0,18,US,9,1
Canon Sneakers in excellent condition,Minimal wear. Verified authenticity by trusted reseller.,Canon,Sneakers,839.46,USD,350,4.92,443,313,AE,7,0
Apple Sneakers in excellent condition,Purchased from official store. Invoice and original box included.,Apple,Sneakers,239.92,USD,344,2.95,46,43,CN,1,1
Louis Vuitton Handbags in excellent condition,Purchased from official store. Invoice and original box included.,Louis Vuitton,Handbags,531.42,USD,221,3.53,170,27,DE,20,1
Original Adidas Sneakers with full packaging,Minimal wear. Verified authenticity by trusted reseller.,Adidas,Sneakers,94.01,USD,1111,4.23,957,401,GB,18,0
Original Samsung Watches with full packaging,Serial number available. Fast shipping and returns accepted.,Samsung,Watches,861.18,USD,99,4.1,866,402,DE,41,0
Canon Audio in excellent condition,Purchased from official store. Invoice and original box included.,Canon,Audio,1064.67,USD,1062,4.97,700,362,DE,38,0
Rolex Watches premium replica deal,"Factory source stock, no box but same quality as original.",Rolex,Watches,4498.22,USD,198,3.36,0,58,TR,0,1
Rolex Sneakers without receipt,"DM for wholesale and better price, limited details.",Rolex,Sneakers,4915.54,USD,123,3.5,0,21,CN,0,1
Louis Vuitton Handbags premium mirror quality deal,No receipt available. Perfect copy and hard to tell.,Louis Vuitton,Handbags,1138.5,USD,74,3.33,42,33,IN,2,1
Verified Rolex Cameras listing,Minimal wear. Verified authenticity by trusted reseller.,Rolex,Cameras,10006.11,USD,460,4.16,184,447,GB,16,0
Verified Louis Vuitton Audio listing,Serial number available. Fast shipping and returns accepted.,Louis Vuitton,Audio,550.07,USD,36,2.33,15,18,IN,4,1
Original Canon Electronics with full packaging,Minimal wear. Verified authenticity by trusted reseller.,Canon,Electronics,488.27,USD,1468,4.11,568,0,IN,27,0
Verified Sony Electronics listing,Minimal wear. Verified authenticity by trusted reseller.,Sony,Electronics,783.87,USD,0,2.64,94,0,US,1,1
Original Rolex Watches with full packaging,Purchased from official store. Invoice and original box included.,Rolex,Watches,11398.48,USD,573,4.53,1462,394,CN,18,0
Original Gucci Electronics with full packaging,Minimal wear. Verified authenticity by trusted reseller.,Gucci,Electronics,1387.23,USD,210,5.0,0,117,GB,14,0
Original Louis Vuitton Sneakers with full packaging,Purchased from official store. Invoice and original box included.,Louis Vuitton,Sneakers,1844.6,USD,1120,4.95,935,260,US,17,0
Original Sony Audio with full packaging,Serial number available. Fast shipping and returns accepted.,Sony,Audio,377.25,USD,779,4.5,606,521,TR,0,0
Original Gucci Handbags with full packaging,Serial number available. Fast shipping and returns accepted.,Gucci,Handbags,1444.21,USD,428,3.77,1524,382,US,32,0
Louis Vuitton Electronics no box,"Factory source stock, no box but same quality as original.",Louis Vuitton,Electronics,1232.55,USD,0,2.45,141,3,GB,12,1
Adidas Audio looks original,"Factory source stock, no box but same quality as original.",Adidas,Audio,94.29,USD,120,3.56,176,27,JP,0,1
Verified Nike Sneakers listing,Purchased from official store. Invoice and original box included.,Nike,Sneakers,55.68,USD,271,4.36,462,51,AE,10,0
Verified Rolex Cameras listing,Minimal wear. Verified authenticity by trusted reseller.,Rolex,Cameras,11923.25,USD,1082,4.26,1212,497,CN,23,0
Verified Rolex Cameras listing,Minimal wear. Verified authenticity by trusted reseller.,Rolex,Cameras,13165.21,USD,391,4.15,184,136,CN,7,0
Apple Handbags premium inspired deal,"Factory source stock, no box but same quality as original.",Apple,Handbags,112.65,USD,222,3.56,152,0,US,11,1
Original Sony Cameras with full packaging,Purchased from official store. Invoice and original box included.,Sony,Cameras,484.04,USD,1175,4.15,955,68,JP,24,0
Verified Rolex Electronics listing,Serial number available. Fast shipping and returns accepted.,Rolex,Electronics,7409.4,USD,1187,4.26,188,185,IN,6,0
Luxury Samsung replica item,"Factory source stock, no box but same quality as original.",Samsung,Sneakers,244.63,USD,125,2.48,339,44,JP,5,1
Sony Electronics looks original,"DM for wholesale and better price, limited details.",Sony,Electronics,849.08,USD,260,2.34,84,17,DE,6,1
Verified Adidas Cameras listing,Serial number available. Fast shipping and returns accepted.,Adidas,Cameras,111.33,USD,234,4.27,1202,156,AE,22,0
Original Rolex Electronics with full packaging,Minimal wear. Verified authenticity by trusted reseller.,Rolex,Electronics,11096.41,USD,1090,3.98,507,142,CN,36,0
Samsung Audio mirror quality,No receipt available. Perfect copy and hard to tell.,Samsung,Audio,1715.74,USD,152,1.98,79,16,DE,12,1
Verified Samsung Audio listing,Minimal wear. Verified authenticity by trusted reseller.,Samsung,Audio,1225.08,USD,603,4.13,529,175,TR,34,0
Original Gucci Watches with full packaging,Purchased from official store. Invoice and original box included.,Gucci,Watches,1318.99,USD,256,4.32,357,0,IN,16,0
Original Nike Handbags with full packaging,Purchased from official store. Invoice and original box included.,Nike,Handbags,87.44,USD,139,2.11,235,62,DE,7,1
Verified Nike Cameras listing,Minimal wear. Verified authenticity by trusted reseller.,Nike,Cameras,108.74,USD,1084,3.98,0,0,IN,21,0
Apple Watches premium 1:1 deal,No receipt available. Perfect copy and hard to tell.,Apple,Watches,503.58,USD,637,4.78,993,104,JP,6,0
Adidas Cameras looks original,"Factory source stock, no box but same quality as original.",Adidas,Cameras,52.84,USD,141,3.82,116,21,US,11,1
Louis Vuitton Handbags replica,No receipt available. Perfect copy and hard to tell.,Louis Vuitton,Handbags,429.69,USD,153,4.38,69,0,TR,7,1
Sony Cameras in excellent condition,Purchased from official store. Invoice and original box included.,Sony,Cameras,416.9,USD,1584,4.79,579,257,CN,36,0
Luxury Gucci factory surplus item,"DM for wholesale and better price, limited details.",Gucci,Cameras,561.28,USD,94,2.95,146,13,CN,22,1
Bose Watches premium dm for more deal,"Factory source stock, no box but same quality as original.",Bose,Watches,118.14,USD,144,2.88,203,48,JP,6,1
Verified Apple Watches listing,Purchased from official store. Invoice and original box included.,Apple,Watches,886.53,USD,194,4.6,1323,218,AE,8,0
Bose Electronics copy version,"DM for wholesale and better price, limited details.",Bose,Electronics,184.66,USD,56,3.49,0,8,GB,0,1
Verified Adidas Cameras listing,Serial number available. Fast shipping and returns accepted.,Adidas,Cameras,86.05,USD,475,3.95,761,349,TR,6,0
Verified Bose Watches listing,Minimal wear. Verified authenticity by trusted reseller.,Bose,Watches,241.19,USD,434,4.28,312,185,TR,46,0
Verified Sony Electronics listing,Purchased from official store. Invoice and original box included.,Sony,Electronics,426.89,USD,189,3.88,329,132,TR,47,0
Verified Apple Watches listing,Serial number available. Fast shipping and returns accepted.,Apple,Watches,911.86,USD,0,4.07,597,295,GB,6,0
Rolex Electronics in excellent condition,Serial number available. Fast shipping and returns accepted.,Rolex,Electronics,13777.44,USD,0,4.52,377,324,GB,25,0
Nike Audio premium without receipt deal,"Factory source stock, no box but same quality as original.",Nike,Audio,82.82,USD,260,3.21,10,0,DE,10,1
Adidas Watches in excellent condition,Purchased from official store. Invoice and original box included.,Adidas,Watches,85.14,USD,886,4.2,732,392,IN,15,0
Gucci Handbags premium replica deal,No receipt available. Perfect copy and hard to tell.,Gucci,Handbags,894.98,USD,150,3.75,120,74,US,7,1
Verified Adidas Sneakers listing,Minimal wear. Verified authenticity by trusted reseller.,Adidas,Sneakers,78.3,USD,0,3.33,1249,0,IN,21,0
Verified Sony Electronics listing,Purchased from official store. Invoice and original box included.,Sony,Electronics,542.67,USD,702,4.02,1078,253,IN,22,0
Louis Vuitton Electronics in excellent condition,Minimal wear. Verified authenticity by trusted reseller.,Louis Vuitton,Electronics,2044.14,USD,338,4.23,623,107,GB,43,0
Original Louis Vuitton Handbags with full packaging,Purchased from official store. Invoice and original box included.,Louis Vuitton,Handbags,1347.93,USD,267,4.08,28,286,GB,5,0
Original Apple Cameras with full packaging,Purchased from official store. Invoice and original box included.,Apple,Cameras,787.96,USD,59,4.87,432,156,JP,26,0
Verified Apple Cameras listing,Purchased from official store. Invoice and original box included.,Apple,Cameras,1327.92,USD,1176,4.14,0,176,GB,10,0
Verified Gucci Cameras listing,Purchased from official store. Invoice and original box included.,Gucci,Cameras,1722.31,USD,634,3.97,582,0,US,13,0
Gucci Watches in excellent condition,Purchased from official store. Invoice and original box included.,Gucci,Watches,1456.0,USD,624,4.59,604,183,US,17,0
Verified Gucci Sneakers listing,Minimal wear. Verified authenticity by trusted reseller.,Gucci,Sneakers,642.96,USD,25,3.63,0,35,GB,8,1
Luxury Rolex factory surplus item,No receipt available. Perfect copy and hard to tell.,Rolex,Sneakers,5832.11,USD,121,2.41,339,0,US,13,1
Verified Gucci Audio listing,Minimal wear. Verified authenticity by trusted reseller.,Gucci,Audio,843.07,USD,1015,4.08,1204,0,JP,17,0
Bose Watches in excellent condition,Purchased from official store. Invoice and original box included.,Bose,Watches,932.06,USD,0,3.81,187,27,JP,11,1
Nike Handbags premium factory surplus deal,"DM for wholesale and better price, limited details.",Nike,Handbags,29.2,USD,189,3.35,86,33,AE,0,0
Apple Electronics in excellent condition,Minimal wear. Verified authenticity by trusted reseller.,Apple,Electronics,679.13,USD,82,4.11,714,371,CN,23,0
Bose Handbags premium 1:1 deal,"Factory source stock, no box but same quality as original.",Bose,Handbags,125.1,USD,42,3.55,233,37,IN,12,1
Nike Cameras in excellent condition,Serial number available. Fast shipping and returns accepted.,Nike,Cameras,183.53,USD,831,4.07,611,273,GB,29,0
Luxury Bose replica item,"DM for wholesale and better price, limited details.",Bose,Handbags,99.4,USD,0,3.35,21,0,DE,2,1
Original Samsung Watches with full packaging,Minimal wear. Verified authenticity by trusted reseller.,Samsung,Watches,120.94,USD,108,4.75,50,12,IN,12,1
Original Nike Handbags with full packaging,Serial number available. Fast shipping and returns accepted.,Nike,Handbags,68.31,USD,43,3.12,68,0,JP,4,1
Canon Audio in excellent condition,Minimal wear. Verified authenticity by trusted reseller.,Canon,Audio,874.58,USD,442,4.55,948,167,GB,28,0
Adidas Watches in excellent condition,Minimal wear. Verified authenticity by trusted reseller.,Adidas,Watches,65.48,USD,809,4.26,0,151,GB,32,0
Apple Watches in excellent condition,Purchased from official store. Invoice and original box included.,Apple,Watches,1042.67,USD,371,5.0,754,62,TR,26,0
Verified Rolex Cameras listing,Serial number available. Fast shipping and returns accepted.,Rolex,Cameras,2621.18,USD,169,2.39,0,28,AE,18,1
Louis Vuitton Handbags inspired,"DM for wholesale and better price, limited details.",Louis Vuitton,Handbags,691.17,USD,0,1.65,41,50,TR,0,1
Original Adidas Sneakers with full packaging,Purchased from official store. Invoice and original box included.,Adidas,Sneakers,30.52,USD,91,2.91,147,24,JP,7,1
Verified Canon Sneakers listing,Minimal wear. Verified authenticity by trusted reseller.,Canon,Sneakers,861.32,USD,117,3.95,1601,174,JP,0,0
Original Bose Electronics with full packaging,Minimal wear. Verified authenticity by trusted reseller.,Bose,Electronics,150.55,USD,698,4.35,750,231,US,5,0
Verified Nike Electronics listing,Purchased from official store. Invoice and original box included.,Nike,Electronics,61.64,USD,34,2.2,0,30,JP,14,1
Louis Vuitton Sneakers in excellent condition,Purchased from official store. Invoice and original box included.,Louis Vuitton,Sneakers,3371.8,USD,91,2.61,71,27,GB,18,1
Luxury Gucci factory surplus item,No receipt available. Perfect copy and hard to tell.,Gucci,Cameras,1024.6,USD,147,3.78,134,54,JP,0,1
Original Gucci Watches with full packaging,Minimal wear. Verified authenticity by trusted reseller.,Gucci,Watches,805.95,USD,42,4.2,1164,65,IN,39,0
Original Rolex Handbags with full packaging,Serial number available. Fast shipping and returns accepted.,Rolex,Handbags,3476.57,USD,0,2.79,0,26,TR,8,1
Verified Louis Vuitton Electronics listing,Minimal wear. Verified authenticity by trusted reseller.,Louis Vuitton,Electronics,1726.76,USD,361,5.0,291,430,TR,17,0
Louis Vuitton Electronics premium without receipt deal,No receipt available. Perfect copy and hard to tell.,Louis Vuitton,Electronics,1298.17,USD,354,3.38,0,30,CN,5,1
Bose Audio in excellent condition,Serial number available. Fast shipping and returns accepted.,Bose,Audio,149.51,USD,1192,4.27,581,404,TR,32,0
Verified Sony Handbags listing,Minimal wear. Verified authenticity by trusted reseller.,Sony,Handbags,196.98,USD,527,4.79,382,0,IN,23,0
Nike Handbags in excellent condition,Purchased from official store. Invoice and original box included.,Nike,Handbags,122.77,USD,0,3.99,422,439,JP,20,0
Apple Sneakers premium dm for more deal,"Factory source stock, no box but same quality as original.",Apple,Sneakers,855.78,USD,126,5.0,417,368,TR,31,0
Original Gucci Electronics with full packaging,Serial number available. Fast shipping and returns accepted.,Gucci,Electronics,1082.3,USD,605,3.98,331,87,GB,19,0
Gucci Sneakers 1:1,No receipt available. Perfect copy and hard to tell.,Gucci,Sneakers,433.63,USD,105,2.71,26,31,TR,11,1
Original Adidas Cameras with full packaging,Minimal wear. Verified authenticity by trusted reseller.,Adidas,Cameras,30.89,USD,152,3.65,0,49,AE,15,1
Apple Cameras in excellent condition,Purchased from official store. Invoice and original box included.,Apple,Cameras,478.07,USD,41,3.52,0,0,IN,0,1
Apple Handbags in excellent condition,Minimal wear. Verified authenticity by trusted reseller.,Apple,Handbags,493.52,USD,0,3.08,0,29,DE,6,1
Original Adidas Audio with full packaging,Purchased from official store. Invoice and original box included.,Adidas,Audio,73.17,USD,611,4.55,908,0,DE,6,0
Verified Apple Sneakers listing,Serial number available. Fast shipping and returns accepted.,Apple,Sneakers,698.84,USD,742,4.65,308,394,TR,11,0
Bose Sneakers in excellent condition,Serial number available. Fast shipping and returns accepted.,Bose,Sneakers,43.26,USD,0,3.18,0,59,CN,0,1
Verified Adidas Audio listing,Serial number available. Fast shipping and returns accepted.,Adidas,Audio,81.26,USD,613,4.97,1036,343,TR,16,0
Original Nike Sneakers with full packaging,Purchased from official store. Invoice and original box included.,Nike,Sneakers,144.84,USD,619,4.74,386,391,CN,31,0
Rolex Cameras in excellent condition,Purchased from official store. Invoice and original box included.,Rolex,Cameras,10228.23,USD,489,4.57,210,97,IN,22,0
Apple Sneakers premium without receipt deal,"DM for wholesale and better price, limited details.",Apple,Sneakers,340.44,USD,300,2.72,30,6,TR,6,1
Original Adidas Cameras with full packaging,Purchased from official store. Invoice and original box included.,Adidas,Cameras,97.58,USD,367,4.03,660,125,DE,37,0
Original Rolex Electronics with full packaging,Minimal wear. Verified authenticity by trusted reseller.,Rolex,Electronics,13907.86,USD,500,3.82,404,386,JP,30,0
Louis Vuitton Watches in excellent condition,Serial number available. Fast shipping and returns accepted.,Louis Vuitton,Watches,1176.81,USD,289,4.04,1141,0,TR,4,0
Sony Cameras discounted luxury,No receipt available. Perfect copy and hard to tell.,Sony,Cameras,219.9,USD,191,3.16,10,3,CN,13,1
Original Nike Electronics with full packaging,Purchased from official store. Invoice and original box included.,Nike,Electronics,40.62,USD,42,3.51,0,31,JP,0,1
Sony Electronics in excellent condition,Purchased from official store. Invoice and original box included.,Sony,Electronics,318.41,USD,470,4.47,528,291,CN,30,1
Apple Cameras in excellent condition,Purchased from official store. Invoice and original box included.,Apple,Cameras,565.88,USD,858,5.0,105,0,US,17,0
Original Gucci Audio with full packaging,Serial number available. Fast shipping and returns accepted.,Gucci,Audio,272.07,USD,56,2.91,111,2,AE,0,1
Original Bose Electronics with full packaging,Serial number available. Fast shipping and returns accepted.,Bose,Electronics,132.91,USD,542,3.74,1559,76,JP,20,0
Samsung Cameras replica,"Factory source stock, no box but same quality as original.",Samsung,Cameras,499.59,USD,147,4.23,0,26,AE,8,1
Verified Nike Sneakers listing,Purchased from official store. Invoice and original box included.,Nike,Sneakers,129.64,USD,699,4.03,682,80,US,9,0
Bose Sneakers in excellent condition,Serial number available. Fast shipping and returns accepted.,Bose,Sneakers,189.42,USD,940,3.93,561,302,IN,38,0
Original Bose Cameras with full packaging,Minimal wear. Verified authenticity by trusted reseller.,Bose,Cameras,737.16,USD,86,2.44,0,20,JP,3,1
Original Apple Cameras with full packaging,Purchased from official store. Invoice and original box included.,Apple,Cameras,533.1,USD,480,3.97,814,215,AE,25,0
Verified Sony Watches listing,Minimal wear. Verified authenticity by trusted reseller.,Sony,Watches,398.48,USD,400,3.74,857,109,GB,23,0
Samsung Electronics copy version,"DM for wholesale and better price, limited details.",Samsung,Electronics,287.78,USD,69,3.54,301,42,TR,6,1
Verified Adidas Audio listing,Minimal wear. Verified authenticity by trusted reseller.,Adidas,Audio,45.87,USD,570,4.58,310,365,US,9,0
Verified Louis Vuitton Electronics listing,Minimal wear. Verified authenticity by trusted reseller.,Louis Vuitton,Electronics,1172.13,USD,75,2.08,139,63,IN,0,1
Verified Louis Vuitton Electronics listing,Purchased from official store. Invoice and original box included.,Louis Vuitton,Electronics,1275.75,USD,295,4.01,308,191,JP,18,0
Rolex Watches in excellent condition,Purchased from official store. Invoice and original box included.,Rolex,Watches,11380.09,USD,801,3.74,364,475,TR,25,0
Apple Watches premium replica deal,No receipt available. Perfect copy and hard to tell.,Apple,Watches,313.93,USD,71,2.92,164,6,CN,6,1
Verified Sony Cameras listing,Minimal wear. Verified authenticity by trusted reseller.,Sony,Cameras,355.71,USD,529,3.91,433,345,IN,17,0
Verified Nike Cameras listing,Purchased from official store. Invoice and original box included.,Nike,Cameras,106.61,USD,330,3.73,738,232,AE,46,0
Original Gucci Cameras with full packaging,Minimal wear. Verified authenticity by trusted reseller.,Gucci,Cameras,980.11,USD,148,4.49,451,232,TR,41,0
Rolex Watches in excellent condition,Purchased from official store. Invoice and original box included.,Rolex,Watches,10365.73,USD,1057,4.69,100,373,GB,0,0
Samsung Cameras discounted luxury,"DM for wholesale and better price, limited details.",Samsung,Cameras,2743.32,USD,85,3.13,197,7,AE,9,1
Louis Vuitton Handbags replica,"Factory source stock, no box but same quality as original.",Louis Vuitton,Handbags,4877.95,USD,282,4.0,0,83,US,11,1
Bose Audio premium replica deal,"Factory source stock, no box but same quality as original.",Bose,Audio,357.5,USD,761,4.51,724,162,DE,21,0
Canon Cameras discounted luxury,"Factory source stock, no box but same quality as original.",Canon,Cameras,857.97,USD,301,4.16,566,59,US,2,0
Canon Electronics in excellent condition,Serial number available. Fast shipping and returns accepted.,Canon,Electronics,1276.37,USD,523,4.29,204,254,IN,38,0
Verified Louis Vuitton Audio listing,Minimal wear. Verified authenticity by trusted reseller.,Louis Vuitton,Audio,1747.32,USD,938,4.52,479,523,US,16,0
Bose Handbags authentic style,"Factory source stock, no box but same quality as original.",Bose,Handbags,70.04,USD,51,2.95,172,36,IN,8,1
Rolex Electronics in excellent condition,Serial number available. Fast shipping and returns accepted.,Rolex,Electronics,8097.79,USD,119,3.64,122,0,DE,15,1
Verified Rolex Cameras listing,Purchased from official store. Invoice and original box included.,Rolex,Cameras,7271.28,USD,440,4.2,346,274,DE,18,0
Sony Cameras in excellent condition,Purchased from official store. Invoice and original box included.,Sony,Cameras,388.98,USD,494,4.55,652,150,TR,12,0
Original Samsung Electronics with full packaging,Serial number available. Fast shipping and returns accepted.,Samsung,Electronics,410.9,USD,688,4.61,832,436,GB,24,0
Canon Cameras in excellent condition,Minimal wear. Verified authenticity by trusted reseller.,Canon,Cameras,1215.31,USD,858,4.72,506,249,TR,26,0
Luxury Nike without receipt item,No receipt available. Perfect copy and hard to tell.,Nike,Watches,53.99,USD,18,2.97,0,8,CN,0,1
Sony Cameras premium discounted luxury deal,"DM for wholesale and better price, limited details.",Sony,Cameras,548.71,USD,0,3.64,13,0,IN,12,1
Verified Adidas Watches listing,Purchased from official store. Invoice and original box included.,Adidas,Watches,88.41,USD,872,4.3,992,278,US,23,0
Samsung Cameras in excellent condition,Serial number available. Fast shipping and returns accepted.,Samsung,Cameras,219.96,USD,239,4.55,688,227,TR,10,0
Louis Vuitton Sneakers 1:1,No receipt available. Perfect copy and hard to tell.,Louis Vuitton,Sneakers,850.89,USD,51,2.5,219,73,GB,19,1
Canon Cameras in excellent condition,Minimal wear. Verified authenticity by trusted reseller.,Canon,Cameras,760.6,USD,493,4.04,349,659,TR,33,0
Original Rolex Sneakers with full packaging,Serial number available. Fast shipping and returns accepted.,Rolex,Sneakers,9278.33,USD,1014,4.34,731,170,DE,23,0
Gucci Cameras in excellent condition,Serial number available. Fast shipping and returns accepted.,Gucci,Cameras,4147.59,USD,0,4.7,0,22,TR,5,1
Adidas Cameras in excellent condition,Purchased from official store. Invoice and original box included.,Adidas,Cameras,105.42,USD,263,4.58,504,458,GB,38,0
Verified Nike Sneakers listing,Purchased from official store. Invoice and original box included.,Nike,Sneakers,53.11,USD,93,3.03,82,54,US,11,1
Verified Bose Audio listing,Minimal wear. Verified authenticity by trusted reseller.,Bose,Audio,314.28,USD,156,4.43,591,249,GB,10,0
Verified Bose Watches listing,Serial number available. Fast shipping and returns accepted.,Bose,Watches,126.12,USD,104,2.22,0,0,CN,7,1
Verified Bose Watches listing,Minimal wear. Verified authenticity by trusted reseller.,Bose,Watches,94.54,USD,104,3.88,0,0,DE,7,1
Verified Gucci Cameras listing,Minimal wear. Verified authenticity by trusted reseller.,Gucci,Cameras,223.56,USD,154,3.34,0,0,IN,0,1
Verified Nike Audio listing,Purchased from official store. Invoice and original box included.,Nike,Audio,90.04,USD,0,4.27,481,180,JP,24,0
Nike Watches in excellent condition,Minimal wear. Verified authenticity by trusted reseller.,Nike,Watches,81.42,USD,701,5.0,953,47,IN,3,0
Samsung Sneakers in excellent condition,Minimal wear. Verified authenticity by trusted reseller.,Samsung,Sneakers,246.56,USD,22,2.29,84,0,DE,13,1
Nike Audio in excellent condition,Purchased from official store. Invoice and original box included.,Nike,Audio,135.49,USD,171,3.94,362,321,CN,26,0
Samsung Audio in excellent condition,Purchased from official store. Invoice and original box included.,Samsung,Audio,700.06,USD,883,3.96,1389,6,CN,40,0
Verified Apple Audio listing,Serial number available. Fast shipping and returns accepted.,Apple,Audio,636.51,USD,394,3.88,0,379,DE,24,0
Original Bose Electronics with full packaging,Minimal wear. Verified authenticity by trusted reseller.,Bose,Electronics,67.76,USD,592,3.99,968,419,JP,24,0
Nike Cameras in excellent condition,Purchased from official store. Invoice and original box included.,Nike,Cameras,220.76,USD,16,4.13,150,23,CN,11,1
Verified Rolex Watches listing,Serial number available. Fast shipping and returns accepted.,Rolex,Watches,4030.76,USD,854,4.68,982,305,CN,0,0
Verified Louis Vuitton Cameras listing,Serial number available. Fast shipping and returns accepted.,Louis Vuitton,Cameras,1809.06,USD,769,3.63,1050,176,CN,34,0
Gucci Cameras in excellent condition,Serial number available. Fast shipping and returns accepted.,Gucci,Cameras,1434.06,USD,492,3.85,957,132,TR,20,0
Luxury Louis Vuitton wholesale lot item,"Factory source stock, no box but same quality as original.",Louis Vuitton,Audio,1414.66,USD,502,4.17,449,748,JP,1,0
Verified Samsung Audio listing,Purchased from official store. Invoice and original box included.,Samsung,Audio,1015.48,USD,1583,4.24,771,267,TR,18,0
Louis Vuitton Handbags without receipt,"DM for wholesale and better price, limited details.",Louis Vuitton,Handbags,2238.68,USD,9,4.22,101,0,JP,7,0
Luxury Nike 1:1 item,"DM for wholesale and better price, limited details.",Nike,Handbags,45.81,USD,205,3.92,56,10,TR,9,1
Original Nike Handbags with full packaging,Serial number available. Fast shipping and returns accepted.,Nike,Handbags,81.2,USD,166,3.43,230,29,DE,6,1
Rolex Handbags in excellent condition,Serial number available. Fast shipping and returns accepted.,Rolex,Handbags,6570.94,USD,859,4.68,201,607,GB,24,0
Verified Nike Watches listing,Serial number available. Fast shipping and returns accepted.,Nike,Watches,70.18,USD,826,4.7,886,92,GB,9,0
Verified Canon Handbags listing,Serial number available. Fast shipping and returns accepted.,Canon,Handbags,138.98,USD,0,2.73,17,1,GB,8,1
Apple Watches in excellent condition,Serial number available. Fast shipping and returns accepted.,Apple,Watches,2630.47,USD,47,2.63,159,10,TR,7,1
Verified Sony Audio listing,Minimal wear. Verified authenticity by trusted reseller.,Sony,Audio,173.21,USD,2,3.57,0,0,DE,0,1
Original Louis Vuitton Watches with full packaging,Purchased from official store. Invoice and original box included.,Louis Vuitton,Watches,1583.49,USD,723,4.25,366,484,AE,0,0
Original Rolex Cameras with full packaging,Purchased from official store. Invoice and original box included.,Rolex,Cameras,4624.2,USD,148,4.46,658,308,IN,22,0
Original Samsung Electronics with full packaging,Minimal wear. Verified authenticity by trusted reseller.,Samsung,Electronics,406.22,USD,228,4.29,238,103,JP,17,0
Original Adidas Cameras with full packaging,Purchased from official store. Invoice and original box included.,Adidas,Cameras,114.55,USD,1104,3.75,439,470,GB,1,0
Verified Nike Cameras listing,Purchased from official store. Invoice and original box included.,Nike,Cameras,115.03,USD,924,4.28,1627,274,GB,34,0
Adidas Audio premium without receipt deal,"DM for wholesale and better price, limited details.",Adidas,Audio,50.52,USD,20,3.32,205,75,DE,12,1
Verified Sony Electronics listing,Minimal wear. Verified authenticity by trusted reseller.,Sony,Electronics,248.42,USD,933,4.23,125,463,GB,39,0
Gucci Sneakers discounted luxury,"DM for wholesale and better price, limited details.",Gucci,Sneakers,1048.69,USD,46,4.64,138,25,TR,7,1
Verified Canon Cameras listing,Minimal wear. Verified authenticity by trusted reseller.,Canon,Cameras,767.55,USD,169,4.29,799,344,US,48,0
Verified Bose Electronics listing,Purchased from official store. Invoice and original box included.,Bose,Electronics,299.59,USD,859,4.72,629,259,DE,32,1
Nike Handbags in excellent condition,Serial number available. Fast shipping and returns accepted.,Nike,Handbags,89.03,USD,362,4.46,816,375,IN,27,0
Luxury Gucci inspired item,No receipt available. Perfect copy and hard to tell.,Gucci,Watches,904.2,USD,125,3.92,29,3,GB,1,1
Adidas Handbags in excellent condition,Purchased from official store. Invoice and original box included.,Adidas,Handbags,108.68,USD,957,5.0,271,513,TR,37,0
Rolex Handbags premium looks original deal,"DM for wholesale and better price, limited details.",Rolex,Handbags,7886.19,USD,179,1.7,105,0,IN,8,1
Original Apple Handbags with full packaging,Serial number available. Fast shipping and returns accepted.,Apple,Handbags,685.4,USD,204,4.86,760,406,AE,20,0
Original Nike Sneakers with full packaging,Serial number available. Fast shipping and returns accepted.,Nike,Sneakers,134.58,USD,1148,4.07,427,204,US,51,0
Verified Nike Electronics listing,Minimal wear. Verified authenticity by trusted reseller.,Nike,Electronics,152.86,USD,381,3.82,1024,245,DE,36,0
Verified Gucci Sneakers listing,Serial number available. Fast shipping and returns accepted.,Gucci,Sneakers,530.07,USD,0,3.63,54,18,JP,14,1
Original Sony Electronics with full packaging,Purchased from official store. Invoice and original box included.,Sony,Electronics,270.61,USD,796,4.51,168,301,CN,28,0
Nike Electronics in excellent condition,Serial number available. Fast shipping and returns accepted.,Nike,Electronics,80.53,USD,1238,3.73,1115,235,TR,17,0
Apple Handbags in excellent condition,Serial number available. Fast shipping and returns accepted.,Apple,Handbags,728.89,USD,762,4.03,180,486,US,49,0
Louis Vuitton Electronics in excellent condition,Purchased from official store. Invoice and original box included.,Louis Vuitton,Electronics,1525.78,USD,743,4.61,1105,213,JP,45,0
Original Sony Cameras with full packaging,Minimal wear. Verified authenticity by trusted reseller.,Sony,Cameras,193.18,USD,0,3.0,87,5,IN,24,1
Original Louis Vuitton Handbags with full packaging,Minimal wear. Verified authenticity by trusted reseller.,Louis Vuitton,Handbags,1731.18,USD,655,4.05,186,0,TR,14,0
Louis Vuitton Sneakers 1:1,No receipt available. Perfect copy and hard to tell.,Louis Vuitton,Sneakers,1586.73,USD,173,3.87,110,18,AE,12,1
Canon Sneakers in excellent condition,Minimal wear. Verified authenticity by trusted reseller.,Canon,Sneakers,1052.21,USD,573,4.4,0,149,AE,28,0
Original Gucci Audio with full packaging,Serial number available. Fast shipping and returns accepted.,Gucci,Audio,2196.23,USD,455,3.93,1443,258,CN,33,0
Verified Sony Sneakers listing,Purchased from official store. Invoice and original box included.,Sony,Sneakers,276.15,USD,87,3.3,0,40,DE,1,1
Luxury Rolex authentic style item,No receipt available. Perfect copy and hard to tell.,Rolex,Handbags,4821.71,USD,238,4.29,0,13,TR,12,1
Rolex Electronics in excellent condition,Minimal wear. Verified authenticity by trusted reseller.,Rolex,Electronics,9492.8,USD,272,5.0,547,482,DE,3,0
Rolex Audio in excellent condition,Purchased from official store. Invoice and original box included.,Rolex,Audio,7034.11,USD,1011,4.39,1014,407,DE,28,0
Gucci Sneakers premium no box deal,No receipt available. Perfect copy and hard to tell.,Gucci,Sneakers,691.82,USD,28,3.63,100,51,JP,0,1
Original Nike Sneakers with full packaging,Minimal wear. Verified authenticity by trusted reseller.,Nike,Sneakers,161.85,USD,593,4.4,0,194,JP,19,0
Verified Rolex Handbags listing,Serial number available. Fast shipping and returns accepted.,Rolex,Handbags,14927.78,USD,992,4.38,434,340,US,31,0
Original Adidas Sneakers with full packaging,Minimal wear. Verified authenticity by trusted reseller.,Adidas,Sneakers,46.76,USD,104,3.71,217,46,TR,11,1
Rolex Handbags in excellent condition,Purchased from official store. Invoice and original box included.,Rolex,Handbags,9888.03,USD,584,4.13,975,0,AE,15,0
Rolex Handbags in excellent condition,Serial number available. Fast shipping and returns accepted.,Rolex,Handbags,12318.76,USD,734,3.96,324,471,DE,36,0
Adidas Electronics in excellent condition,Purchased from official store. Invoice and original box included.,Adidas,Electronics,28.7,USD,96,2.17,29,18,US,0,1
Original Canon Watches with full packaging,Minimal wear. Verified authenticity by trusted reseller.,Canon,Watches,328.78,USD,1020,4.37,807,100,AE,12,0
Original Rolex Cameras with full packaging,Purchased from official store. Invoice and original box included.,Rolex,Cameras,10807.93,USD,868,4.14,706,353,GB,19,0
Louis Vuitton Cameras dm for more,"DM for wholesale and better price, limited details.",Louis Vuitton,Cameras,839.3,USD,299,4.13,544,273,JP,26,0
Verified Rolex Cameras listing,Minimal wear. Verified authenticity by trusted reseller.,Rolex,Cameras,2232.95,USD,307,4.47,573,342,AE,34,0
Luxury Adidas no box item,"DM for wholesale and better price, limited details.",Adidas,Cameras,38.74,USD,65,3.56,206,0,DE,3,1
Verified Apple Watches listing,Serial number available. Fast shipping and returns accepted.,Apple,Watches,627.3,USD,247,4.37,1079,187,AE,0,0
Samsung Electronics premium dm for more deal,No receipt available. Perfect copy and hard to tell.,Samsung,Electronics,1551.82,USD,15,3.35,77,17,IN,9,1
Gucci Audio looks original,"DM for wholesale and better price, limited details.",Gucci,Audio,5080.94,USD,128,3.78,204,32,CN,13,1
Luxury Louis Vuitton mirror quality item,No receipt available. Perfect copy and hard to tell.,Louis Vuitton,Handbags,1092.56,USD,15,3.46,88,30,TR,0,1
Sony Cameras in excellent condition,Serial number available. Fast shipping and returns accepted.,Sony,Cameras,516.71,USD,779,4.52,562,167,TR,31,0
Canon Electronics in excellent condition,Purchased from official store. Invoice and original box included.,Canon,Electronics,838.6,USD,282,4.0,665,0,US,9,0
Louis Vuitton Audio in excellent condition,Minimal wear. Verified authenticity by trusted reseller.,Louis Vuitton,Audio,975.82,USD,169,3.11,177,0,IN,0,1
Canon Cameras premium looks original deal,No receipt available. Perfect copy and hard to tell.,Canon,Cameras,234.5,USD,99,2.76,39,46,CN,13,1
Adidas Audio in excellent condition,Minimal wear. Verified authenticity by trusted reseller.,Adidas,Audio,115.93,USD,402,4.58,1085,284,JP,0,0
Adidas Sneakers in excellent condition,Serial number available. Fast shipping and returns accepted.,Adidas,Sneakers,46.78,USD,323,2.16,83,5,US,8,1
Verified Rolex Watches listing,Serial number available. Fast shipping and returns accepted.,Rolex,Watches,4548.59,USD,0,3.21,14,16,AE,1,1
Verified Samsung Sneakers listing,Purchased from official store. Invoice and original box included.,Samsung,Sneakers,825.71,USD,161,4.45,1186,353,TR,22,0
Bose Handbags in excellent condition,Serial number available. Fast shipping and returns accepted.,Bose,Handbags,385.9,USD,918,4.64,0,149,JP,17,0
Luxury Adidas looks original item,"DM for wholesale and better price, limited details.",Adidas,Watches,28.54,USD,101,3.3,166,36,GB,11,1
Luxury Gucci wholesale lot item,"DM for wholesale and better price, limited details.",Gucci,Cameras,674.45,USD,80,3.74,23,19,JP,7,1
Verified Sony Watches listing,Minimal wear. Verified authenticity by trusted reseller.,Sony,Watches,428.03,USD,655,3.78,1173,271,TR,19,0
Louis Vuitton Electronics premium dm for more deal,"Factory source stock, no box but same quality as original.",Louis Vuitton,Electronics,5353.7,USD,203,3.82,52,0,DE,18,1
Sony Sneakers in excellent condition,Purchased from official store. Invoice and original box included.,Sony,Sneakers,305.52,USD,298,3.84,665,236,JP,39,0
Bose Electronics premium factory surplus deal,No receipt available. Perfect copy and hard to tell.,Bose,Electronics,331.73,USD,425,4.06,923,1,CN,29,0
Louis Vuitton Watches in excellent condition,Purchased from official store. Invoice and original box included.,Louis Vuitton,Watches,2245.61,USD,786,4.74,1078,268,DE,27,0
Original Nike Electronics with full packaging,Purchased from official store. Invoice and original box included.,Nike,Electronics,39.14,USD,0,3.21,0,20,DE,6,1
Apple Audio in excellent condition,Purchased from official store. Invoice and original box included.,Apple,Audio,880.06,USD,964,3.92,1066,629,US,31,0
Original Apple Watches with full packaging,Purchased from official store. Invoice and original box included.,Apple,Watches,1582.23,USD,147,2.15,24,0,US,2,1
Luxury Apple inspired item,No receipt available. Perfect copy and hard to tell.,Apple,Sneakers,80.33,USD,39,2.72,0,34,JP,0,1
Louis Vuitton Electronics in excellent condition,Serial number available. Fast shipping and returns accepted.,Louis Vuitton,Electronics,1389.56,USD,484,3.98,652,307,AE,38,0
Verified Sony Watches listing,Serial number available. Fast shipping and returns accepted.,Sony,Watches,404.73,USD,225,3.16,1200,379,GB,28,0
Apple Sneakers in excellent condition,Minimal wear. Verified authenticity by trusted reseller.,Apple,Sneakers,219.16,USD,219,2.1,205,19,TR,3,1
Original Louis Vuitton Sneakers with full packaging,Serial number available. Fast shipping and returns accepted.,Louis Vuitton,Sneakers,1234.83,USD,104,2.58,76,68,DE,16,1
Samsung Cameras premium no box deal,"DM for wholesale and better price, limited details.",Samsung,Cameras,250.11,USD,0,3.25,0,0,GB,1,1
Original Sony Watches with full packaging,Serial number available. Fast shipping and returns accepted.,Sony,Watches,461.8,USD,750,3.76,1432,385,GB,0,0
Bose Handbags 1:1,"DM for wholesale and better price, limited details.",Bose,Handbags,146.26,USD,150,4.19,1,41,DE,5,1
Louis Vuitton Electronics in excellent condition,Minimal wear. Verified authenticity by trusted reseller.,Louis Vuitton,Electronics,1449.93,USD,0,4.82,609,0,TR,26,0
Original Louis Vuitton Cameras with full packaging,Serial number available. Fast shipping and returns accepted.,Louis Vuitton,Cameras,1550.24,USD,684,4.13,61,24,GB,2,0
Verified Adidas Electronics listing,Purchased from official store. Invoice and original box included.,Adidas,Electronics,62.44,USD,779,4.5,1373,491,US,19,0
Original Louis Vuitton Cameras with full packaging,Serial number available. Fast shipping and returns accepted.,Louis Vuitton,Cameras,2246.52,USD,659,4.51,1141,176,IN,40,0
Original Nike Sneakers with full packaging,Purchased from official store. Invoice and original box included.,Nike,Sneakers,134.39,USD,374,5.0,1284,255,GB,40,0
Original Samsung Watches with full packaging,Serial number available. Fast shipping and returns accepted.,Samsung,Watches,852.99,USD,643,3.69,7,250,IN,16,0
Verified Gucci Electronics listing,Serial number available. Fast shipping and returns accepted.,Gucci,Electronics,1187.5,USD,871,4.63,1252,413,DE,35,0
Verified Rolex Electronics listing,Minimal wear. Verified authenticity by trusted reseller.,Rolex,Electronics,7684.15,USD,1259,4.74,1232,296,IN,17,0
Verified Canon Audio listing,Minimal wear. Verified authenticity by trusted reseller.,Canon,Audio,698.49,USD,23,3.98,297,343,TR,35,0
Luxury Canon without receipt item,No receipt available. Perfect copy and hard to tell.,Canon,Audio,193.97,USD,134,2.76,0,40,GB,2,1
Original Rolex Handbags with full packaging,Minimal wear. Verified authenticity by trusted reseller.,Rolex,Handbags,5798.6,USD,152,3.2,0,51,IN,2,1
Louis Vuitton Sneakers mirror quality,"Factory source stock, no box but same quality as original.",Louis Vuitton,Sneakers,974.12,USD,112,3.4,111,25,IN,6,1
Louis Vuitton Audio in excellent condition,Purchased from official store. Invoice and original box included.,Louis Vuitton,Audio,2152.9,USD,820,3.87,1049,70,DE,21,0
Verified Nike Cameras listing,Purchased from official store. Invoice and original box included.,Nike,Cameras,105.11,USD,345,3.4,921,649,TR,29,0
Verified Samsung Sneakers listing,Purchased from official store. Invoice and original box included.,Samsung,Sneakers,687.65,USD,643,4.5,535,0,IN,16,0
Bose Watches mirror quality,No receipt available. Perfect copy and hard to tell.,Bose,Watches,138.03,USD,104,2.91,10,0,JP,7,1
Nike Sneakers in excellent condition,Serial number available. Fast shipping and returns accepted.,Nike,Sneakers,91.2,USD,593,4.47,0,225,DE,28,0
Verified Canon Cameras listing,Serial number available. Fast shipping and returns accepted.,Canon,Cameras,978.77,USD,80,4.33,297,10,IN,44,1
Verified Apple Handbags listing,Purchased from official store. Invoice and original box included.,Apple,Handbags,656.21,USD,955,3.4,391,397,DE,18,0
Verified Canon Watches listing,Serial number available. Fast shipping and returns accepted.,Canon,Watches,921.61,USD,788,4.18,0,463,CN,23,0
Original Bose Audio with full packaging,Purchased from official store. Invoice and original box included.,Bose,Audio,256.19,USD,0,5.0,418,384,CN,21,0
Nike Audio replica,"Factory source stock, no box but same quality as original.",Nike,Audio,87.05,USD,165,4.56,76,26,US,5,1
Verified Rolex Electronics listing,Purchased from official store. Invoice and original box included.,Rolex,Electronics,14382.23,USD,749,4.65,650,735,IN,10,0
Original Sony Handbags with full packaging,Purchased from official store. Invoice and original box included.,Sony,Handbags,298.83,USD,115,4.76,84,0,US,0,1
Samsung Cameras in excellent condition,Purchased from official store. Invoice and original box included.,Samsung,Cameras,345.37,USD,0,3.43,230,17,GB,8,1
Samsung Audio in excellent condition,Serial number available. Fast shipping and returns accepted.,Samsung,Audio,725.72,USD,969,3.99,531,517,DE,13,0
Canon Sneakers in excellent condition,Serial number available. Fast shipping and returns accepted.,Canon,Sneakers,953.52,USD,254,4.4,780,424,JP,47,0
Original Canon Watches with full packaging,Purchased from official store. Invoice and original box included.,Canon,Watches,399.76,USD,97,3.22,87,15,US,0,1
Bose Electronics in excellent condition,Serial number available. Fast shipping and returns accepted.,Bose,Electronics,257.38,USD,472,3.42,628,304,US,15,0
Original Samsung Handbags with full packaging,Serial number available. Fast shipping and returns accepted.,Samsung,Handbags,481.5,USD,0,3.8,0,1,AE,3,1
Original Louis Vuitton Cameras with full packaging,Minimal wear. Verified authenticity by trusted reseller.,Louis Vuitton,Cameras,1475.87,USD,959,4.02,770,179,GB,22,0
Original Canon Watches with full packaging,Serial number available. Fast shipping and returns accepted.,Canon,Watches,521.31,USD,0,4.3,434,128,US,37,0
Adidas Watches in excellent condition,Minimal wear. Verified authenticity by trusted reseller.,Adidas,Watches,109.99,USD,590,4.57,676,248,GB,25,0
Rolex Watches in excellent condition,Minimal wear. Verified authenticity by trusted reseller.,Rolex,Watches,11729.62,USD,676,4.34,1343,636,DE,14,0
Verified Canon Audio listing,Serial number available. Fast shipping and returns accepted.,Canon,Audio,839.82,USD,89,4.13,971,0,IN,25,0
Original Louis Vuitton Handbags with full packaging,Purchased from official store. Invoice and original box included.,Louis Vuitton,Handbags,499.92,USD,198,3.48,0,6,TR,10,1
Rolex Watches discounted luxury,"DM for wholesale and better price, limited details.",Rolex,Watches,4147.11,USD,157,3.51,64,18,IN,0,1
Verified Nike Sneakers listing,Purchased from official store. Invoice and original box included.,Nike,Sneakers,100.35,USD,685,5.0,1406,146,IN,25,0
Nike Electronics in excellent condition,Purchased from official store. Invoice and original box included.,Nike,Electronics,143.12,USD,914,4.44,207,331,CN,31,0
Bose Handbags in excellent condition,Minimal wear. Verified authenticity by trusted reseller.,Bose,Handbags,232.53,USD,825,4.41,343,297,IN,18,0
Verified Adidas Electronics listing,Purchased from official store. Invoice and original box included.,Adidas,Electronics,64.29,USD,20,3.48,62,29,GB,2,1
Original Bose Electronics with full packaging,Serial number available. Fast shipping and returns accepted.,Bose,Electronics,162.92,USD,106,3.89,287,400,DE,24,0
Sony Handbags premium discounted luxury deal,No receipt available. Perfect copy and hard to tell.,Sony,Handbags,185.16,USD,0,2.91,331,0,TR,9,1
Verified Canon Electronics listing,Minimal wear. Verified authenticity by trusted reseller.,Canon,Electronics,734.63,USD,1250,3.85,167,188,US,21,0
Rolex Cameras in excellent condition,Serial number available. Fast shipping and returns accepted.,Rolex,Cameras,8032.52,USD,424,4.9,298,361,TR,1,0
Original Louis Vuitton Audio with full packaging,Serial number available. Fast shipping and returns accepted.,Louis Vuitton,Audio,2146.21,USD,1094,4.8,835,445,GB,1,0
Original Samsung Electronics with full packaging,Purchased from official store. Invoice and original box included.,Samsung,Electronics,604.94,USD,1064,4.58,998,153,GB,31,0
Original Louis Vuitton Cameras with full packaging,Purchased from official store. Invoice and original box included.,Louis Vuitton,Cameras,3913.04,USD,90,1.9,263,1,TR,4,1
Original Samsung Sneakers with full packaging,Purchased from official store. Invoice and original box included.,Samsung,Sneakers,684.84,USD,899,4.95,307,637,IN,9,0
Nike Handbags copy version,"Factory source stock, no box but same quality as original.",Nike,Handbags,204.39,USD,4,3.16,133,36,DE,0,1
Original Rolex Handbags with full packaging,Purchased from official store. Invoice and original box included.,Rolex,Handbags,3989.58,USD,55,2.53,99,81,AE,3,1
Gucci Electronics no box,"DM for wholesale and better price, limited details.",Gucci,Electronics,450.46,USD,249,3.44,1,1,TR,3,1
Adidas Handbags in excellent condition,Purchased from official store. Invoice and original box included.,Adidas,Handbags,32.16,USD,196,4.91,471,378,CN,27,0
Original Gucci Sneakers with full packaging,Minimal wear. Verified authenticity by trusted reseller.,Gucci,Sneakers,635.28,USD,408,4.75,437,117,JP,49,1
Original Adidas Watches with full packaging,Serial number available. Fast shipping and returns accepted.,Adidas,Watches,76.18,USD,1149,4.62,651,156,DE,11,0
Verified Rolex Handbags listing,Minimal wear. Verified authenticity by trusted reseller.,Rolex,Handbags,8917.13,USD,383,3.33,785,347,DE,41,0
Gucci Handbags in excellent condition,Minimal wear. Verified authenticity by trusted reseller.,Gucci,Handbags,819.6,USD,327,4.32,1217,55,JP,28,0
Nike Cameras in excellent condition,Serial number available. Fast shipping and returns accepted.,Nike,Cameras,141.64,USD,820,4.89,181,278,AE,28,0
Original Apple Watches with full packaging,Purchased from official store. Invoice and original box included.,Apple,Watches,809.08,USD,950,4.12,555,393,TR,19,0
Adidas Audio in excellent condition,Minimal wear. Verified authenticity by trusted reseller.,Adidas,Audio,73.19,USD,0,2.31,54,19,IN,5,1
Bose Sneakers in excellent condition,Serial number available. Fast shipping and returns accepted.,Bose,Sneakers,324.56,USD,383,4.58,470,599,DE,30,0
Bose Electronics in excellent condition,Minimal wear. Verified authenticity by trusted reseller.,Bose,Electronics,240.9,USD,365,4.52,878,733,US,29,0
Verified Samsung Handbags listing,Purchased from official store. Invoice and original box included.,Samsung,Handbags,374.48,USD,71,3.43,164,56,IN,0,1
Verified Sony Electronics listing,Serial number available. Fast shipping and returns accepted.,Sony,Electronics,553.77,USD,0,3.71,410,284,AE,41,0
Nike Watches in excellent condition,Minimal wear. Verified authenticity by trusted reseller.,Nike,Watches,62.33,USD,58,1.83,0,57,DE,8,1
Verified Canon Electronics listing,Minimal wear. Verified authenticity by trusted reseller.,Canon,Electronics,725.28,USD,625,4.46,1352,283,TR,5,0
Adidas Cameras in excellent condition,Purchased from official store. Invoice and original box included.,Adidas,Cameras,49.65,USD,6,3.61,0,0,US,0,1
Verified Bose Electronics listing,Minimal wear. Verified authenticity by trusted reseller.,Bose,Electronics,295.33,USD,418,4.36,464,387,GB,39,0
Luxury Sony mirror quality item,"Factory source stock, no box but same quality as original.",Sony,Audio,593.94,USD,236,4.46,44,7,TR,11,1
Original Rolex Watches with full packaging,Purchased from official store. Invoice and original box included.,Rolex,Watches,10784.18,USD,192,4.03,907,263,JP,34,0
Original Sony Sneakers with full packaging,Minimal wear. Verified authenticity by trusted reseller.,Sony,Sneakers,217.87,USD,494,4.63,766,523,TR,18,0
Original Apple Handbags with full packaging,Serial number available. Fast shipping and returns accepted.,Apple,Handbags,1103.27,USD,890,4.65,361,241,CN,29,0
Original Adidas Electronics with full packaging,Purchased from official store. Invoice and original box included.,Adidas,Electronics,39.48,USD,171,3.82,118,31,US,10,1
Verified Apple Watches listing,Minimal wear. Verified authenticity by trusted reseller.,Apple,Watches,740.14,USD,0,2.63,57,0,AE,11,1
Luxury Samsung no box item,"Factory source stock, no box but same quality as original.",Samsung,Watches,1865.94,USD,177,2.81,53,0,JP,15,1
Luxury Bose without receipt item,"Factory source stock, no box but same quality as original.",Bose,Cameras,165.3,USD,0,2.74,0,0,DE,8,1
Verified Gucci Cameras listing,Purchased from official store. Invoice and original box included.,Gucci,Cameras,1504.02,USD,287,4.94,0,189,TR,13,0
Verified Rolex Sneakers listing,Purchased from official store. Invoice and original box included.,Rolex,Sneakers,5433.9,USD,606,4.28,247,291,TR,27,0
Adidas Audio in excellent condition,Purchased from official store. Invoice and original box included.,Adidas,Audio,14.35,USD,197,3.59,0,17,US,8,1
Gucci Sneakers in excellent condition,Purchased from official store. Invoice and original box included.,Gucci,Sneakers,1500.87,USD,0,4.88,313,309,GB,19,0
Bose Electronics in excellent condition,Serial number available. Fast shipping and returns accepted.,Bose,Electronics,102.95,USD,25,2.55,201,58,AE,15,1
Louis Vuitton Watches in excellent condition,Minimal wear. Verified authenticity by trusted reseller.,Louis Vuitton,Watches,1565.56,USD,227,5.0,387,371,JP,35,0
Gucci Handbags in excellent condition,Purchased from official store. Invoice and original box included.,Gucci,Handbags,720.93,USD,71,2.24,104,46,US,0,1
Bose Sneakers in excellent condition,Purchased from official store. Invoice and original box included.,Bose,Sneakers,197.9,USD,42,3.84,1134,139,DE,17,0
Original Adidas Handbags with full packaging,Serial number available. Fast shipping and returns accepted.,Adidas,Handbags,89.37,USD,817,3.9,919,328,JP,3,0
Original Gucci Sneakers with full packaging,Purchased from official store. Invoice and original box included.,Gucci,Sneakers,890.75,USD,63,3.71,0,29,IN,19,1
Original Nike Watches with full packaging,Minimal wear. Verified authenticity by trusted reseller.,Nike,Watches,123.21,USD,334,3.91,1136,151,IN,23,0
Verified Louis Vuitton Watches listing,Minimal wear. Verified authenticity by trusted reseller.,Louis Vuitton,Watches,2249.44,USD,738,4.24,742,562,US,20,0
Verified Nike Handbags listing,Minimal wear. Verified authenticity by trusted reseller.,Nike,Handbags,131.7,USD,98,4.01,1109,305,US,15,0
Louis Vuitton Audio in excellent condition,Minimal wear. Verified authenticity by trusted reseller.,Louis Vuitton,Audio,2193.55,USD,0,4.34,615,198,US,15,0
Canon Sneakers in excellent condition,Purchased from official store. Invoice and original box included.,Canon,Sneakers,792.19,USD,435,4.18,1481,170,AE,12,0
Nike Watches in excellent condition,Purchased from official store. Invoice and original box included.,Nike,Watches,104.64,USD,476,4.38,919,362,DE,35,0
Adidas Handbags premium no box deal,"DM for wholesale and better price, limited details.",Adidas,Handbags,72.65,USD,0,3.68,185,0,CN,10,1
Verified Sony Cameras listing,Serial number available. Fast shipping and returns accepted.,Sony,Cameras,832.14,USD,53,4.01,61,1,JP,7,1
Original Adidas Watches with full packaging,Serial number available. Fast shipping and returns accepted.,Adidas,Watches,92.68,USD,848,4.08,0,334,GB,33,0
Bose Audio in excellent condition,Minimal wear. Verified authenticity by trusted reseller.,Bose,Audio,296.69,USD,1038,4.17,435,209,IN,34,0
Original Gucci Electronics with full packaging,Serial number available. Fast shipping and returns accepted.,Gucci,Electronics,404.92,USD,0,3.13,195,4,GB,2,1
Original Bose Electronics with full packaging,Serial number available. Fast shipping and returns accepted.,Bose,Electronics,193.4,USD,170,3.88,771,305,GB,13,0
Verified Sony Watches listing,Serial number available. Fast shipping and returns accepted.,Sony,Watches,193.71,USD,126,4.15,74,649,CN,32,0
Bose Cameras in excellent condition,Purchased from official store. Invoice and original box included.,Bose,Cameras,129.0,USD,133,2.56,0,25,DE,9,1
Samsung Electronics without receipt,No receipt available. Perfect copy and hard to tell.,Samsung,Electronics,153.85,USD,76,2.19,216,9,JP,2,1
Samsung Handbags in excellent condition,Purchased from official store. Invoice and original box included.,Samsung,Handbags,871.52,USD,393,4.88,1023,340,AE,23,1
Luxury Apple copy version item,"Factory source stock, no box but same quality as original.",Apple,Cameras,527.54,USD,201,3.23,131,55,JP,2,1
Canon Sneakers in excellent condition,Minimal wear. Verified authenticity by trusted reseller.,Canon,Sneakers,338.68,USD,0,3.37,0,0,JP,0,1
Verified Nike Audio listing,Purchased from official store. Invoice and original box included.,Nike,Audio,53.64,USD,95,4.03,0,32,TR,6,1
Gucci Handbags inspired,"Factory source stock, no box but same quality as original.",Gucci,Handbags,4136.63,USD,29,2.63,85,64,IN,13,1
Original Apple Handbags with full packaging,Purchased from official store. Invoice and original box included.,Apple,Handbags,500.98,USD,40,4.66,989,74,AE,48,0
Original Bose Electronics with full packaging,Purchased from official store. Invoice and original box included.,Bose,Electronics,202.22,USD,718,4.09,0,210,US,5,0
Luxury Sony mirror quality item,"DM for wholesale and better price, limited details.",Sony,Handbags,160.3,USD,98,3.68,0,16,US,0,1
Samsung Cameras mirror quality,"Factory source stock, no box but same quality as original.",Samsung,Cameras,455.11,USD,29,2.54,88,0,CN,2,1
Adidas Handbags in excellent condition,Minimal wear. Verified authenticity by trusted reseller.,Adidas,Handbags,116.61,USD,508,5.0,1441,369,AE,4,0
Luxury Sony authentic style item,"Factory source stock, no box but same quality as original.",Sony,Audio,1035.72,USD,230,2.26,52,46,IN,1,1
Nike Handbags in excellent condition,Purchased from official store. Invoice and original box included.,Nike,Handbags,188.89,USD,605,4.75,638,63,US,39,0
Original Louis Vuitton Sneakers with full packaging,Purchased from official store. Invoice and original box included.,Louis Vuitton,Sneakers,1384.59,USD,287,3.08,0,0,DE,22,1
Luxury Nike inspired item,No receipt available. Perfect copy and hard to tell.,Nike,Watches,36.79,USD,221,2.71,0,12,US,3,1
Adidas Sneakers in excellent condition,Serial number available. Fast shipping and returns accepted.,Adidas,Sneakers,90.23,USD,663,4.38,25,195,AE,23,0
Bose Electronics in excellent condition,Minimal wear. Verified authenticity by trusted reseller.,Bose,Electronics,255.27,USD,1224,4.76,223,685,IN,21,0
Luxury Nike without receipt item,"Factory source stock, no box but same quality as original.",Nike,Watches,155.09,USD,488,4.36,1129,0,IN,20,0
Original Nike Audio with full packaging,Minimal wear. Verified authenticity by trusted reseller.,Nike,Audio,134.12,USD,628,4.6,1140,197,IN,11,0
Adidas Handbags without receipt,No receipt available. Perfect copy and hard to tell.,Adidas,Handbags,43.52,USD,281,2.89,0,29,CN,2,1
Adidas Cameras in excellent condition,Minimal wear. Verified authenticity by trusted reseller.,Adidas,Cameras,34.86,USD,0,4.02,0,0,JP,11,1
Nike Sneakers copy version,"DM for wholesale and better price, limited details.",Nike,Sneakers,42.73,USD,17,4.04,9,25,JP,8,1
Original Sony Electronics with full packaging,Purchased from official store. Invoice and original box included.,Sony,Electronics,215.8,USD,0,3.39,0,48,AE,0,1
Luxury Adidas factory surplus item,No receipt available. Perfect copy and hard to tell.,Adidas,Cameras,15.83,USD,231,3.57,219,42,DE,6,1
Verified Rolex Handbags listing,Purchased from official store. Invoice and original box included.,Rolex,Handbags,3120.48,USD,0,3.05,38,11,TR,10,1
Verified Rolex Sneakers listing,Serial number available. Fast shipping and returns accepted.,Rolex,Sneakers,14718.34,USD,863,4.87,587,297,GB,25,0
Louis Vuitton Electronics in excellent condition,Purchased from official store. Invoice and original box included.,Louis Vuitton,Electronics,1782.27,USD,1021,4.37,0,327,IN,12,0
Luxury Louis Vuitton wholesale lot item,"Factory source stock, no box but same quality as original.",Louis Vuitton,Handbags,967.77,USD,194,3.54,139,31,AE,7,1
Adidas Sneakers premium 1:1 deal,No receipt available. Perfect copy and hard to tell.,Adidas,Sneakers,68.99,USD,588,5.0,970,234,DE,25,0
Gucci Audio in excellent condition,Serial number available. Fast shipping and returns accepted.,Gucci,Audio,776.41,USD,75,3.3,107,3,CN,10,1
Verified Samsung Sneakers listing,Serial number available. Fast shipping and returns accepted.,Samsung,Sneakers,572.78,USD,716,3.49,410,573,JP,27,0
Original Adidas Watches with full packaging,Minimal wear. Verified authenticity by trusted reseller.,Adidas,Watches,120.37,USD,455,3.87,259,113,IN,37,0
Luxury Canon mirror quality item,No receipt available. Perfect copy and hard to tell.,Canon,Electronics,133.58,USD,0,4.11,52,26,GB,19,1
Original Rolex Sneakers with full packaging,Purchased from official store. Invoice and original box included.,Rolex,Sneakers,21830.04,USD,57,4.04,71,26,GB,13,1
Verified Canon Sneakers listing,Minimal wear. Verified authenticity by trusted reseller.,Canon,Sneakers,438.46,USD,53,3.25,0,51,TR,0,1
Luxury Gucci dm for more item,"Factory source stock, no box but same quality as original.",Gucci,Electronics,358.96,USD,33,1.94,121,28,IN,3,1
Verified Rolex Watches listing,Serial number available. Fast shipping and returns accepted.,Rolex,Watches,13866.78,USD,905,3.61,291,293,CN,25,0
Luxury Apple dm for more item,"Factory source stock, no box but same quality as original.",Apple,Sneakers,2784.82,USD,117,3.51,241,48,CN,1,1
Rolex Watches inspired,No receipt available. Perfect copy and hard to tell.,Rolex,Watches,12285.65,USD,63,3.39,22,26,AE,12,1
Original Sony Watches with full packaging,Serial number available. Fast shipping and returns accepted.,Sony,Watches,274.92,USD,119,3.34,0,36,US,9,1
Louis Vuitton Handbags 1:1,"DM for wholesale and better price, limited details.",Louis Vuitton,Handbags,1674.55,USD,998,3.73,410,330,AE,36,0
Sony Audio premium copy version deal,No receipt available. Perfect copy and hard to tell.,Sony,Audio,309.22,USD,554,4.12,459,191,US,19,0
Verified Apple Audio listing,Minimal wear. Verified authenticity by trusted reseller.,Apple,Audio,861.35,USD,802,4.95,989,395,DE,25,0
Verified Louis Vuitton Sneakers listing,Serial number available. Fast shipping and returns accepted.,Louis Vuitton,Sneakers,975.86,USD,62,4.57,163,27,IN,10,1
Verified Sony Cameras listing,Serial number available. Fast shipping and returns accepted.,Sony,Cameras,264.87,USD,0,2.82,119,0,CN,3,1
Verified Samsung Electronics listing,Serial number available. Fast shipping and returns accepted.,Samsung,Electronics,562.65,USD,771,4.64,339,225,IN,11,0
Luxury Nike dm for more item,No receipt available. Perfect copy and hard to tell.,Nike,Handbags,41.96,USD,51,2.17,194,32,DE,12,1
Original Gucci Watches with full packaging,Purchased from official store. Invoice and original box included.,Gucci,Watches,544.46,USD,0,5.0,53,47,JP,0,1
Bose Cameras in excellent condition,Minimal wear. Verified authenticity by trusted reseller.,Bose,Cameras,106.99,USD,433,4.68,612,190,GB,21,0
Verified Rolex Electronics listing,Minimal wear. Verified authenticity by trusted reseller.,Rolex,Electronics,3789.57,USD,0,4.16,181,0,IN,6,1
Original Canon Watches with full packaging,Serial number available. Fast shipping and returns accepted.,Canon,Watches,404.14,USD,30,4.11,0,4,TR,6,1
Luxury Adidas discounted luxury item,"DM for wholesale and better price, limited details.",Adidas,Handbags,25.43,USD,142,3.76,173,71,AE,3,1
Verified Bose Sneakers listing,Serial number available. Fast shipping and returns accepted.,Bose,Sneakers,136.91,USD,230,3.54,70,0,CN,13,1
Nike Sneakers premium wholesale lot deal,"DM for wholesale and better price, limited details.",Nike,Sneakers,61.14,USD,169,3.47,0,7,DE,0,1
Canon Handbags in excellent condition,Serial number available. Fast shipping and returns accepted.,Canon,Handbags,533.59,USD,1576,3.69,624,455,IN,34,0
Original Adidas Sneakers with full packaging,Purchased from official store. Invoice and original box included.,Adidas,Sneakers,45.43,USD,97,2.99,0,52,JP,16,1
Original Adidas Audio with full packaging,Purchased from official store. Invoice and original box included.,Adidas,Audio,89.46,USD,265,4.82,659,128,TR,4,0
Samsung Cameras in excellent condition,Serial number available. Fast shipping and returns accepted.,Samsung,Cameras,639.02,USD,1119,4.72,1113,397,CN,33,0
Canon Cameras in excellent condition,Minimal wear. Verified authenticity by trusted reseller.,Canon,Cameras,754.31,USD,37,4.43,1004,215,CN,28,0
Louis Vuitton Cameras in excellent condition,Serial number available. Fast shipping and returns accepted.,Louis Vuitton,Cameras,1040.72,USD,84,2.34,0,62,JP,1,1
Verified Apple Electronics listing,Minimal wear. Verified authenticity by trusted reseller.,Apple,Electronics,592.08,USD,999,4.37,45,46,TR,22,0
Verified Gucci Electronics listing,Serial number available. Fast shipping and returns accepted.,Gucci,Electronics,1126.82,USD,399,4.34,916,289,DE,30,0
Verified Bose Electronics listing,Purchased from official store. Invoice and original box included.,Bose,Electronics,186.86,USD,479,4.27,88,174,JP,0,0
Adidas Watches premium looks original deal,"Factory source stock, no box but same quality as original.",Adidas,Watches,68.92,USD,78,3.6,16,23,GB,11,1
Adidas Audio wholesale lot,"Factory source stock, no box but same quality as original.",Adidas,Audio,35.5,USD,29,2.08,127,48,TR,18,1
Original Nike Watches with full packaging,Minimal wear. Verified authenticity by trusted reseller.,Nike,Watches,16.14,USD,173,1.94,32,11,AE,6,1
Original Sony Handbags with full packaging,Serial number available. Fast shipping and returns accepted.,Sony,Handbags,477.85,USD,0,3.74,61,0,US,18,0
Canon Sneakers in excellent condition,Minimal wear. Verified authenticity by trusted reseller.,Canon,Sneakers,480.94,USD,89,3.43,65,0,CN,1,1
Luxury Rolex factory surplus item,"DM for wholesale and better price, limited details.",Rolex,Audio,1684.26,USD,147,3.88,196,0,CN,8,1
Apple Electronics factory surplus,"Factory source stock, no box but same quality as original.",Apple,Electronics,357.87,USD,152,2.78,106,0,IN,0,1
Apple Sneakers in excellent condition,Serial number available. Fast shipping and returns accepted.,Apple,Sneakers,662.27,USD,1315,3.94,683,356,GB,29,0
Adidas Audio in excellent condition,Purchased from official store. Invoice and original box included.,Adidas,Audio,111.6,USD,857,4.26,762,10,US,19,0
Original Rolex Audio with full packaging,Purchased from official store. Invoice and original box included.,Rolex,Audio,10386.08,USD,1200,4.14,953,305,JP,37,0
Louis Vuitton Handbags wholesale lot,"Factory source stock, no box but same quality as original.",Louis Vuitton,Handbags,1838.81,USD,104,2.83,0,0,JP,8,1
Nike Sneakers mirror quality,"DM for wholesale and better price, limited details.",Nike,Sneakers,85.37,USD,36,3.61,58,0,GB,12,1
Luxury Rolex mirror quality item,"Factory source stock, no box but same quality as original.",Rolex,Watches,2370.56,USD,112,2.61,13,0,TR,21,1
Apple Sneakers in excellent condition,Purchased from official store. Invoice and original box included.,Apple,Sneakers,684.56,USD,189,5.0,822,739,CN,0,0
Bose Cameras copy version,"Factory source stock, no box but same quality as original.",Bose,Cameras,110.81,USD,40,4.07,121,0,DE,0,1
Apple Watches in excellent condition,Purchased from official store. Invoice and original box included.,Apple,Watches,740.58,USD,466,4.83,918,297,JP,21,0
Sony Electronics authentic style,"DM for wholesale and better price, limited details.",Sony,Electronics,482.45,USD,525,4.12,652,0,IN,1,0
Verified Samsung Cameras listing,Purchased from official store. Invoice and original box included.,Samsung,Cameras,387.5,USD,195,3.54,32,43,IN,13,1
Original Gucci Electronics with full packaging,Purchased from official store. Invoice and original box included.,Gucci,Electronics,3470.93,USD,0,1.95,162,31,TR,11,0
Verified Apple Audio listing,Minimal wear. Verified authenticity by trusted reseller.,Apple,Audio,874.71,USD,1160,4.0,410,288,IN,32,0
Original Apple Handbags with full packaging,Serial number available. Fast shipping and returns accepted.,Apple,Handbags,565.35,USD,4,4.35,689,232,US,27,0
Original Louis Vuitton Handbags with full packaging,Minimal wear. Verified authenticity by trusted reseller.,Louis Vuitton,Handbags,535.85,USD,83,2.86,42,25,TR,14,1
Original Canon Sneakers with full packaging,Minimal wear. Verified authenticity by trusted reseller.,Canon,Sneakers,532.17,USD,253,4.05,63,50,AE,10,1
Verified Sony Cameras listing,Serial number available. Fast shipping and returns accepted.,Sony,Cameras,301.37,USD,153,4.04,28,31,TR,11,1
Verified Nike Cameras listing,Minimal wear. Verified authenticity by trusted reseller.,Nike,Cameras,148.72,USD,944,3.89,0,119,DE,34,0
Verified Bose Cameras listing,Serial number available. Fast shipping and returns accepted.,Bose,Cameras,311.35,USD,930,4.96,701,0,DE,29,0
Verified Samsung Audio listing,Serial number available. Fast shipping and returns accepted.,Samsung,Audio,717.93,USD,889,4.51,0,13,GB,0,0
Apple Sneakers in excellent condition,Minimal wear. Verified authenticity by trusted reseller.,Apple,Sneakers,1079.33,USD,722,4.08,1143,504,GB,12,0
Sony Cameras copy version,"DM for wholesale and better price, limited details.",Sony,Cameras,125.43,USD,32,3.25,0,40,JP,0,1
Original Nike Watches with full packaging,Purchased from official store. Invoice and original box included.,Nike,Watches,44.15,USD,951,4.56,500,351,US,10,0
Bose Handbags in excellent condition,Serial number available. Fast shipping and returns accepted.,Bose,Handbags,10.0,USD,32,3.18,48,58,AE,0,1
Bose Cameras in excellent condition,Minimal wear. Verified authenticity by trusted reseller.,Bose,Cameras,136.17,USD,0,4.23,1260,256,IN,34,0
Gucci Watches in excellent condition,Purchased from official store. Invoice and original box included.,Gucci,Watches,1301.93,USD,19,4.37,956,139,CN,12,0
Sony Electronics in excellent condition,Minimal wear. Verified authenticity by trusted reseller.,Sony,Electronics,524.77,USD,0,4.27,570,202,DE,14,0
Gucci Audio in excellent condition,Minimal wear. Verified authenticity by trusted reseller.,Gucci,Audio,4186.04,USD,42,2.1,0,0,US,5,1
Nike Watches in excellent condition,Serial number available. Fast shipping and returns accepted.,Nike,Watches,103.88,USD,480,4.64,444,101,TR,17,1
Verified Bose Audio listing,Minimal wear. Verified authenticity by trusted reseller.,Bose,Audio,252.0,USD,81,4.0,0,327,IN,18,0
Rolex Watches premium copy version deal,"Factory source stock, no box but same quality as original.",Rolex,Watches,7574.21,USD,0,2.11,0,28,DE,19,0
Nike Electronics in excellent condition,Minimal wear. Verified authenticity by trusted reseller.,Nike,Electronics,156.11,USD,973,4.62,134,306,GB,30,0
Louis Vuitton Audio premium 1:1 deal,No receipt available. Perfect copy and hard to tell.,Louis Vuitton,Audio,290.26,USD,150,3.27,155,0,US,11,1
Original Bose Audio with full packaging,Serial number available. Fast shipping and returns accepted.,Bose,Audio,59.24,USD,1270,4.02,1034,84,TR,24,1
Verified Samsung Sneakers listing,Minimal wear. Verified authenticity by trusted reseller.,Samsung,Sneakers,456.23,USD,1225,4.47,820,232,JP,22,0
Luxury Canon replica item,No receipt available. Perfect copy and hard to tell.,Canon,Audio,307.62,USD,93,2.64,203,0,GB,4,1
Bose Electronics authentic style,"Factory source stock, no box but same quality as original.",Bose,Electronics,231.02,USD,857,4.19,714,158,TR,52,0
Adidas Watches in excellent condition,Purchased from official store. Invoice and original box included.,Adidas,Watches,78.84,USD,771,4.04,668,34,AE,14,0
Luxury Apple without receipt item,"DM for wholesale and better price, limited details.",Apple,Watches,383.25,USD,38,4.28,118,0,US,10,1
Verified Samsung Sneakers listing,Purchased from official store. Invoice and original box included.,Samsung,Sneakers,718.21,USD,557,5.0,402,72,IN,29,0
Louis Vuitton Handbags dm for more,"Factory source stock, no box but same quality as original.",Louis Vuitton,Handbags,5446.25,USD,48,4.27,0,1,JP,7,1
Samsung Electronics in excellent condition,Purchased from official store. Invoice and original box included.,Samsung,Electronics,568.96,USD,753,3.73,953,355,US,29,0
Verified Apple Watches listing,Minimal wear. Verified authenticity by trusted reseller.,Apple,Watches,693.95,USD,739,4.0,369,465,US,35,0
Original Canon Electronics with full packaging,Minimal wear. Verified authenticity by trusted reseller.,Canon,Electronics,853.67,USD,878,4.99,0,192,DE,18,0
Gucci Cameras in excellent condition,Serial number available. Fast shipping and returns accepted.,Gucci,Cameras,1478.8,USD,910,5.0,546,303,GB,36,0
Original Bose Handbags with full packaging,Purchased from official store. Invoice and original box included.,Bose,Handbags,179.71,USD,846,5.0,777,448,JP,20,0
Original Rolex Sneakers with full packaging,Minimal wear. Verified authenticity by trusted reseller.,Rolex,Sneakers,7023.35,USD,198,2.45,62,25,US,5,1
Apple Cameras in excellent condition,Purchased from official store. Invoice and original box included.,Apple,Cameras,304.18,USD,0,3.45,277,4,IN,11,1
Verified Louis Vuitton Handbags listing,Minimal wear. Verified authenticity by trusted reseller.,Louis Vuitton,Handbags,343.34,USD,637,4.82,485,140,JP,19,0
Verified Adidas Watches listing,Purchased from official store. Invoice and original box included.,Adidas,Watches,72.99,USD,796,4.89,1077,359,GB,4,0
Verified Nike Handbags listing,Minimal wear. Verified authenticity by trusted reseller.,Nike,Handbags,127.45,USD,581,3.58,62,105,AE,21,0
Verified Rolex Electronics listing,Serial number available. Fast shipping and returns accepted.,Rolex,Electronics,9169.82,USD,556,4.0,525,0,JP,25,0
Verified Canon Handbags listing,Purchased from official store. Invoice and original box included.,Canon,Handbags,691.71,USD,698,4.34,1523,202,US,0,0
Original Samsung Electronics with full packaging,Purchased from official store. Invoice and original box included.,Samsung,Electronics,1048.82,USD,662,4.01,1250,0,JP,7,0
Verified Louis Vuitton Audio listing,Purchased from official store. Invoice and original box included.,Louis Vuitton,Audio,889.52,USD,129,3.25,99,21,GB,2,1
Samsung Cameras in excellent condition,Minimal wear. Verified authenticity by trusted reseller.,Samsung,Cameras,1093.33,USD,673,4.81,197,69,IN,7,0
Original Sony Sneakers with full packaging,Serial number available. Fast shipping and returns accepted.,Sony,Sneakers,330.0,USD,1025,4.42,1415,322,TR,0,0
Original Adidas Sneakers with full packaging,Serial number available. Fast shipping and returns accepted.,Adidas,Sneakers,59.34,USD,840,4.37,471,0,US,43,0
Gucci Electronics copy version,"Factory source stock, no box but same quality as original.",Gucci,Electronics,390.34,USD,433,3.3,2,34,DE,12,1
Gucci Audio in excellent condition,Minimal wear. Verified authenticity by trusted reseller.,Gucci,Audio,2402.68,USD,430,4.67,299,229,AE,22,0
Verified Apple Audio listing,Purchased from official store. Invoice and original box included.,Apple,Audio,873.83,USD,0,4.78,313,214,US,29,0
Verified Samsung Cameras listing,Minimal wear. Verified authenticity by trusted reseller.,Samsung,Cameras,702.12,USD,820,5.0,456,95,US,7,0
Nike Audio premium dm for more deal,"DM for wholesale and better price, limited details.",Nike,Audio,62.85,USD,79,2.57,16,0,IN,8,1
Luxury Gucci without receipt item,"Factory source stock, no box but same quality as original.",Gucci,Audio,769.63,USD,111,3.12,75,0,DE,2,1
Gucci Electronics in excellent condition,Serial number available. Fast shipping and returns accepted.,Gucci,Electronics,1821.98,USD,888,4.02,1202,617,CN,29,0
Original Nike Watches with full packaging,Minimal wear. Verified authenticity by trusted reseller.,Nike,Watches,92.21,USD,0,4.05,387,186,TR,10,0
Luxury Apple authentic style item,"Factory source stock, no box but same quality as original.",Apple,Audio,240.79,USD,126,3.68,331,49,US,8,1
Nike Handbags premium wholesale lot deal,No receipt available. Perfect copy and hard to tell.,Nike,Handbags,59.85,USD,26,3.75,0,11,IN,10,1
Sony Sneakers in excellent condition,Serial number available. Fast shipping and returns accepted.,Sony,Sneakers,209.03,USD,309,4.63,790,278,IN,39,0
Canon Watches in excellent condition,Serial number available. Fast shipping and returns accepted.,Canon,Watches,598.33,USD,324,3.86,36,536,AE,28,0
Original Nike Electronics with full packaging,Serial number available. Fast shipping and returns accepted.,Nike,Electronics,72.4,USD,0,3.76,0,0,IN,12,1
Verified Louis Vuitton Watches listing,Minimal wear. Verified authenticity by trusted reseller.,Louis Vuitton,Watches,1966.72,USD,580,4.25,1165,0,US,25,0
Verified Rolex Sneakers listing,Minimal wear. Verified authenticity by trusted reseller.,Rolex,Sneakers,11044.47,USD,570,4.98,1284,327,IN,25,0
Bose Handbags in excellent condition,Purchased from official store. Invoice and original box included.,Bose,Handbags,288.11,USD,208,4.44,459,390,CN,4,0
Luxury Adidas looks original item,No receipt available. Perfect copy and hard to tell.,Adidas,Sneakers,48.02,USD,123,2.98,48,45,JP,5,1
Samsung Sneakers in excellent condition,Minimal wear. Verified authenticity by trusted reseller.,Samsung,Sneakers,832.96,USD,452,4.91,467,521,GB,27,0
Luxury Rolex inspired item,"Factory source stock, no box but same quality as original.",Rolex,Watches,22129.22,USD,55,2.32,46,0,GB,11,1
Verified Gucci Handbags listing,Serial number available. Fast shipping and returns accepted.,Gucci,Handbags,1582.72,USD,328,4.17,1,46,AE,6,0
Luxury Gucci authentic style item,No receipt available. Perfect copy and hard to tell.,Gucci,Cameras,438.02,USD,0,2.39,0,28,DE,21,1
Samsung Sneakers in excellent condition,Purchased from official store. Invoice and original box included.,Samsung,Sneakers,643.78,USD,481,4.22,719,114,JP,39,0
Verified Samsung Audio listing,Minimal wear. Verified authenticity by trusted reseller.,Samsung,Audio,767.45,USD,469,4.68,1050,195,AE,20,0
Verified Rolex Electronics listing,Purchased from official store. Invoice and original box included.,Rolex,Electronics,11691.65,USD,572,3.63,1371,154,TR,17,0
Verified Nike Sneakers listing,Minimal wear. Verified authenticity by trusted reseller.,Nike,Sneakers,168.88,USD,728,3.67,359,53,TR,43,0
Canon Cameras in excellent condition,Minimal wear. Verified authenticity by trusted reseller.,Canon,Cameras,1275.41,USD,449,4.34,1235,195,IN,7,0
Canon Audio in excellent condition,Minimal wear. Verified authenticity by trusted reseller.,Canon,Audio,486.9,USD,13,3.24,0,0,CN,38,1
Original Rolex Handbags with full packaging,Purchased from official store. Invoice and original box included.,Rolex,Handbags,6060.0,USD,253,4.48,0,0,IN,0,1
Samsung Cameras premium dm for more deal,"DM for wholesale and better price, limited details.",Samsung,Cameras,1360.64,USD,271,4.53,69,72,TR,17,1
Samsung Sneakers in excellent condition,Serial number available. Fast shipping and returns accepted.,Samsung,Sneakers,949.08,USD,199,5.0,1095,354,IN,10,0
Bose Watches copy version,"DM for wholesale and better price, limited details.",Bose,Watches,91.44,USD,58,3.11,46,32,DE,2,1
Verified Canon Watches listing,Minimal wear. Verified authenticity by trusted reseller.,Canon,Watches,1286.63,USD,533,4.79,1338,434,DE,21,0
Original Bose Handbags with full packaging,Purchased from official store. Invoice and original box included.,Bose,Handbags,161.29,USD,830,4.28,35,0,GB,29,0
Original Gucci Electronics with full packaging,Minimal wear. Verified authenticity by trusted reseller.,Gucci,Electronics,485.66,USD,192,2.96,0,12,JP,16,0
Original Louis Vuitton Electronics with full packaging,Serial number available. Fast shipping and returns accepted.,Louis Vuitton,Electronics,1347.14,USD,450,3.96,376,286,IN,28,0
Verified Nike Watches listing,Purchased from official store. Invoice and original box included.,Nike,Watches,98.42,USD,343,4.64,204,540,GB,36,0
Original Louis Vuitton Audio with full packaging,Purchased from official store. Invoice and original box included.,Louis Vuitton,Audio,835.23,USD,58,3.0,0,43,TR,2,1
Original Canon Watches with full packaging,Serial number available. Fast shipping and returns accepted.,Canon,Watches,689.23,USD,120,4.18,1079,182,GB,40,0
Original Apple Sneakers with full packaging,Minimal wear. Verified authenticity by trusted reseller.,Apple,Sneakers,867.61,USD,913,4.55,1080,0,IN,17,0
Gucci Handbags in excellent condition,Minimal wear. Verified authenticity by trusted reseller.,Gucci,Handbags,891.37,USD,26,2.67,173,0,DE,0,1
Luxury Bose mirror quality item,"DM for wholesale and better price, limited details.",Bose,Audio,116.81,USD,0,3.68,4,49,AE,4,1
Verified Sony Electronics listing,Minimal wear. Verified authenticity by trusted reseller.,Sony,Electronics,612.74,USD,175,4.47,1801,261,CN,22,0
Nike Watches in excellent condition,Minimal wear. Verified authenticity by trusted reseller.,Nike,Watches,127.21,USD,227,4.14,0,81,TR,1,0
Adidas Handbags replica,No receipt available. Perfect copy and hard to tell.,Adidas,Handbags,25.71,USD,0,3.86,20,25,US,12,1
Verified Rolex Electronics listing,Serial number available. Fast shipping and returns accepted.,Rolex,Electronics,18951.47,USD,0,3.54,136,20,GB,16,1
Original Samsung Handbags with full packaging,Serial number available. Fast shipping and returns accepted.,Samsung,Handbags,761.31,USD,1214,4.16,966,190,IN,23,0
Rolex Watches authentic style,No receipt available. Perfect copy and hard to tell.,Rolex,Watches,9982.38,USD,28,4.15,1023,96,CN,10,0
Louis Vuitton Sneakers in excellent condition,Purchased from official store. Invoice and original box included.,Louis Vuitton,Sneakers,2129.23,USD,917,4.36,1684,398,US,19,0
Original Canon Audio with full packaging,Purchased from official store. Invoice and original box included.,Canon,Audio,967.82,USD,1080,3.82,840,469,AE,30,0
Original Rolex Handbags with full packaging,Minimal wear. Verified authenticity by trusted reseller.,Rolex,Handbags,10672.27,USD,578,4.07,579,284,DE,34,0
Sony Handbags 1:1,"Factory source stock, no box but same quality as original.",Sony,Handbags,110.31,USD,0,3.67,0,53,TR,5,1
Verified Sony Handbags listing,Minimal wear. Verified authenticity by trusted reseller.,Sony,Handbags,202.79,USD,24,3.21,151,12,GB,0,1
Verified Samsung Sneakers listing,Purchased from official store. Invoice and original box included.,Samsung,Sneakers,1078.22,USD,1082,4.18,968,296,AE,37,0
Verified Louis Vuitton Audio listing,Minimal wear. Verified authenticity by trusted reseller.,Louis Vuitton,Audio,1182.99,USD,776,4.41,956,370,GB,16,0
Verified Samsung Sneakers listing,Serial number available. Fast shipping and returns accepted.,Samsung,Sneakers,910.75,USD,457,4.91,934,335,JP,20,0
Verified Canon Cameras listing,Purchased from official store. Invoice and original box included.,Canon,Cameras,881.85,USD,844,4.08,1338,382,JP,11,0
Louis Vuitton Audio in excellent condition,Serial number available. Fast shipping and returns accepted.,Louis Vuitton,Audio,687.43,USD,142,4.09,27,49,IN,22,1
Original Louis Vuitton Electronics with full packaging,Purchased from official store. Invoice and original box included.,Louis Vuitton,Electronics,1410.77,USD,0,4.49,1085,0,JP,31,0
Nike Audio in excellent condition,Serial number available. Fast shipping and returns accepted.,Nike,Audio,100.91,USD,267,4.73,98,371,GB,9,0
Sony Audio in excellent condition,Purchased from official store. Invoice and original box included.,Sony,Audio,406.89,USD,645,4.78,1262,66,TR,26,0
Adidas Audio in excellent condition,Minimal wear. Verified authenticity by trusted reseller.,Adidas,Audio,68.23,USD,584,4.13,542,338,AE,18,0
Sony Audio in excellent condition,Serial number available. Fast shipping and returns accepted.,Sony,Audio,378.5,USD,468,4.32,349,315,IN,37,0
Verified Sony Cameras listing,Serial number available. Fast shipping and returns accepted.,Sony,Cameras,393.55,USD,975,4.15,1010,467,CN,12,0
Nike Watches premium without receipt deal,"Factory source stock, no box but same quality as original.",Nike,Watches,56.08,USD,9,2.95,62,0,IN,12,1
Samsung Watches in excellent condition,Serial number available. Fast shipping and returns accepted.,Samsung,Watches,207.18,USD,374,4.72,1197,155,AE,15,0
Nike Handbags in excellent condition,Serial number available. Fast shipping and returns accepted.,Nike,Handbags,397.69,USD,229,2.02,0,0,IN,6,1
Original Bose Electronics with full packaging,Serial number available. Fast shipping and returns accepted.,Bose,Electronics,35.79,USD,72,2.01,261,8,JP,0,1
Original Gucci Sneakers with full packaging,Minimal wear. Verified authenticity by trusted reseller.,Gucci,Sneakers,1241.13,USD,624,4.91,816,105,AE,55,0
Original Gucci Electronics with full packaging,Serial number available. Fast shipping and returns accepted.,Gucci,Electronics,1264.63,USD,1062,4.09,749,259,US,14,0
Verified Adidas Electronics listing,Purchased from official store. Invoice and original box included.,Adidas,Electronics,67.02,USD,1019,3.79,169,105,CN,28,0
Luxury Sony factory surplus item,No receipt available. Perfect copy and hard to tell.,Sony,Electronics,223.55,USD,178,4.47,67,3,GB,11,1
Verified Bose Audio listing,Purchased from official store. Invoice and original box included.,Bose,Audio,228.16,USD,848,4.74,472,778,US,37,0
Original Gucci Sneakers with full packaging,Minimal wear. Verified authenticity by trusted reseller.,Gucci,Sneakers,543.89,USD,0,3.57,69,19,GB,6,1
Apple Audio in excellent condition,Purchased from official store. Invoice and original box included.,Apple,Audio,387.33,USD,49,2.28,224,43,TR,7,1
Original Rolex Handbags with full packaging,Serial number available. Fast shipping and returns accepted.,Rolex,Handbags,6645.92,USD,0,4.76,618,537,JP,32,0
Canon Cameras in excellent condition,Minimal wear. Verified authenticity by trusted reseller.,Canon,Cameras,2425.0,USD,166,3.43,191,9,GB,0,1
Canon Electronics without receipt,"Factory source stock, no box but same quality as original.",Canon,Electronics,190.17,USD,0,3.51,25,13,CN,4,1
Apple Watches wholesale lot,No receipt available. Perfect copy and hard to tell.,Apple,Watches,173.6,USD,24,3.8,136,16,CN,0,1
Luxury Nike factory surplus item,"Factory source stock, no box but same quality as original.",Nike,Electronics,37.96,USD,0,3.12,183,0,GB,17,1
Verified Nike Sneakers listing,Serial number available. Fast shipping and returns accepted.,Nike,Sneakers,144.02,USD,390,4.2,185,205,US,10,0
Apple Cameras in excellent condition,Minimal wear. Verified authenticity by trusted reseller.,Apple,Cameras,1365.82,USD,69,4.42,0,0,TR,23,0
Original Rolex Audio with full packaging,Minimal wear. Verified authenticity by trusted reseller.,Rolex,Audio,5912.26,USD,269,4.7,746,82,US,1,0
Adidas Handbags premium no box deal,"DM for wholesale and better price, limited details.",Adidas,Handbags,67.52,USD,0,3.28,170,6,IN,0,1
Gucci Handbags premium 1:1 deal,"DM for wholesale and better price, limited details.",Gucci,Handbags,971.91,USD,37,4.05,57,27,CN,6,1
Sony Handbags dm for more,"Factory source stock, no box but same quality as original.",Sony,Handbags,221.65,USD,75,1.0,135,0,US,2,1
Verified Sony Cameras listing,Minimal wear. Verified authenticity by trusted reseller.,Sony,Cameras,313.09,USD,311,4.46,1053,77,GB,15,0
Sony Watches in excellent condition,Serial number available. Fast shipping and returns accepted.,Sony,Watches,248.58,USD,0,2.32,72,41,AE,8,1
Original Sony Audio with full packaging,Purchased from official store. Invoice and original box included.,Sony,Audio,392.4,USD,248,4.06,1178,334,GB,35,0
Verified Nike Audio listing,Purchased from official store. Invoice and original box included.,Nike,Audio,92.05,USD,657,4.06,0,305,GB,23,0
Verified Louis Vuitton Electronics listing,Minimal wear. Verified authenticity by trusted reseller.,Louis Vuitton,Electronics,2176.46,USD,950,4.35,141,127,JP,30,0
Verified Apple Electronics listing,Serial number available. Fast shipping and returns accepted.,Apple,Electronics,515.41,USD,0,4.21,0,34,DE,23,1
Original Apple Handbags with full packaging,Purchased from official store. Invoice and original box included.,Apple,Handbags,527.22,USD,616,4.45,924,493,CN,20,0
Original Rolex Audio with full packaging,Serial number available. Fast shipping and returns accepted.,Rolex,Audio,7137.14,USD,431,4.26,1458,194,JP,0,0
Luxury Samsung looks original item,"DM for wholesale and better price, limited details.",Samsung,Electronics,705.32,USD,962,3.75,1010,267,GB,34,0
Nike Electronics in excellent condition,Purchased from official store. Invoice and original box included.,Nike,Electronics,66.76,USD,209,4.83,307,161,DE,23,0
Original Canon Cameras with full packaging,Purchased from official store. Invoice and original box included.,Canon,Cameras,2159.67,USD,0,2.69,0,5,US,7,1
Verified Gucci Electronics listing,Serial number available. Fast shipping and returns accepted.,Gucci,Electronics,343.97,USD,1040,4.49,928,175,DE,1,0
Canon Electronics in excellent condition,Serial number available. Fast shipping and returns accepted.,Canon,Electronics,1320.54,USD,612,4.06,666,217,CN,22,0
Verified Adidas Audio listing,Minimal wear. Verified authenticity by trusted reseller.,Adidas,Audio,120.09,USD,31,4.35,1312,206,DE,33,0
Verified Louis Vuitton Handbags listing,Minimal wear. Verified authenticity by trusted reseller.,Louis Vuitton,Handbags,1728.8,USD,649,4.63,370,210,AE,18,0
Canon Audio in excellent condition,Serial number available. Fast shipping and returns accepted.,Canon,Audio,1244.4,USD,704,4.6,1120,76,DE,20,1
Original Louis Vuitton Audio with full packaging,Serial number available. Fast shipping and returns accepted.,Louis Vuitton,Audio,1577.83,USD,67,3.98,176,0,DE,9,1
Verified Louis Vuitton Electronics listing,Purchased from official store. Invoice and original box included.,Louis Vuitton,Electronics,2056.11,USD,477,4.26,1016,402,JP,4,0
Nike Audio in excellent condition,Minimal wear. Verified authenticity by trusted reseller.,Nike,Audio,46.72,USD,0,3.98,124,38,IN,10,1
Verified Bose Watches listing,Purchased from official store. Invoice and original box included.,Bose,Watches,203.96,USD,221,4.56,1142,337,AE,22,0
Verified Apple Watches listing,Minimal wear. Verified authenticity by trusted reseller.,Apple,Watches,984.84,USD,409,4.67,626,474,CN,10,0
Verified Samsung Audio listing,Minimal wear. Verified authenticity by trusted reseller.,Samsung,Audio,762.97,USD,483,3.99,0,71,JP,11,0
Nike Audio in excellent condition,Serial number available. Fast shipping and returns accepted.,Nike,Audio,126.17,USD,606,5.0,857,596,DE,21,0
Verified Adidas Audio listing,Minimal wear. Verified authenticity by trusted reseller.,Adidas,Audio,65.96,USD,505,4.13,1022,0,TR,4,0
Original Samsung Audio with full packaging,Minimal wear. Verified authenticity by trusted reseller.,Samsung,Audio,335.98,USD,0,2.36,254,0,IN,0,1
Rolex Watches in excellent condition,Purchased from official store. Invoice and original box included.,Rolex,Watches,9095.83,USD,724,4.43,1406,347,DE,16,0
Louis Vuitton Watches in excellent condition,Purchased from official store. Invoice and original box included.,Louis Vuitton,Watches,2202.34,USD,165,4.69,415,103,DE,14,0
Original Canon Electronics with full packaging,Serial number available. Fast shipping and returns accepted.,Canon,Electronics,471.93,USD,235,3.46,127,57,GB,2,1
Original Rolex Audio with full packaging,Minimal wear. Verified authenticity by trusted reseller.,Rolex,Audio,10237.93,USD,35,5.0,153,349,IN,22,0
Samsung Handbags in excellent condition,Minimal wear. Verified authenticity by trusted reseller.,Samsung,Handbags,478.09,USD,0,4.03,0,516,JP,43,0
Original Louis Vuitton Cameras with full packaging,Minimal wear. Verified authenticity by trusted reseller.,Louis Vuitton,Cameras,1339.29,USD,667,4.33,579,159,IN,24,0
Sony Cameras without receipt,"DM for wholesale and better price, limited details.",Sony,Cameras,159.66,USD,127,3.13,189,52,TR,15,1
Verified Samsung Watches listing,Serial number available. Fast shipping and returns accepted.,Samsung,Watches,1104.55,USD,433,4.2,688,561,TR,1,0
Rolex Audio premium no box deal,No receipt available. Perfect copy and hard to tell.,Rolex,Audio,4400.13,USD,0,2.77,92,55,US,4,1
Rolex Electronics in excellent condition,Minimal wear. Verified authenticity by trusted reseller.,Rolex,Electronics,9710.13,USD,0,4.55,813,171,CN,33,0
Samsung Sneakers inspired,"DM for wholesale and better price, limited details.",Samsung,Sneakers,1658.15,USD,48,4.14,178,0,CN,9,1
Apple Cameras premium wholesale lot deal,No receipt available. Perfect copy and hard to tell.,Apple,Cameras,846.22,USD,167,5.0,1004,494,CN,15,0
Verified Adidas Cameras listing,Serial number available. Fast shipping and returns accepted.,Adidas,Cameras,313.73,USD,185,3.34,0,67,IN,10,1
Verified Sony Watches listing,Purchased from official store. Invoice and original box included.,Sony,Watches,415.8,USD,458,4.48,200,164,US,0,0
Verified Samsung Sneakers listing,Minimal wear. Verified authenticity by trusted reseller.,Samsung,Sneakers,718.36,USD,788,4.34,606,265,DE,19,0
Original Louis Vuitton Sneakers with full packaging,Minimal wear. Verified authenticity by trusted reseller.,Louis Vuitton,Sneakers,1325.64,USD,163,4.36,84,216,US,27,0
Verified Samsung Sneakers listing,Minimal wear. Verified authenticity by trusted reseller.,Samsung,Sneakers,604.75,USD,746,4.49,843,170,US,24,0
Verified Samsung Cameras listing,Minimal wear. Verified authenticity by trusted reseller.,Samsung,Cameras,304.77,USD,73,3.95,175,62,AE,0,1
Luxury Canon replica item,"DM for wholesale and better price, limited details.",Canon,Sneakers,534.82,USD,0,3.51,165,0,US,6,1
Verified Nike Watches listing,Serial number available. Fast shipping and returns accepted.,Nike,Watches,127.72,USD,409,4.61,988,364,GB,10,0
Louis Vuitton Electronics in excellent condition,Minimal wear. Verified authenticity by trusted reseller.,Louis Vuitton,Electronics,1628.18,USD,964,4.61,619,174,TR,17,0
Louis Vuitton Cameras premium mirror quality deal,"DM for wholesale and better price, limited details.",Louis Vuitton,Cameras,1041.09,USD,647,4.25,306,265,AE,0,0
Nike Handbags in excellent condition,Minimal wear. Verified authenticity by trusted reseller.,Nike,Handbags,169.2,USD,258,4.45,410,256,IN,27,0
Nike Sneakers 1:1,No receipt available. Perfect copy and hard to tell.,Nike,Sneakers,49.99,USD,78,4.75,194,0,AE,2,1
Bose Cameras in excellent condition,Purchased from official store. Invoice and original box included.,Bose,Cameras,700.73,USD,50,2.76,230,11,AE,4,1
Verified Sony Sneakers listing,Minimal wear. Verified authenticity by trusted reseller.,Sony,Sneakers,452.77,USD,371,3.98,99,0,JP,0,0
Original Louis Vuitton Handbags with full packaging,Purchased from official store. Invoice and original box included.,Louis Vuitton,Handbags,759.88,USD,82,3.0,94,23,CN,16,0
Louis Vuitton Audio inspired,"Factory source stock, no box but same quality as original.",Louis Vuitton,Audio,533.53,USD,146,3.55,0,0,JP,4,1
Louis Vuitton Handbags premium dm for more deal,No receipt available. Perfect copy and hard to tell.,Louis Vuitton,Handbags,953.15,USD,78,3.22,171,12,IN,12,1
Verified Samsung Audio listing,Minimal wear. Verified authenticity by trusted reseller.,Samsung,Audio,469.29,USD,179,2.24,85,40,IN,21,1
Luxury Louis Vuitton factory surplus item,"DM for wholesale and better price, limited details.",Louis Vuitton,Sneakers,2375.54,USD,99,3.5,89,0,JP,1,1
Original Gucci Handbags with full packaging,Purchased from official store. Invoice and original box included.,Gucci,Handbags,725.78,USD,796,3.83,206,0,AE,15,0
Canon Audio in excellent condition,Minimal wear. Verified authenticity by trusted reseller.,Canon,Audio,562.39,USD,84,4.62,160,37,JP,1,1
Adidas Watches in excellent condition,Minimal wear. Verified authenticity by trusted reseller.,Adidas,Watches,87.97,USD,621,5.0,1520,444,DE,17,0
Original Sony Watches with full packaging,Minimal wear. Verified authenticity by trusted reseller.,Sony,Watches,433.55,USD,677,4.24,736,334,TR,30,0
Verified Bose Sneakers listing,Serial number available. Fast shipping and returns accepted.,Bose,Sneakers,129.75,USD,651,4.44,670,381,US,18,0
Verified Louis Vuitton Electronics listing,Purchased from official store. Invoice and original box included.,Louis Vuitton,Electronics,1259.62,USD,95,3.15,0,0,DE,9,1
Samsung Handbags in excellent condition,Purchased from official store. Invoice and original box included.,Samsung,Handbags,320.53,USD,1047,3.46,506,37,IN,11,0
Original Bose Electronics with full packaging,Minimal wear. Verified authenticity by trusted reseller.,Bose,Electronics,241.96,USD,65,4.43,445,123,TR,64,0
Verified Sony Watches listing,Serial number available. Fast shipping and returns accepted.,Sony,Watches,366.26,USD,900,4.49,873,312,IN,10,0
Verified Gucci Handbags listing,Purchased from official store. Invoice and original box included.,Gucci,Handbags,747.01,USD,215,3.46,45,17,TR,6,1
Gucci Handbags in excellent condition,Purchased from official store. Invoice and original box included.,Gucci,Handbags,1521.67,USD,360,4.37,840,0,DE,22,0
Verified Adidas Audio listing,Purchased from official store. Invoice and original box included.,Adidas,Audio,60.9,USD,476,4.45,419,152,DE,23,0
Samsung Sneakers in excellent condition,Serial number available. Fast shipping and returns accepted.,Samsung,Sneakers,418.41,USD,178,3.4,52,0,IN,4,1
Gucci Watches in excellent condition,Purchased from official store. Invoice and original box included.,Gucci,Watches,728.51,USD,141,2.39,227,6,DE,0,1
Adidas Handbags in excellent condition,Serial number available. Fast shipping and returns accepted.,Adidas,Handbags,99.59,USD,221,4.42,301,169,GB,37,0
Rolex Watches premium looks original deal,No receipt available. Perfect copy and hard to tell.,Rolex,Watches,4405.31,USD,178,3.17,8,34,IN,12,1
Verified Louis Vuitton Handbags listing,Serial number available. Fast shipping and returns accepted.,Louis Vuitton,Handbags,2210.06,USD,766,5.0,830,0,JP,31,0
Sony Cameras in excellent condition,Purchased from official store. Invoice and original box included.,Sony,Cameras,332.73,USD,426,4.7,430,500,TR,13,0
Original Louis Vuitton Handbags with full packaging,Serial number available. Fast shipping and returns accepted.,Louis Vuitton,Handbags,1951.56,USD,201,3.83,831,452,TR,21,0
Original Bose Electronics with full packaging,Minimal wear. Verified authenticity by trusted reseller.,Bose,Electronics,112.05,USD,98,1.43,0,0,US,8,1
Original Rolex Audio with full packaging,Serial number available. Fast shipping and returns accepted.,Rolex,Audio,6852.46,USD,625,4.35,602,433,AE,43,0
Original Canon Sneakers with full packaging,Purchased from official store. Invoice and original box included.,Canon,Sneakers,1082.78,USD,1326,4.65,746,188,JP,24,0
Original Louis Vuitton Electronics with full packaging,Serial number available. Fast shipping and returns accepted.,Louis Vuitton,Electronics,1532.82,USD,905,4.99,270,310,GB,26,0
Samsung Electronics in excellent condition,Serial number available. Fast shipping and returns accepted.,Samsung,Electronics,695.97,USD,433,4.44,1115,44,CN,27,0
Original Gucci Cameras with full packaging,Purchased from official store. Invoice and original box included.,Gucci,Cameras,1796.85,USD,887,4.23,395,0,DE,28,0
Gucci Cameras looks original,"Factory source stock, no box but same quality as original.",Gucci,Cameras,2992.49,USD,96,4.02,218,37,GB,1,1
Verified Gucci Sneakers listing,Minimal wear. Verified authenticity by trusted reseller.,Gucci,Sneakers,1280.62,USD,211,4.54,360,279,TR,26,0
Original Sony Sneakers with full packaging,Serial number available. Fast shipping and returns accepted.,Sony,Sneakers,568.47,USD,924,3.54,935,524,US,19,0
Adidas Electronics in excellent condition,Minimal wear. Verified authenticity by trusted reseller.,Adidas,Electronics,21.43,USD,7,3.27,104,29,IN,5,1
Original Canon Handbags with full packaging,Minimal wear. Verified authenticity by trusted reseller.,Canon,Handbags,1062.74,USD,575,4.71,454,207,AE,30,0
Nike Watches premium looks original deal,"DM for wholesale and better price, limited details.",Nike,Watches,76.76,USD,65,2.84,217,0,GB,11,1
Original Louis Vuitton Sneakers with full packaging,Purchased from official store. Invoice and original box included.,Louis Vuitton,Sneakers,3094.72,USD,1017,3.95,398,156,IN,38,0
Gucci Sneakers in excellent condition,Serial number available. Fast shipping and returns accepted.,Gucci,Sneakers,633.86,USD,101,3.23,122,0,IN,3,1
Original Samsung Sneakers with full packaging,Serial number available. Fast shipping and returns accepted.,Samsung,Sneakers,895.07,USD,0,4.15,0,198,AE,16,0
Adidas Sneakers premium authentic style deal,"Factory source stock, no box but same quality as original.",Adidas,Sneakers,49.57,USD,127,3.08,7,14,TR,10,1
Apple Electronics in excellent condition,Minimal wear. Verified authenticity by trusted reseller.,Apple,Electronics,698.42,USD,1060,3.46,582,200,GB,21,0
Original Samsung Cameras with full packaging,Purchased from official store. Invoice and original box included.,Samsung,Cameras,818.73,USD,477,4.52,1340,431,DE,50,0
Nike Audio in excellent condition,Minimal wear. Verified authenticity by trusted reseller.,Nike,Audio,68.62,USD,26,3.26,170,0,IN,18,1
Verified Gucci Handbags listing,Purchased from official store. Invoice and original box included.,Gucci,Handbags,1132.57,USD,400,4.07,130,266,IN,17,0
Apple Sneakers in excellent condition,Minimal wear. Verified authenticity by trusted reseller.,Apple,Sneakers,685.63,USD,494,3.94,113,627,GB,25,0
Verified Gucci Audio listing,Minimal wear. Verified authenticity by trusted reseller.,Gucci,Audio,1069.23,USD,52,3.67,0,0,CN,17,0
Original Gucci Electronics with full packaging,Minimal wear. Verified authenticity by trusted reseller.,Gucci,Electronics,1646.42,USD,705,5.0,253,258,GB,13,0
Original Gucci Sneakers with full packaging,Serial number available. Fast shipping and returns accepted.,Gucci,Sneakers,758.91,USD,101,3.5,0,0,JP,7,1
Original Apple Handbags with full packaging,Serial number available. Fast shipping and returns accepted.,Apple,Handbags,807.15,USD,845,4.35,738,235,DE,9,0
Original Adidas Audio with full packaging,Purchased from official store. Invoice and original box included.,Adidas,Audio,40.57,USD,0,3.37,9,21,CN,0,1
Original Adidas Sneakers with full packaging,Minimal wear. Verified authenticity by trusted reseller.,Adidas,Sneakers,74.89,USD,0,3.73,115,29,DE,13,1
Verified Adidas Handbags listing,Serial number available. Fast shipping and returns accepted.,Adidas,Handbags,58.86,USD,647,4.28,1098,435,GB,37,0
Rolex Watches in excellent condition,Purchased from official store. Invoice and original box included.,Rolex,Watches,10457.19,USD,1039,4.64,374,273,CN,18,0
Luxury Bose wholesale lot item,"Factory source stock, no box but same quality as original.",Bose,Electronics,57.56,USD,56,3.08,221,23,TR,4,1
Sony Audio premium inspired deal,"Factory source stock, no box but same quality as original.",Sony,Audio,245.85,USD,0,3.95,152,16,IN,0,1
Verified Louis Vuitton Electronics listing,Minimal wear. Verified authenticity by trusted reseller.,Louis Vuitton,Electronics,971.78,USD,136,4.12,0,77,DE,13,1
Verified Gucci Handbags listing,Purchased from official store. Invoice and original box included.,Gucci,Handbags,682.31,USD,154,4.01,186,0,IN,4,1
Luxury Canon dm for more item,"Factory source stock, no box but same quality as original.",Canon,Handbags,205.13,USD,149,3.46,79,12,CN,8,1
Adidas Handbags in excellent condition,Purchased from official store. Invoice and original box included.,Adidas,Handbags,86.75,USD,92,5.0,1259,331,DE,19,0
Bose Handbags in excellent condition,Serial number available. Fast shipping and returns accepted.,Bose,Handbags,314.66,USD,1013,3.83,0,30,IN,13,0
Luxury Rolex replica item,No receipt available. Perfect copy and hard to tell.,Rolex,Electronics,6441.34,USD,15,3.19,45,33,GB,15,1
Gucci Watches premium 1:1 deal,No receipt available. Perfect copy and hard to tell.,Gucci,Watches,797.67,USD,237,3.12,26,56,DE,9,1
Gucci Audio in excellent condition,Serial number available. Fast shipping and returns accepted.,Gucci,Audio,1257.03,USD,1116,4.92,591,147,CN,18,0
Luxury Samsung wholesale lot item,"DM for wholesale and better price, limited details.",Samsung,Handbags,1747.72,USD,17,3.28,96,0,AE,7,1
Original Canon Audio with full packaging,Serial number available. Fast shipping and returns accepted.,Canon,Audio,288.23,USD,235,2.72,118,9,IN,4,1
Adidas Electronics premium factory surplus deal,No receipt available. Perfect copy and hard to tell.,Adidas,Electronics,56.31,USD,68,2.25,114,29,AE,5,1
Original Sony Cameras with full packaging,Minimal wear. Verified authenticity by trusted reseller.,Sony,Cameras,264.23,USD,354,4.8,1036,408,TR,13,0
Verified Gucci Electronics listing,Purchased from official store. Invoice and original box included.,Gucci,Electronics,1744.6,USD,406,4.2,968,7,DE,0,0
Luxury Bose discounted luxury item,"DM for wholesale and better price, limited details.",Bose,Audio,19.19,USD,104,3.66,0,42,TR,6,1
Verified Apple Handbags listing,Minimal wear. Verified authenticity by trusted reseller.,Apple,Handbags,724.05,USD,1059,4.61,439,534,IN,42,0
Verified Nike Handbags listing,Serial number available. Fast shipping and returns accepted.,Nike,Handbags,132.21,USD,324,4.27,314,256,JP,13,0
Louis Vuitton Electronics in excellent condition,Serial number available. Fast shipping and returns accepted.,Louis Vuitton,Electronics,1753.29,USD,828,4.4,596,326,JP,26,0
Samsung Watches authentic style,"DM for wholesale and better price, limited details.",Samsung,Watches,296.42,USD,61,3.2,131,49,IN,4,1
Sony Watches in excellent condition,Purchased from official store. Invoice and original box included.,Sony,Watches,260.47,USD,184,4.13,410,369,IN,24,0
Original Canon Cameras with full packaging,Purchased from official store. Invoice and original box included.,Canon,Cameras,558.27,USD,217,4.9,837,636,JP,13,0
Sony Cameras in excellent condition,Minimal wear. Verified authenticity by trusted reseller.,Sony,Cameras,454.69,USD,1155,5.0,564,75,TR,18,0
Original Canon Electronics with full packaging,Serial number available. Fast shipping and returns accepted.,Canon,Electronics,601.7,USD,453,3.59,772,0,GB,21,0
Bose Cameras premium dm for more deal,"Factory source stock, no box but same quality as original.",Bose,Cameras,14.99,USD,48,3.59,109,0,US,0,1
Adidas Electronics premium without receipt deal,"Factory source stock, no box but same quality as original.",Adidas,Electronics,32.18,USD,12,2.59,0,0,IN,9,1
Verified Gucci Sneakers listing,Purchased from official store. Invoice and original box included.,Gucci,Sneakers,1254.03,USD,627,3.75,300,386,DE,53,0
Samsung Electronics in excellent condition,Serial number available. Fast shipping and returns accepted.,Samsung,Electronics,797.83,USD,684,4.7,1023,0,JP,37,0
Adidas Sneakers in excellent condition,Serial number available. Fast shipping and returns accepted.,Adidas,Sneakers,69.61,USD,584,3.62,152,318,IN,10,0
Original Rolex Handbags with full packaging,Serial number available. Fast shipping and returns accepted.,Rolex,Handbags,3189.59,USD,153,3.35,117,52,IN,9,1
Adidas Audio in excellent condition,Purchased from official store. Invoice and original box included.,Adidas,Audio,68.11,USD,161,2.83,212,25,CN,4,1
Verified Apple Watches listing,Serial number available. Fast shipping and returns accepted.,Apple,Watches,1221.1,USD,803,4.24,1182,645,CN,32,0
Verified Louis Vuitton Audio listing,Serial number available. Fast shipping and returns accepted.,Louis Vuitton,Audio,1398.18,USD,1170,3.53,1245,241,CN,34,0
Louis Vuitton Cameras without receipt,"DM for wholesale and better price, limited details.",Louis Vuitton,Cameras,685.46,USD,173,2.44,69,41,CN,13,1
Gucci Handbags in excellent condition,Minimal wear. Verified authenticity by trusted reseller.,Gucci,Handbags,1428.97,USD,1085,4.06,1238,427,CN,16,0
Luxury Louis Vuitton inspired item,"DM for wholesale and better price, limited details.",Louis Vuitton,Audio,499.55,USD,104,3.44,71,39,TR,0,1
Sony Audio in excellent condition,Minimal wear. Verified authenticity by trusted reseller.,Sony,Audio,439.76,USD,551,4.56,121,548,AE,45,0
Canon Handbags in excellent condition,Minimal wear. Verified authenticity by trusted reseller.,Canon,Handbags,778.64,USD,123,4.23,1010,93,IN,0,0
Louis Vuitton Electronics in excellent condition,Serial number available. Fast shipping and returns accepted.,Louis Vuitton,Electronics,1713.08,USD,159,4.73,283,161,JP,25,0
Verified Adidas Watches listing,Minimal wear. Verified authenticity by trusted reseller.,Adidas,Watches,65.78,USD,115,3.29,93,7,GB,20,1
Luxury Rolex discounted luxury item,No receipt available. Perfect copy and hard to tell.,Rolex,Handbags,6066.43,USD,71,3.4,106,0,JP,0,1
Verified Rolex Handbags listing,Purchased from official store. Invoice and original box included.,Rolex,Handbags,10870.17,USD,175,2.93,1242,246,AE,6,0
Verified Canon Sneakers listing,Minimal wear. Verified authenticity by trusted reseller.,Canon,Sneakers,863.96,USD,647,3.72,716,62,GB,12,0
Apple Electronics in excellent condition,Serial number available. Fast shipping and returns accepted.,Apple,Electronics,1102.07,USD,607,4.59,663,413,DE,45,0
Rolex Watches dm for more,No receipt available. Perfect copy and hard to tell.,Rolex,Watches,4406.43,USD,23,3.2,337,26,CN,0,1
Verified Canon Handbags listing,Purchased from official store. Invoice and original box included.,Canon,Handbags,1005.54,USD,427,3.95,1574,381,DE,11,0
Canon Handbags in excellent condition,Minimal wear. Verified authenticity by trusted reseller.,Canon,Handbags,663.98,USD,911,3.61,68,325,IN,28,0
Sony Sneakers premium without receipt deal,"DM for wholesale and better price, limited details.",Sony,Sneakers,180.76,USD,115,3.52,121,24,GB,6,1
Rolex Electronics premium copy version deal,No receipt available. Perfect copy and hard to tell.,Rolex,Electronics,5591.46,USD,261,3.57,111,52,GB,9,1
Canon Audio premium discounted luxury deal,"DM for wholesale and better price, limited details.",Canon,Audio,629.5,USD,764,3.97,1312,464,US,38,0
Verified Bose Electronics listing,Purchased from official store. Invoice and original box included.,Bose,Electronics,359.81,USD,169,3.47,132,65,IN,2,1
Original Apple Handbags with full packaging,Serial number available. Fast shipping and returns accepted.,Apple,Handbags,217.03,USD,57,3.55,34,54,DE,0,1
Verified Samsung Audio listing,Serial number available. Fast shipping and returns accepted.,Samsung,Audio,610.43,USD,0,4.32,1162,189,CN,31,0
Verified Canon Watches listing,Minimal wear. Verified authenticity by trusted reseller.,Canon,Watches,326.06,USD,23,4.23,6,23,CN,3,1
Sony Sneakers in excellent condition,Serial number available. Fast shipping and returns accepted.,Sony,Sneakers,221.46,USD,86,4.27,236,0,IN,15,1
Original Sony Watches with full packaging,Minimal wear. Verified authenticity by trusted reseller.,Sony,Watches,365.14,USD,714,4.81,557,235,CN,30,0
Verified Nike Electronics listing,Purchased from official store. Invoice and original box included.,Nike,Electronics,169.65,USD,398,4.9,622,74,JP,46,0
Original Nike Watches with full packaging,Serial number available. Fast shipping and returns accepted.,Nike,Watches,130.74,USD,784,4.98,761,227,IN,12,0
Verified Nike Cameras listing,Minimal wear. Verified authenticity by trusted reseller.,Nike,Cameras,81.04,USD,890,3.89,82,204,DE,44,0
Samsung Watches in excellent condition,Purchased from official store. Invoice and original box included.,Samsung,Watches,349.7,USD,214,2.35,201,0,DE,3,1
Original Samsung Audio with full packaging,Minimal wear. Verified authenticity by trusted reseller.,Samsung,Audio,312.65,USD,0,3.6,159,55,CN,19,1
Rolex Handbags copy version,"Factory source stock, no box but same quality as original.",Rolex,Handbags,4210.95,USD,0,3.87,151,18,AE,6,1
Original Samsung Cameras with full packaging,Minimal wear. Verified authenticity by trusted reseller.,Samsung,Cameras,478.42,USD,870,4.56,546,190,TR,19,0
Original Gucci Sneakers with full packaging,Serial number available. Fast shipping and returns accepted.,Gucci,Sneakers,537.41,USD,90,3.4,105,0,DE,0,1
Sony Handbags in excellent condition,Minimal wear. Verified authenticity by trusted reseller.,Sony,Handbags,386.49,USD,192,3.78,731,370,CN,8,0
Original Adidas Handbags with full packaging,Serial number available. Fast shipping and returns accepted.,Adidas,Handbags,123.87,USD,579,4.21,702,131,JP,9,0
Rolex Audio looks original,No receipt available. Perfect copy and hard to tell.,Rolex,Audio,5638.73,USD,182,2.92,124,31,JP,9,1
Verified Louis Vuitton Handbags listing,Serial number available. Fast shipping and returns accepted.,Louis Vuitton,Handbags,954.65,USD,0,3.01,0,0,US,0,1
Gucci Cameras premium copy version deal,"DM for wholesale and better price, limited details.",Gucci,Cameras,493.42,USD,144,3.82,52,0,TR,5,1
Apple Sneakers premium wholesale lot deal,"DM for wholesale and better price, limited details.",Apple,Sneakers,2152.22,USD,101,3.51,100,38,AE,5,1
Luxury Sony factory surplus item,No receipt available. Perfect copy and hard to tell.,Sony,Handbags,771.03,USD,202,1.77,166,0,AE,1,1
Luxury Gucci authentic style item,No receipt available. Perfect copy and hard to tell.,Gucci,Watches,2533.41,USD,0,3.05,0,62,GB,19,1
Luxury Sony looks original item,"Factory source stock, no box but same quality as original.",Sony,Watches,747.53,USD,51,2.68,23,0,CN,6,1
Luxury Apple 1:1 item,"DM for wholesale and better price, limited details.",Apple,Watches,171.99,USD,94,2.72,101,48,AE,18,1
Original Samsung Electronics with full packaging,Serial number available. Fast shipping and returns accepted.,Samsung,Electronics,99.91,USD,0,3.29,79,28,JP,10,1
Luxury Sony wholesale lot item,"Factory source stock, no box but same quality as original.",Sony,Handbags,1065.68,USD,93,3.24,143,0,CN,17,1
Luxury Bose 1:1 item,"Factory source stock, no box but same quality as original.",Bose,Cameras,10.0,USD,72,3.75,179,0,TR,4,1
Gucci Electronics in excellent condition,Minimal wear. Verified authenticity by trusted reseller.,Gucci,Electronics,1741.7,USD,78,4.39,727,142,AE,41,0
Apple Audio premium mirror quality deal,"DM for wholesale and better price, limited details.",Apple,Audio,363.07,USD,208,3.6,97,24,IN,29,1
Verified Adidas Audio listing,Purchased from official store. Invoice and original box included.,Adidas,Audio,10.0,USD,0,2.92,303,18,GB,0,1
Verified Canon Sneakers listing,Purchased from official store. Invoice and original box included.,Canon,Sneakers,276.28,USD,118,3.31,132,5,IN,11,1
Luxury Bose 1:1 item,"Factory source stock, no box but same quality as original.",Bose,Cameras,349.98,USD,147,4.45,434,124,CN,25,0
Original Sony Electronics with full packaging,Purchased from official store. Invoice and original box included.,Sony,Electronics,152.61,USD,123,2.95,115,57,DE,0,1
Verified Bose Handbags listing,Minimal wear. Verified authenticity by trusted reseller.,Bose,Handbags,144.62,USD,1001,4.61,1133,149,TR,16,0
Verified Apple Electronics listing,Serial number available. Fast shipping and returns accepted.,Apple,Electronics,548.86,USD,177,4.4,204,326,US,39,0
Original Apple Watches with full packaging,Purchased from official store. Invoice and original box included.,Apple,Watches,1130.14,USD,916,4.78,1017,122,AE,25,0
Verified Canon Electronics listing,Serial number available. Fast shipping and returns accepted.,Canon,Electronics,397.96,USD,262,3.57,215,23,DE,4,1
Rolex Watches in excellent condition,Purchased from official store. Invoice and original box included.,Rolex,Watches,6267.32,USD,914,4.04,957,43,US,34,0
Original Louis Vuitton Audio with full packaging,Purchased from official store. Invoice and original box included.,Louis Vuitton,Audio,2070.96,USD,638,4.14,1098,274,JP,24,0
Rolex Handbags in excellent condition,Purchased from official store. Invoice and original box included.,Rolex,Handbags,8436.88,USD,1052,4.71,1318,547,AE,15,0
Apple Watches in excellent condition,Serial number available. Fast shipping and returns accepted.,Apple,Watches,577.99,USD,138,3.86,515,630,JP,21,0
Gucci Sneakers in excellent condition,Purchased from official store. Invoice and original box included.,Gucci,Sneakers,1791.81,USD,660,4.47,464,208,TR,10,0
Verified Bose Sneakers listing,Minimal wear. Verified authenticity by trusted reseller.,Bose,Sneakers,160.74,USD,1068,4.49,1032,133,GB,8,0
Verified Louis Vuitton Watches listing,Serial number available. Fast shipping and returns accepted.,Louis Vuitton,Watches,1181.96,USD,1025,4.26,0,124,AE,10,0
Verified Gucci Watches listing,Serial number available. Fast shipping and returns accepted.,Gucci,Watches,1485.48,USD,734,3.88,823,420,IN,0,0
Adidas Audio in excellent condition,Serial number available. Fast shipping and returns accepted.,Adidas,Audio,79.76,USD,864,4.74,957,392,TR,28,0
Gucci Sneakers in excellent condition,Serial number available. Fast shipping and returns accepted.,Gucci,Sneakers,1204.37,USD,840,4.29,354,214,CN,24,0
Original Rolex Cameras with full packaging,Serial number available. Fast shipping and returns accepted.,Rolex,Cameras,7871.53,USD,474,4.03,963,7,US,23,0
Adidas Cameras wholesale lot,No receipt available. Perfect copy and hard to tell.,Adidas,Cameras,49.13,USD,55,3.67,57,18,DE,8,1
Bose Sneakers in excellent condition,Minimal wear. Verified authenticity by trusted reseller.,Bose,Sneakers,300.73,USD,309,3.8,489,481,IN,32,0
Verified Apple Sneakers listing,Minimal wear. Verified authenticity by trusted reseller.,Apple,Sneakers,1078.4,USD,339,4.73,1159,117,CN,11,0
Samsung Audio in excellent condition,Purchased from official store. Invoice and original box included.,Samsung,Audio,841.92,USD,806,4.01,685,366,DE,10,0
Louis Vuitton Handbags in excellent condition,Serial number available. Fast shipping and returns accepted.,Louis Vuitton,Handbags,2606.19,USD,0,4.63,551,97,JP,31,0
Verified Adidas Electronics listing,Serial number available. Fast shipping and returns accepted.,Adidas,Electronics,113.18,USD,467,3.78,766,259,US,9,0
Verified Apple Handbags listing,Purchased from official store. Invoice and original box included.,Apple,Handbags,373.07,USD,0,3.49,0,0,TR,0,1
Luxury Apple discounted luxury item,"DM for wholesale and better price, limited details.",Apple,Audio,559.93,USD,124,4.3,230,51,DE,0,1
Louis Vuitton Sneakers in excellent condition,Serial number available. Fast shipping and returns accepted.,Louis Vuitton,Sneakers,1823.6,USD,1014,4.72,584,564,GB,15,0
Original Nike Electronics with full packaging,Purchased from official store. Invoice and original box included.,Nike,Electronics,39.09,USD,118,4.35,0,31,US,10,1
Original Adidas Electronics with full packaging,Minimal wear. Verified authenticity by trusted reseller.,Adidas,Electronics,106.0,USD,435,4.38,276,489,AE,33,0
Original Bose Cameras with full packaging,Minimal wear. Verified authenticity by trusted reseller.,Bose,Cameras,216.51,USD,363,4.24,352,397,JP,25,0
Louis Vuitton Watches in excellent condition,Purchased from official store. Invoice and original box included.,Louis Vuitton,Watches,1185.04,USD,633,4.21,1098,200,GB,27,0
Nike Cameras replica,No receipt available. Perfect copy and hard to tell.,Nike,Cameras,150.23,USD,111,3.44,62,55,JP,10,1
Original Adidas Watches with full packaging,Minimal wear. Verified authenticity by trusted reseller.,Adidas,Watches,114.54,USD,724,3.02,1172,65,IN,15,0
Bose Audio in excellent condition,Serial number available. Fast shipping and returns accepted.,Bose,Audio,146.13,USD,99,3.49,0,0,TR,13,1
Samsung Cameras factory surplus,"DM for wholesale and better price, limited details.",Samsung,Cameras,161.45,USD,177,3.02,255,0,TR,19,1
Verified Apple Watches listing,Purchased from official store. Invoice and original box included.,Apple,Watches,1016.79,USD,687,5.0,490,161,JP,13,0
Original Louis Vuitton Electronics with full packaging,Serial number available. Fast shipping and returns accepted.,Louis Vuitton,Electronics,2413.83,USD,255,4.06,703,183,AE,48,0
Rolex Cameras in excellent condition,Serial number available. Fast shipping and returns accepted.,Rolex,Cameras,4578.92,USD,59,4.62,59,5,CN,2,1
Verified Canon Electronics listing,Minimal wear. Verified authenticity by trusted reseller.,Canon,Electronics,1174.84,USD,85,4.27,617,76,AE,44,0
Original Samsung Watches with full packaging,Minimal wear. Verified authenticity by trusted reseller.,Samsung,Watches,599.13,USD,530,3.85,773,0,IN,21,0
Nike Cameras premium without receipt deal,No receipt available. Perfect copy and hard to tell.,Nike,Cameras,104.19,USD,1165,4.59,1096,270,AE,0,0
Gucci Cameras mirror quality,No receipt available. Perfect copy and hard to tell.,Gucci,Cameras,871.76,USD,71,2.66,59,8,IN,10,1
Nike Sneakers looks original,"Factory source stock, no box but same quality as original.",Nike,Sneakers,278.69,USD,0,3.6,0,9,CN,3,1
Sony Electronics looks original,"Factory source stock, no box but same quality as original.",Sony,Electronics,182.44,USD,11,2.94,102,33,JP,17,1
Louis Vuitton Cameras in excellent condition,Minimal wear. Verified authenticity by trusted reseller.,Louis Vuitton,Cameras,1882.15,USD,875,4.31,167,230,AE,29,0
Luxury Canon discounted luxury item,"DM for wholesale and better price, limited details.",Canon,Audio,1345.58,USD,478,4.15,505,79,US,7,0
Verified Canon Handbags listing,Purchased from official store. Invoice and original box included.,Canon,Handbags,1330.01,USD,432,4.39,539,449,AE,37,0
Verified Louis Vuitton Sneakers listing,Minimal wear. Verified authenticity by trusted reseller.,Louis Vuitton,Sneakers,934.64,USD,0,3.03,38,32,JP,14,1
Original Louis Vuitton Audio with full packaging,Purchased from official store. Invoice and original box included.,Louis Vuitton,Audio,2313.51,USD,873,4.55,624,231,TR,28,0
Original Adidas Electronics with full packaging,Serial number available. Fast shipping and returns accepted.,Adidas,Electronics,97.6,USD,332,4.42,726,155,DE,27,0
Verified Adidas Sneakers listing,Minimal wear. Verified authenticity by trusted reseller.,Adidas,Sneakers,49.16,USD,953,3.6,1420,154,CN,18,0
Rolex Cameras in excellent condition,Serial number available. Fast shipping and returns accepted.,Rolex,Cameras,10208.55,USD,1037,4.37,513,354,DE,11,0
Louis Vuitton Electronics in excellent condition,Serial number available. Fast shipping and returns accepted.,Louis Vuitton,Electronics,2016.21,USD,1082,4.67,658,248,DE,25,0
Original Gucci Electronics with full packaging,Purchased from official store. Invoice and original box included.,Gucci,Electronics,1734.22,USD,742,4.07,1000,0,JP,1,0
Verified Adidas Watches listing,Minimal wear. Verified authenticity by trusted reseller.,Adidas,Watches,171.9,USD,941,4.38,1192,376,DE,8,0
Original Rolex Electronics with full packaging,Purchased from official store. Invoice and original box included.,Rolex,Electronics,5333.84,USD,50,3.31,161,39,GB,10,1
Verified Canon Handbags listing,Minimal wear. Verified authenticity by trusted reseller.,Canon,Handbags,689.85,USD,508,4.9,462,272,IN,23,0
Verified Rolex Cameras listing,Minimal wear. Verified authenticity by trusted reseller.,Rolex,Cameras,9592.22,USD,549,5.0,611,226,IN,13,0
Original Louis Vuitton Sneakers with full packaging,Purchased from official store. Invoice and original box included.,Louis Vuitton,Sneakers,1887.56,USD,366,4.45,1094,0,TR,27,0
Verified Adidas Sneakers listing,Purchased from official store. Invoice and original box included.,Adidas,Sneakers,125.02,USD,180,4.12,923,371,IN,29,0
Verified Adidas Watches listing,Minimal wear. Verified authenticity by trusted reseller.,Adidas,Watches,76.04,USD,1080,4.22,835,627,AE,13,0
Original Rolex Cameras with full packaging,Purchased from official store. Invoice and original box included.,Rolex,Cameras,8509.09,USD,839,4.31,274,561,GB,40,0
Verified Adidas Cameras listing,Minimal wear. Verified authenticity by trusted reseller.,Adidas,Cameras,45.63,USD,260,4.67,1189,373,AE,28,0
Gucci Cameras authentic style,No receipt available. Perfect copy and hard to tell.,Gucci,Cameras,712.72,USD,246,3.13,217,42,IN,12,1
Rolex Audio premium no box deal,"DM for wholesale and better price, limited details.",Rolex,Audio,740.35,USD,163,3.11,21,0,CN,6,1
Verified Nike Cameras listing,Serial number available. Fast shipping and returns accepted.,Nike,Cameras,135.4,USD,31,4.32,1022,702,TR,13,0
Verified Apple Audio listing,Purchased from official store. Invoice and original box included.,Apple,Audio,240.63,USD,2,3.84,107,0,GB,16,1
Verified Nike Watches listing,Minimal wear. Verified authenticity by trusted reseller.,Nike,Watches,134.46,USD,586,4.34,768,165,TR,31,0
Verified Gucci Cameras listing,Serial number available. Fast shipping and returns accepted.,Gucci,Cameras,1505.61,USD,1332,4.15,15,190,IN,34,0
Luxury Bose without receipt item,"DM for wholesale and better price, limited details.",Bose,Audio,913.78,USD,0,2.47,0,27,TR,7,1
Luxury Apple mirror quality item,"Factory source stock, no box but same quality as original.",Apple,Watches,595.54,USD,0,2.56,74,74,GB,0,1
Original Adidas Electronics with full packaging,Serial number available. Fast shipping and returns accepted.,Adidas,Electronics,258.26,USD,0,2.47,210,18,AE,1,1
Samsung Handbags in excellent condition,Serial number available. Fast shipping and returns accepted.,Samsung,Handbags,590.97,USD,147,3.62,776,367,IN,17,0
Luxury Adidas without receipt item,"DM for wholesale and better price, limited details.",Adidas,Watches,32.65,USD,235,2.61,101,41,AE,6,1
Gucci Handbags in excellent condition,Serial number available. Fast shipping and returns accepted.,Gucci,Handbags,1627.98,USD,722,4.08,1179,212,AE,14,0
Bose Audio premium without receipt deal,"Factory source stock, no box but same quality as original.",Bose,Audio,138.41,USD,281,3.11,0,35,GB,7,1
Nike Cameras premium inspired deal,"DM for wholesale and better price, limited details.",Nike,Cameras,97.6,USD,344,4.29,134,241,DE,17,0
Gucci Watches premium dm for more deal,"Factory source stock, no box but same quality as original.",Gucci,Watches,162.81,USD,53,4.82,0,53,IN,7,1
Samsung Watches factory surplus,No receipt available. Perfect copy and hard to tell.,Samsung,Watches,258.59,USD,67,3.91,107,0,CN,7,1
Verified Canon Cameras listing,Minimal wear. Verified authenticity by trusted reseller.,Canon,Cameras,1004.27,USD,924,4.35,753,0,DE,15,0
Gucci Audio in excellent condition,Purchased from official store. Invoice and original box included.,Gucci,Audio,816.94,USD,911,4.06,229,243,TR,14,0
Original Adidas Watches with full packaging,Serial number available. Fast shipping and returns accepted.,Adidas,Watches,100.14,USD,57,4.96,600,341,DE,25,0
Verified Gucci Sneakers listing,Minimal wear. Verified authenticity by trusted reseller.,Gucci,Sneakers,1408.38,USD,640,4.41,612,778,GB,14,0
Luxury Samsung no box item,No receipt available. Perfect copy and hard to tell.,Samsung,Watches,232.68,USD,47,2.44,124,32,CN,4,1
Apple Electronics in excellent condition,Purchased from official store. Invoice and original box included.,Apple,Electronics,756.59,USD,331,4.71,531,61,IN,3,0
Rolex Watches mirror quality,"DM for wholesale and better price, limited details.",Rolex,Watches,19660.83,USD,200,3.23,216,0,IN,0,1
Sony Electronics in excellent condition,Serial number available. Fast shipping and returns accepted.,Sony,Electronics,413.69,USD,813,4.2,790,252,DE,33,0
Original Canon Audio with full packaging,Minimal wear. Verified authenticity by trusted reseller.,Canon,Audio,832.38,USD,491,4.04,286,396,CN,27,0
Samsung Handbags in excellent condition,Serial number available. Fast shipping and returns accepted.,Samsung,Handbags,591.58,USD,181,3.71,1184,45,AE,30,0
Nike Cameras factory surplus,"DM for wholesale and better price, limited details.",Nike,Cameras,177.84,USD,766,4.6,408,82,DE,31,0
Original Nike Audio with full packaging,Purchased from official store. Invoice and original box included.,Nike,Audio,123.68,USD,121,4.25,102,536,JP,14,0
Samsung Cameras in excellent condition,Serial number available. Fast shipping and returns accepted.,Samsung,Cameras,971.74,USD,448,3.76,1035,0,CN,11,0
Original Bose Sneakers with full packaging,Minimal wear. Verified authenticity by trusted reseller.,Bose,Sneakers,89.78,USD,0,2.83,0,58,TR,30,1
Verified Nike Watches listing,Minimal wear. Verified authenticity by trusted reseller.,Nike,Watches,75.69,USD,0,2.86,202,32,US,9,1
Luxury Samsung 1:1 item,"Factory source stock, no box but same quality as original.",Samsung,Electronics,453.23,USD,146,3.16,108,16,GB,1,1
Verified Adidas Audio listing,Minimal wear. Verified authenticity by trusted reseller.,Adidas,Audio,122.4,USD,149,4.23,1154,309,IN,26,0
Gucci Cameras without receipt,"DM for wholesale and better price, limited details.",Gucci,Cameras,1618.95,USD,711,4.72,0,232,IN,8,0
Adidas Audio premium wholesale lot deal,No receipt available. Perfect copy and hard to tell.,Adidas,Audio,293.0,USD,201,3.55,8,0,TR,4,1
Louis Vuitton Audio in excellent condition,Minimal wear. Verified authenticity by trusted reseller.,Louis Vuitton,Audio,2272.26,USD,427,4.24,1226,341,US,41,0
Verified Samsung Audio listing,Purchased from official store. Invoice and original box included.,Samsung,Audio,500.42,USD,168,3.88,36,0,TR,4,1
Louis Vuitton Cameras in excellent condition,Purchased from official store. Invoice and original box included.,Louis Vuitton,Cameras,392.99,USD,177,2.85,0,63,US,14,0
Sony Cameras in excellent condition,Serial number available. Fast shipping and returns accepted.,Sony,Cameras,704.71,USD,35,4.57,363,61,TR,10,1
Original Gucci Electronics with full packaging,Purchased from official store. Invoice and original box included.,Gucci,Electronics,989.87,USD,269,4.42,63,0,GB,25,0
Original Adidas Handbags with full packaging,Serial number available. Fast shipping and returns accepted.,Adidas,Handbags,117.06,USD,474,3.49,743,98,GB,12,0
Original Louis Vuitton Handbags with full packaging,Minimal wear. Verified authenticity by trusted reseller.,Louis Vuitton,Handbags,1774.51,USD,551,4.62,0,0,GB,14,0
Samsung Electronics premium 1:1 deal,No receipt available. Perfect copy and hard to tell.,Samsung,Electronics,347.33,USD,223,3.69,179,14,US,17,1
Canon Sneakers in excellent condition,Purchased from official store. Invoice and original box included.,Canon,Sneakers,583.85,USD,712,4.12,1500,6,US,29,0
Luxury Apple mirror quality item,"DM for wholesale and better price, limited details.",Apple,Handbags,196.64,USD,138,3.21,100,44,AE,0,1
Original Nike Watches with full packaging,Purchased from official store. Invoice and original box included.,Nike,Watches,120.44,USD,583,4.86,269,52,JP,28,0
Samsung Sneakers premium factory surplus deal,"DM for wholesale and better price, limited details.",Samsung,Sneakers,181.4,USD,12,2.3,27,13,DE,12,1
Sony Cameras without receipt,"Factory source stock, no box but same quality as original.",Sony,Cameras,126.88,USD,70,4.58,0,0,US,3,1
Bose Sneakers premium without receipt deal,"Factory source stock, no box but same quality as original.",Bose,Sneakers,153.35,USD,95,2.78,10,0,GB,12,1
Samsung Cameras in excellent condition,Purchased from official store. Invoice and original box included.,Samsung,Cameras,753.01,USD,897,4.7,0,205,IN,8,0
Original Rolex Audio with full packaging,Minimal wear. Verified authenticity by trusted reseller.,Rolex,Audio,9442.01,USD,307,4.32,853,0,TR,28,0
Original Sony Sneakers with full packaging,Purchased from official store. Invoice and original box included.,Sony,Sneakers,225.9,USD,399,4.15,242,123,AE,22,0
Original Louis Vuitton Watches with full packaging,Purchased from official store. Invoice and original box included.,Louis Vuitton,Watches,1881.53,USD,418,4.37,587,386,AE,37,0
Luxury Apple dm for more item,No receipt available. Perfect copy and hard to tell.,Apple,Electronics,417.74,USD,59,3.56,70,16,GB,0,1
Luxury Samsung dm for more item,"DM for wholesale and better price, limited details.",Samsung,Audio,599.16,USD,293,4.08,836,232,TR,16,0
Canon Cameras in excellent condition,Serial number available. Fast shipping and returns accepted.,Canon,Cameras,669.22,USD,953,4.0,896,0,JP,18,0
Original Adidas Cameras with full packaging,Purchased from official store. Invoice and original box included.,Adidas,Cameras,39.36,USD,99,3.62,0,4,IN,7,1
Original Apple Electronics with full packaging,Minimal wear. Verified authenticity by trusted reseller.,Apple,Electronics,541.4,USD,143,3.04,0,0,TR,2,1
Luxury Adidas authentic style item,"DM for wholesale and better price, limited details.",Adidas,Electronics,64.53,USD,215,2.41,105,0,US,20,1
Verified Canon Sneakers listing,Minimal wear. Verified authenticity by trusted reseller.,Canon,Sneakers,289.21,USD,106,3.56,0,57,DE,10,1
Samsung Cameras mirror quality,"Factory source stock, no box but same quality as original.",Samsung,Cameras,235.11,USD,30,4.3,0,23,TR,0,1
Rolex Handbags premium mirror quality deal,"DM for wholesale and better price, limited details.",Rolex,Handbags,7657.68,USD,978,4.0,693,215,DE,28,0
Canon Handbags wholesale lot,No receipt available. Perfect copy and hard to tell.,Canon,Handbags,243.02,USD,83,3.32,95,20,IN,9,1
Verified Louis Vuitton Watches listing,Purchased from official store. Invoice and original box included.,Louis Vuitton,Watches,2831.84,USD,376,4.41,910,0,IN,25,0
Rolex Audio in excellent condition,Serial number available. Fast shipping and returns accepted.,Rolex,Audio,9743.14,USD,478,4.52,1048,560,JP,28,0
Nike Handbags premium no box deal,No receipt available. Perfect copy and hard to tell.,Nike,Handbags,61.18,USD,269,2.88,112,83,TR,2,1
Rolex Handbags in excellent condition,Minimal wear. Verified authenticity by trusted reseller.,Rolex,Handbags,14789.99,USD,1216,4.5,890,334,JP,18,0
Verified Bose Cameras listing,Minimal wear. Verified authenticity by trusted reseller.,Bose,Cameras,299.07,USD,407,3.85,602,471,CN,35,0
Verified Rolex Cameras listing,Purchased from official store. Invoice and original box included.,Rolex,Cameras,6643.85,USD,434,4.17,87,305,TR,20,0
Original Gucci Electronics with full packaging,Serial number available. Fast shipping and returns accepted.,Gucci,Electronics,908.05,USD,387,4.58,0,536,US,24,0
Gucci Sneakers in excellent condition,Minimal wear. Verified authenticity by trusted reseller.,Gucci,Sneakers,1409.58,USD,715,4.91,1157,277,JP,10,0
Nike Cameras premium 1:1 deal,No receipt available. Perfect copy and hard to tell.,Nike,Cameras,315.77,USD,72,2.4,104,34,DE,0,1
Verified Canon Handbags listing,Minimal wear. Verified authenticity by trusted reseller.,Canon,Handbags,1196.65,USD,409,3.86,554,121,TR,5,0
Original Adidas Audio with full packaging,Purchased from official store. Invoice and original box included.,Adidas,Audio,15.58,USD,0,3.67,0,0,GB,0,1
Gucci Watches in excellent condition,Purchased from official store. Invoice and original box included.,Gucci,Watches,921.68,USD,0,2.36,367,47,US,11,1
Sony Electronics in excellent condition,Serial number available. Fast shipping and returns accepted.,Sony,Electronics,69.12,USD,89,3.25,0,2,DE,17,1
Original Nike Cameras with full packaging,Minimal wear. Verified authenticity by trusted reseller.,Nike,Cameras,93.92,USD,22,4.87,45,354,AE,46,0
Sony Cameras in excellent condition,Minimal wear. Verified authenticity by trusted reseller.,Sony,Cameras,427.52,USD,633,4.22,683,42,JP,31,0
Rolex Cameras in excellent condition,Purchased from official store. Invoice and original box included.,Rolex,Cameras,6891.67,USD,175,2.97,0,57,AE,16,1
Luxury Adidas no box item,No receipt available. Perfect copy and hard to tell.,Adidas,Watches,33.0,USD,262,3.75,267,5,TR,9,1
Gucci Watches in excellent condition,Purchased from official store. Invoice and original box included.,Gucci,Watches,872.65,USD,302,3.54,149,4,JP,10,1
Original Samsung Cameras with full packaging,Purchased from official store. Invoice and original box included.,Samsung,Cameras,910.67,USD,658,4.16,566,315,JP,24,0
Bose Audio in excellent condition,Minimal wear. Verified authenticity by trusted reseller.,Bose,Audio,283.34,USD,416,5.0,0,391,AE,30,0
Luxury Apple replica item,"DM for wholesale and better price, limited details.",Apple,Sneakers,2269.59,USD,157,2.69,102,12,US,0,1
Original Bose Cameras with full packaging,Purchased from official store. Invoice and original box included.,Bose,Cameras,141.7,USD,21,2.15,10,0,DE,14,1
Nike Cameras no box,"DM for wholesale and better price, limited details.",Nike,Cameras,114.14,USD,108,3.8,146,0,US,11,1
Luxury Gucci without receipt item,No receipt available. Perfect copy and hard to tell.,Gucci,Audio,384.2,USD,277,3.28,0,3,GB,5,1
Original Apple Cameras with full packaging,Serial number available. Fast shipping and returns accepted.,Apple,Cameras,488.74,USD,342,4.24,491,201,TR,38,0
Verified Sony Cameras listing,Serial number available. Fast shipping and returns accepted.,Sony,Cameras,343.1,USD,986,4.22,132,166,AE,22,0
Original Sony Electronics with full packaging,Purchased from official store. Invoice and original box included.,Sony,Electronics,523.32,USD,913,3.76,1134,0,DE,29,0
Original Adidas Cameras with full packaging,Purchased from official store. Invoice and original box included.,Adidas,Cameras,129.04,USD,939,4.71,485,191,AE,26,0
Apple Electronics in excellent condition,Serial number available. Fast shipping and returns accepted.,Apple,Electronics,10.0,USD,87,3.12,88,0,TR,0,1
Original Canon Watches with full packaging,Purchased from official store. Invoice and original box included.,Canon,Watches,760.14,USD,780,4.38,787,191,TR,17,0
Original Gucci Electronics with full packaging,Serial number available. Fast shipping and returns accepted.,Gucci,Electronics,371.85,USD,141,3.42,150,27,IN,9,1
Samsung Handbags in excellent condition,Minimal wear. Verified authenticity by trusted reseller.,Samsung,Handbags,298.4,USD,0,3.14,0,49,JP,3,1
Rolex Watches in excellent condition,Minimal wear. Verified authenticity by trusted reseller.,Rolex,Watches,4107.58,USD,124,3.12,197,6,AE,0,1
Sony Audio premium without receipt deal,"DM for wholesale and better price, limited details.",Sony,Audio,91.48,USD,171,2.9,213,32,CN,8,1
Verified Rolex Electronics listing,Minimal wear. Verified authenticity by trusted reseller.,Rolex,Electronics,4093.13,USD,0,4.04,40,89,IN,2,1
Adidas Audio in excellent condition,Serial number available. Fast shipping and returns accepted.,Adidas,Audio,185.45,USD,0,2.73,0,75,DE,0,1
Gucci Audio in excellent condition,Minimal wear. Verified authenticity by trusted reseller.,Gucci,Audio,639.36,USD,18,3.1,3,10,JP,9,1
Verified Gucci Audio listing,Minimal wear. Verified authenticity by trusted reseller.,Gucci,Audio,1912.35,USD,634,5.0,40,273,DE,24,0
Gucci Audio in excellent condition,Serial number available. Fast shipping and returns accepted.,Gucci,Audio,1435.85,USD,1166,4.43,174,843,AE,4,0
Original Sony Watches with full packaging,Serial number available. Fast shipping and returns accepted.,Sony,Watches,502.62,USD,0,4.61,632,13,US,32,0
Nike Sneakers in excellent condition,Serial number available. Fast shipping and returns accepted.,Nike,Sneakers,34.87,USD,0,3.66,42,0,GB,6,1
Samsung Handbags in excellent condition,Serial number available. Fast shipping and returns accepted.,Samsung,Handbags,665.67,USD,803,4.24,374,5,GB,21,0
Samsung Audio premium discounted luxury deal,"Factory source stock, no box but same quality as original.",Samsung,Audio,244.42,USD,3,1.99,199,31,DE,12,1
Adidas Handbags 1:1,No receipt available. Perfect copy and hard to tell.,Adidas,Handbags,76.92,USD,359,4.51,130,22,DE,24,0
Gucci Sneakers in excellent condition,Minimal wear. Verified authenticity by trusted reseller.,Gucci,Sneakers,1531.73,USD,207,4.37,771,235,IN,29,0
Adidas Cameras in excellent condition,Serial number available. Fast shipping and returns accepted.,Adidas,Cameras,50.7,USD,0,2.14,149,1,GB,0,1
Original Apple Watches with full packaging,Purchased from official store. Invoice and original box included.,Apple,Watches,237.74,USD,15,2.86,0,29,US,10,1
Verified Bose Cameras listing,Purchased from official store. Invoice and original box included.,Bose,Cameras,211.11,USD,443,4.02,804,463,IN,38,0
Original Apple Electronics with full packaging,Purchased from official store. Invoice and original box included.,Apple,Electronics,2202.46,USD,134,2.59,270,43,AE,13,1
Verified Nike Watches listing,Serial number available. Fast shipping and returns accepted.,Nike,Watches,124.96,USD,193,4.07,0,242,DE,20,0
Nike Cameras premium wholesale lot deal,"DM for wholesale and better price, limited details.",Nike,Cameras,62.59,USD,464,3.36,368,403,GB,27,0
Verified Samsung Audio listing,Minimal wear. Verified authenticity by trusted reseller.,Samsung,Audio,698.8,USD,342,4.36,183,336,TR,22,0
Original Louis Vuitton Handbags with full packaging,Minimal wear. Verified authenticity by trusted reseller.,Louis Vuitton,Handbags,1969.5,USD,371,4.71,1294,309,US,23,0
Sony Handbags in excellent condition,Minimal wear. Verified authenticity by trusted reseller.,Sony,Handbags,456.57,USD,269,3.98,895,223,CN,24,0
Original Adidas Electronics with full packaging,Minimal wear. Verified authenticity by trusted reseller.,Adidas,Electronics,111.87,USD,702,4.57,209,34,IN,22,0
Luxury Nike factory surplus item,No receipt available. Perfect copy and hard to tell.,Nike,Handbags,62.0,USD,262,4.09,257,0,US,11,1
Original Adidas Electronics with full packaging,Purchased from official store. Invoice and original box included.,Adidas,Electronics,79.88,USD,1016,4.15,329,375,CN,11,0
Original Gucci Handbags with full packaging,Serial number available. Fast shipping and returns accepted.,Gucci,Handbags,1770.01,USD,702,4.65,625,481,AE,28,0
Louis Vuitton Handbags in excellent condition,Serial number available. Fast shipping and returns accepted.,Louis Vuitton,Handbags,981.32,USD,1011,4.71,505,303,CN,34,0
Verified Adidas Sneakers listing,Serial number available. Fast shipping and returns accepted.,Adidas,Sneakers,76.09,USD,458,3.61,793,20,GB,35,0
Apple Watches in excellent condition,Purchased from official store. Invoice and original box included.,Apple,Watches,356.88,USD,34,3.44,121,0,DE,9,1
Samsung Sneakers in excellent condition,Purchased from official store. Invoice and original box included.,Samsung,Sneakers,641.76,USD,759,4.56,461,418,GB,17,0
Original Apple Cameras with full packaging,Minimal wear. Verified authenticity by trusted reseller.,Apple,Cameras,1377.75,USD,913,3.88,290,660,GB,19,0
Original Louis Vuitton Audio with full packaging,Minimal wear. Verified authenticity by trusted reseller.,Louis Vuitton,Audio,1402.99,USD,839,4.58,0,193,GB,20,0
Bose Sneakers in excellent condition,Minimal wear. Verified authenticity by trusted reseller.,Bose,Sneakers,240.57,USD,565,3.99,891,183,GB,11,0
Original Louis Vuitton Sneakers with full packaging,Minimal wear. Verified authenticity by trusted reseller.,Louis Vuitton,Sneakers,2542.89,USD,799,3.98,790,67,JP,25,0
Original Rolex Sneakers with full packaging,Minimal wear. Verified authenticity by trusted reseller.,Rolex,Sneakers,11106.27,USD,869,4.45,777,0,JP,21,0
Verified Sony Watches listing,Purchased from official store. Invoice and original box included.,Sony,Watches,420.32,USD,396,5.0,568,313,IN,28,0
Original Adidas Cameras with full packaging,Purchased from official store. Invoice and original box included.,Adidas,Cameras,96.04,USD,414,4.36,0,0,US,26,0
Verified Nike Watches listing,Minimal wear. Verified authenticity by trusted reseller.,Nike,Watches,74.84,USD,297,4.58,967,230,JP,23,0
Nike Cameras in excellent condition,Serial number available. Fast shipping and returns accepted.,Nike,Cameras,134.92,USD,572,4.5,568,135,JP,10,0
Luxury Louis Vuitton authentic style item,"Factory source stock, no box but same quality as original.",Louis Vuitton,Electronics,6507.9,USD,144,3.36,0,45,CN,6,1
Rolex Electronics in excellent condition,Minimal wear. Verified authenticity by trusted reseller.,Rolex,Electronics,7728.5,USD,58,3.92,255,270,US,56,0
Adidas Handbags in excellent condition,Purchased from official store. Invoice and original box included.,Adidas,Handbags,95.77,USD,1322,4.75,403,123,IN,40,0
Samsung Cameras premium discounted luxury deal,No receipt available. Perfect copy and hard to tell.,Samsung,Cameras,915.9,USD,233,4.43,899,276,IN,14,0
Verified Apple Cameras listing,Serial number available. Fast shipping and returns accepted.,Apple,Cameras,650.59,USD,279,4.22,568,256,GB,32,0
Original Bose Handbags with full packaging,Minimal wear. Verified authenticity by trusted reseller.,Bose,Handbags,309.75,USD,635,4.77,654,355,IN,8,0
Original Samsung Electronics with full packaging,Minimal wear. Verified authenticity by trusted reseller.,Samsung,Electronics,855.33,USD,518,4.23,385,586,JP,26,0
Rolex Audio premium mirror quality deal,"Factory source stock, no box but same quality as original.",Rolex,Audio,3751.04,USD,0,3.81,124,21,IN,10,1
Original Sony Handbags with full packaging,Serial number available. Fast shipping and returns accepted.,Sony,Handbags,225.01,USD,193,4.58,1554,121,DE,51,0
Louis Vuitton Cameras in excellent condition,Purchased from official store. Invoice and original box included.,Louis Vuitton,Cameras,1721.12,USD,701,3.95,633,228,AE,13,0
Gucci Cameras in excellent condition,Serial number available. Fast shipping and returns accepted.,Gucci,Cameras,1166.02,USD,21,3.71,662,352,DE,15,1
Louis Vuitton Audio in excellent condition,Serial number available. Fast shipping and returns accepted.,Louis Vuitton,Audio,2404.79,USD,57,4.75,972,529,IN,26,0
Louis Vuitton Handbags premium no box deal,"Factory source stock, no box but same quality as original.",Louis Vuitton,Handbags,1102.62,USD,89,2.38,6,0,DE,5,1
Original Adidas Audio with full packaging,Minimal wear. Verified authenticity by trusted reseller.,Adidas,Audio,197.36,USD,83,3.53,85,22,IN,1,1
Gucci Electronics in excellent condition,Serial number available. Fast shipping and returns accepted.,Gucci,Electronics,958.63,USD,0,1.54,78,43,GB,3,1
Original Nike Handbags with full packaging,Purchased from official store. Invoice and original box included.,Nike,Handbags,69.97,USD,318,4.33,219,265,JP,29,0
Original Canon Electronics with full packaging,Purchased from official store. Invoice and original box included.,Canon,Electronics,988.97,USD,542,4.7,481,300,CN,11,0
Luxury Louis Vuitton wholesale lot item,"Factory source stock, no box but same quality as original.",Louis Vuitton,Handbags,1534.32,USD,333,4.37,386,468,GB,23,0
Luxury Bose inspired item,"Factory source stock, no box but same quality as original.",Bose,Watches,121.36,USD,61,2.57,263,0,DE,18,1
Samsung Audio premium 1:1 deal,"Factory source stock, no box but same quality as original.",Samsung,Audio,523.74,USD,0,3.1,221,38,TR,10,1
Original Rolex Watches with full packaging,Minimal wear. Verified authenticity by trusted reseller.,Rolex,Watches,10835.85,USD,0,4.82,1012,421,IN,0,0
Original Adidas Audio with full packaging,Minimal wear. Verified authenticity by trusted reseller.,Adidas,Audio,109.45,USD,193,4.21,592,447,JP,15,0
Louis Vuitton Handbags in excellent condition,Minimal wear. Verified authenticity by trusted reseller.,Louis Vuitton,Handbags,1138.81,USD,704,4.23,626,0,JP,18,0
Original Rolex Electronics with full packaging,Minimal wear. Verified authenticity by trusted reseller.,Rolex,Electronics,7936.16,USD,631,4.47,281,108,GB,35,0
Luxury Gucci 1:1 item,"Factory source stock, no box but same quality as original.",Gucci,Watches,737.75,USD,194,3.19,118,38,IN,12,1
Original Bose Cameras with full packaging,Purchased from official store. Invoice and original box included.,Bose,Cameras,236.14,USD,199,4.35,917,493,CN,39,0
Louis Vuitton Handbags without receipt,No receipt available. Perfect copy and hard to tell.,Louis Vuitton,Handbags,3861.02,USD,0,3.05,32,38,US,0,1
Samsung Handbags discounted luxury,"Factory source stock, no box but same quality as original.",Samsung,Handbags,2341.44,USD,0,3.36,55,47,AE,11,1
Verified Sony Handbags listing,Purchased from official store. Invoice and original box included.,Sony,Handbags,292.71,USD,238,5.0,900,262,GB,16,0
Verified Adidas Cameras listing,Minimal wear. Verified authenticity by trusted reseller.,Adidas,Cameras,10.0,USD,0,2.9,305,15,CN,9,1
Original Rolex Electronics with full packaging,Serial number available. Fast shipping and returns accepted.,Rolex,Electronics,4711.84,USD,774,3.64,521,432,JP,30,0
Verified Louis Vuitton Handbags listing,Serial number available. Fast shipping and returns accepted.,Louis Vuitton,Handbags,2150.9,USD,305,3.83,819,385,GB,15,0
Verified Samsung Electronics listing,Serial number available. Fast shipping and returns accepted.,Samsung,Electronics,424.77,USD,66,3.7,0,28,DE,0,1
Bose Electronics premium inspired deal,"Factory source stock, no box but same quality as original.",Bose,Electronics,680.52,USD,5,3.3,156,11,CN,5,1
Rolex Cameras in excellent condition,Minimal wear. Verified authenticity by trusted reseller.,Rolex,Cameras,6695.58,USD,0,5.0,858,228,DE,13,0
Verified Samsung Sneakers listing,Serial number available. Fast shipping and returns accepted.,Samsung,Sneakers,694.96,USD,818,4.94,499,389,AE,40,0
Louis Vuitton Handbags dm for more,"DM for wholesale and better price, limited details.",Louis Vuitton,Handbags,630.07,USD,141,3.9,0,0,TR,2,1
Samsung Electronics in excellent condition,Minimal wear. Verified authenticity by trusted reseller.,Samsung,Electronics,328.87,USD,196,1.85,136,12,CN,0,1
Verified Samsung Audio listing,Purchased from official store. Invoice and original box included.,Samsung,Audio,428.22,USD,0,3.37,190,6,DE,16,1
Sony Sneakers 1:1,"DM for wholesale and better price, limited details.",Sony,Sneakers,204.11,USD,146,3.0,181,29,DE,0,1
Original Rolex Sneakers with full packaging,Purchased from official store. Invoice and original box included.,Rolex,Sneakers,11483.29,USD,721,4.12,170,344,TR,21,0
Samsung Sneakers copy version,"DM for wholesale and better price, limited details.",Samsung,Sneakers,586.03,USD,94,3.3,33,0,TR,16,1
Gucci Cameras in excellent condition,Serial number available. Fast shipping and returns accepted.,Gucci,Cameras,1355.3,USD,589,4.85,474,515,DE,2,0
Luxury Nike mirror quality item,"DM for wholesale and better price, limited details.",Nike,Handbags,49.32,USD,29,2.25,254,17,US,3,1
Apple Cameras in excellent condition,Purchased from official store. Invoice and original box included.,Apple,Cameras,652.16,USD,265,4.68,0,0,JP,17,0
Rolex Watches premium looks original deal,"Factory source stock, no box but same quality as original.",Rolex,Watches,5160.57,USD,158,3.75,191,52,TR,0,1
Apple Audio in excellent condition,Minimal wear. Verified authenticity by trusted reseller.,Apple,Audio,2205.5,USD,24,2.68,131,0,TR,0,1
Canon Sneakers in excellent condition,Purchased from official store. Invoice and original box included.,Canon,Sneakers,1188.13,USD,692,4.16,789,457,JP,22,0
Bose Electronics mirror quality,"DM for wholesale and better price, limited details.",Bose,Electronics,90.54,USD,151,2.49,144,18,AE,12,1
Verified Canon Watches listing,Purchased from official store. Invoice and original box included.,Canon,Watches,258.6,USD,62,4.71,117,42,CN,2,1
Adidas Audio in excellent condition,Purchased from official store. Invoice and original box included.,Adidas,Audio,51.93,USD,815,3.59,280,530,CN,31,0
Samsung Watches in excellent condition,Minimal wear. Verified authenticity by trusted reseller.,Samsung,Watches,465.03,USD,31,2.07,87,5,CN,0,1
Verified Sony Sneakers listing,Minimal wear. Verified authenticity by trusted reseller.,Sony,Sneakers,270.27,USD,762,3.71,1240,283,TR,11,0
Rolex Watches 1:1,"DM for wholesale and better price, limited details.",Rolex,Watches,8031.51,USD,105,3.95,213,0,JP,9,1
Verified Rolex Audio listing,Minimal wear. Verified authenticity by trusted reseller.,Rolex,Audio,1423.46,USD,107,3.02,223,50,JP,1,1
Verified Bose Handbags listing,Minimal wear. Verified authenticity by trusted reseller.,Bose,Handbags,174.25,USD,142,4.36,0,169,JP,1,0
Original Bose Handbags with full packaging,Purchased from official store. Invoice and original box included.,Bose,Handbags,80.59,USD,0,3.06,58,27,JP,1,1
Original Louis Vuitton Handbags with full packaging,Minimal wear. Verified authenticity by trusted reseller.,Louis Vuitton,Handbags,1519.88,USD,462,4.67,542,378,AE,32,0
Original Sony Electronics with full packaging,Serial number available. Fast shipping and returns accepted.,Sony,Electronics,422.82,USD,474,4.3,594,300,CN,10,0
Rolex Sneakers discounted luxury,"DM for wholesale and better price, limited details.",Rolex,Sneakers,4445.0,USD,147,3.7,156,0,US,0,1
Original Apple Handbags with full packaging,Minimal wear. Verified authenticity by trusted reseller.,Apple,Handbags,595.36,USD,536,4.31,162,385,DE,28,0
Nike Sneakers in excellent condition,Serial number available. Fast shipping and returns accepted.,Nike,Sneakers,107.92,USD,438,4.28,1242,371,AE,33,0
Original Nike Handbags with full packaging,Purchased from official store. Invoice and original box included.,Nike,Handbags,160.25,USD,0,4.19,0,252,GB,48,0
Adidas Watches authentic style,No receipt available. Perfect copy and hard to tell.,Adidas,Watches,93.49,USD,983,4.94,516,393,US,26,0
Verified Sony Watches listing,Purchased from official store. Invoice and original box included.,Sony,Watches,347.51,USD,222,4.0,852,0,IN,0,0
Bose Cameras in excellent condition,Minimal wear. Verified authenticity by trusted reseller.,Bose,Cameras,240.19,USD,1272,4.58,848,0,IN,17,0
Nike Cameras in excellent condition,Serial number available. Fast shipping and returns accepted.,Nike,Cameras,177.72,USD,233,4.75,466,347,TR,21,0
Original Apple Sneakers with full packaging,Purchased from official store. Invoice and original box included.,Apple,Sneakers,872.54,USD,1241,4.92,870,277,US,38,0
Bose Sneakers premium 1:1 deal,"DM for wholesale and better price, limited details.",Bose,Sneakers,29.47,USD,0,2.71,41,9,CN,4,1
Verified Sony Watches listing,Serial number available. Fast shipping and returns accepted.,Sony,Watches,220.58,USD,284,4.12,358,253,JP,23,0
Verified Rolex Cameras listing,Purchased from official store. Invoice and original box included.,Rolex,Cameras,10138.4,USD,442,5.0,587,361,TR,0,0
Luxury Canon no box item,"DM for wholesale and better price, limited details.",Canon,Cameras,532.44,USD,107,3.04,0,49,US,21,1
Original Adidas Handbags with full packaging,Serial number available. Fast shipping and returns accepted.,Adidas,Handbags,44.11,USD,164,3.44,153,0,DE,3,1
Verified Samsung Cameras listing,Purchased from official store. Invoice and original box included.,Samsung,Cameras,928.78,USD,481,4.09,508,212,AE,31,0
Samsung Electronics premium discounted luxury deal,"Factory source stock, no box but same quality as original.",Samsung,Electronics,416.57,USD,104,4.43,0,58,AE,0,1
Luxury Adidas copy version item,"DM for wholesale and better price, limited details.",Adidas,Watches,35.04,USD,111,4.02,26,28,TR,4,1
Samsung Electronics 1:1,"Factory source stock, no box but same quality as original.",Samsung,Electronics,468.41,USD,0,2.51,0,32,AE,10,1
Sony Electronics without receipt,No receipt available. Perfect copy and hard to tell.,Sony,Electronics,196.13,USD,0,3.44,147,8,AE,12,1
Verified Canon Cameras listing,Minimal wear. Verified authenticity by trusted reseller.,Canon,Cameras,680.74,USD,724,4.47,1302,242,DE,0,0
Original Bose Watches with full packaging,Purchased from official store. Invoice and original box included.,Bose,Watches,141.49,USD,0,2.44,0,74,TR,4,1
Nike Audio in excellent condition,Minimal wear. Verified authenticity by trusted reseller.,Nike,Audio,175.82,USD,397,4.71,420,372,US,22,0
Adidas Audio wholesale lot,"DM for wholesale and better price, limited details.",Adidas,Audio,24.11,USD,0,5.0,0,2,AE,16,1
Original Sony Sneakers with full packaging,Minimal wear. Verified authenticity by trusted reseller.,Sony,Sneakers,334.79,USD,396,4.55,398,348,TR,23,0
Original Canon Cameras with full packaging,Minimal wear. Verified authenticity by trusted reseller.,Canon,Cameras,1482.58,USD,132,2.72,202,83,TR,11,1
Nike Watches in excellent condition,Minimal wear. Verified authenticity by trusted reseller.,Nike,Watches,96.29,USD,25,2.47,0,11,JP,0,1
Apple Audio in excellent condition,Purchased from official store. Invoice and original box included.,Apple,Audio,750.49,USD,856,4.18,249,421,CN,16,0
Verified Rolex Electronics listing,Purchased from official store. Invoice and original box included.,Rolex,Electronics,10784.11,USD,777,3.75,619,65,JP,26,0
Apple Sneakers in excellent condition,Purchased from official store. Invoice and original box included.,Apple,Sneakers,2536.36,USD,297,3.78,52,9,GB,5,1
Original Nike Handbags with full packaging,Minimal wear. Verified authenticity by trusted reseller.,Nike,Handbags,163.16,USD,0,3.97,481,519,TR,30,0
Original Apple Cameras with full packaging,Serial number available. Fast shipping and returns accepted.,Apple,Cameras,302.7,USD,0,3.43,65,30,JP,11,1
Luxury Adidas copy version item,"DM for wholesale and better price, limited details.",Adidas,Electronics,69.77,USD,47,2.34,104,0,US,0,1
Sony Sneakers in excellent condition,Serial number available. Fast shipping and returns accepted.,Sony,Sneakers,444.56,USD,791,3.63,198,264,IN,20,0
Verified Gucci Audio listing,Minimal wear. Verified authenticity by trusted reseller.,Gucci,Audio,1230.79,USD,864,4.66,0,250,AE,23,0
Sony Sneakers in excellent condition,Serial number available. Fast shipping and returns accepted.,Sony,Sneakers,88.14,USD,32,2.61,183,0,CN,0,1
Verified Canon Sneakers listing,Minimal wear. Verified authenticity by trusted reseller.,Canon,Sneakers,869.71,USD,632,4.67,963,0,GB,20,0
Verified Sony Electronics listing,Serial number available. Fast shipping and returns accepted.,Sony,Electronics,384.66,USD,322,4.28,694,591,US,28,0
Samsung Handbags premium without receipt deal,No receipt available. Perfect copy and hard to tell.,Samsung,Handbags,356.74,USD,0,2.94,78,6,TR,2,1
Luxury Nike discounted luxury item,No receipt available. Perfect copy and hard to tell.,Nike,Sneakers,54.45,USD,175,3.15,0,4,IN,10,1
Verified Nike Audio listing,Minimal wear. Verified authenticity by trusted reseller.,Nike,Audio,95.91,USD,412,4.68,138,529,TR,5,0
Verified Canon Cameras listing,Purchased from official store. Invoice and original box included.,Canon,Cameras,753.95,USD,567,5.0,0,146,IN,13,0
Louis Vuitton Electronics premium factory surplus deal,"DM for wholesale and better price, limited details.",Louis Vuitton,Electronics,2772.58,USD,367,4.53,682,313,AE,27,0
Gucci Sneakers in excellent condition,Serial number available. Fast shipping and returns accepted.,Gucci,Sneakers,3740.88,USD,80,3.1,0,16,IN,8,1
Luxury Rolex dm for more item,No receipt available. Perfect copy and hard to tell.,Rolex,Sneakers,21029.54,USD,69,2.81,104,11,TR,8,1
Verified Apple Handbags listing,Minimal wear. Verified authenticity by trusted reseller.,Apple,Handbags,793.84,USD,775,4.39,1494,225,IN,29,0
Rolex Cameras in excellent condition,Purchased from official store. Invoice and original box included.,Rolex,Cameras,5263.44,USD,0,3.71,0,41,DE,10,1
Louis Vuitton Watches dm for more,"Factory source stock, no box but same quality as original.",Louis Vuitton,Watches,326.01,USD,50,3.85,0,40,IN,0,1
Verified Samsung Cameras listing,Minimal wear. Verified authenticity by trusted reseller.,Samsung,Cameras,925.46,USD,739,3.9,0,151,AE,29,0
Canon Sneakers premium copy version deal,"Factory source stock, no box but same quality as original.",Canon,Sneakers,339.33,USD,85,2.14,24,32,TR,9,1
Original Nike Sneakers with full packaging,Serial number available. Fast shipping and returns accepted.,Nike,Sneakers,110.39,USD,312,4.53,635,5,TR,16,0
Canon Watches in excellent condition,Purchased from official store. Invoice and original box included.,Canon,Watches,851.3,USD,606,3.51,900,197,DE,45,0
Verified Rolex Electronics listing,Serial number available. Fast shipping and returns accepted.,Rolex,Electronics,844.19,USD,0,3.61,0,56,IN,3,1
Nike Cameras in excellent condition,Minimal wear. Verified authenticity by trusted reseller.,Nike,Cameras,143.04,USD,1045,4.95,888,250,US,21,0
Verified Rolex Watches listing,Minimal wear. Verified authenticity by trusted reseller.,Rolex,Watches,9323.84,USD,1007,4.82,865,303,TR,28,0
Apple Handbags in excellent condition,Purchased from official store. Invoice and original box included.,Apple,Handbags,331.19,USD,97,3.26,0,8,CN,18,1
Bose Audio mirror quality,"Factory source stock, no box but same quality as original.",Bose,Audio,709.32,USD,0,3.01,228,0,JP,14,1
Original Sony Watches with full packaging,Serial number available. Fast shipping and returns accepted.,Sony,Watches,502.73,USD,828,5.0,161,75,JP,34,0
Verified Nike Watches listing,Minimal wear. Verified authenticity by trusted reseller.,Nike,Watches,77.73,USD,95,2.88,150,5,GB,7,1
Louis Vuitton Cameras in excellent condition,Serial number available. Fast shipping and returns accepted.,Louis Vuitton,Cameras,2065.86,USD,892,4.39,504,262,GB,24,0
Bose Watches premium wholesale lot deal,"DM for wholesale and better price, limited details.",Bose,Watches,17.67,USD,195,3.55,109,53,AE,0,1
Original Rolex Handbags with full packaging,Purchased from official store. Invoice and original box included.,Rolex,Handbags,6546.2,USD,608,4.24,321,238,AE,9,0
Original Gucci Sneakers with full packaging,Serial number available. Fast shipping and returns accepted.,Gucci,Sneakers,488.93,USD,0,2.05,5,9,IN,12,1
Luxury Bose copy version item,"DM for wholesale and better price, limited details.",Bose,Watches,155.98,USD,0,3.58,264,57,TR,20,1
Louis Vuitton Watches premium looks original deal,No receipt available. Perfect copy and hard to tell.,Louis Vuitton,Watches,2317.08,USD,492,4.7,90,295,TR,10,0
Bose Sneakers replica,"DM for wholesale and better price, limited details.",Bose,Sneakers,261.23,USD,149,3.84,120,12,DE,0,1
Apple Handbags premium replica deal,"DM for wholesale and better price, limited details.",Apple,Handbags,504.07,USD,0,2.71,0,0,AE,10,1
Original Adidas Audio with full packaging,Minimal wear. Verified authenticity by trusted reseller.,Adidas,Audio,103.65,USD,673,4.56,12,200,IN,34,0
Luxury Gucci looks original item,"DM for wholesale and better price, limited details.",Gucci,Cameras,1166.07,USD,355,4.9,1483,536,DE,6,0
Original Sony Handbags with full packaging,Minimal wear. Verified authenticity by trusted reseller.,Sony,Handbags,389.23,USD,443,4.03,0,542,GB,22,0
Luxury Adidas authentic style item,"DM for wholesale and better price, limited details.",Adidas,Cameras,171.19,USD,0,2.8,0,4,JP,3,1
Samsung Handbags premium discounted luxury deal,"Factory source stock, no box but same quality as original.",Samsung,Handbags,1818.99,USD,226,2.45,1,2,JP,0,1
Original Samsung Audio with full packaging,Minimal wear. Verified authenticity by trusted reseller.,Samsung,Audio,985.66,USD,378,3.91,900,281,TR,0,0
Verified Rolex Audio listing,Serial number available. Fast shipping and returns accepted.,Rolex,Audio,9277.75,USD,0,4.93,0,301,JP,32,0
Samsung Cameras looks original,"Factory source stock, no box but same quality as original.",Samsung,Cameras,295.86,USD,35,2.96,221,0,DE,12,1
Nike Cameras dm for more,No receipt available. Perfect copy and hard to tell.,Nike,Cameras,10.0,USD,0,1.4,28,10,AE,3,1
Louis Vuitton Cameras in excellent condition,Serial number available. Fast shipping and returns accepted.,Louis Vuitton,Cameras,1590.94,USD,125,3.59,99,10,IN,2,1
Adidas Audio in excellent condition,Serial number available. Fast shipping and returns accepted.,Adidas,Audio,37.78,USD,57,3.13,139,26,GB,3,1
Adidas Sneakers in excellent condition,Purchased from official store. Invoice and original box included.,Adidas,Sneakers,102.92,USD,173,4.28,616,244,JP,23,0
Original Adidas Electronics with full packaging,Minimal wear. Verified authenticity by trusted reseller.,Adidas,Electronics,119.7,USD,468,3.82,1235,297,TR,27,0
Original Rolex Handbags with full packaging,Minimal wear. Verified authenticity by trusted reseller.,Rolex,Handbags,3085.14,USD,104,3.58,0,0,GB,0,1
Sony Electronics in excellent condition,Purchased from official store. Invoice and original box included.,Sony,Electronics,416.31,USD,296,4.51,958,79,GB,18,0
Samsung Sneakers in excellent condition,Minimal wear. Verified authenticity by trusted reseller.,Samsung,Sneakers,587.52,USD,1125,4.85,623,261,CN,11,0
Louis Vuitton Sneakers in excellent condition,Purchased from official store. Invoice and original box included.,Louis Vuitton,Sneakers,276.81,USD,140,2.59,115,40,US,16,1
Original Apple Sneakers with full packaging,Serial number available. Fast shipping and returns accepted.,Apple,Sneakers,808.07,USD,512,4.21,653,289,TR,10,0
Verified Rolex Watches listing,Serial number available. Fast shipping and returns accepted.,Rolex,Watches,8332.5,USD,517,5.0,534,249,AE,39,0
Rolex Watches premium looks original deal,No receipt available. Perfect copy and hard to tell.,Rolex,Watches,6117.75,USD,0,3.48,95,26,DE,0,1
Gucci Watches looks original,No receipt available. Perfect copy and hard to tell.,Gucci,Watches,3846.48,USD,37,2.93,64,22,CN,4,1
Sony Sneakers in excellent condition,Purchased from official store. Invoice and original box included.,Sony,Sneakers,105.19,USD,131,4.52,0,14,IN,14,1
Bose Watches in excellent condition,Purchased from official store. Invoice and original box included.,Bose,Watches,372.78,USD,563,4.05,968,204,JP,29,0
Original Adidas Electronics with full packaging,Purchased from official store. Invoice and original box included.,Adidas,Electronics,33.44,USD,48,2.91,151,43,JP,10,1
Original Nike Sneakers with full packaging,Purchased from official store. Invoice and original box included.,Nike,Sneakers,72.19,USD,163,1.32,40,11,TR,11,1
Bose Electronics premium looks original deal,No receipt available. Perfect copy and hard to tell.,Bose,Electronics,61.21,USD,99,3.83,0,88,IN,15,1
Original Gucci Audio with full packaging,Minimal wear. Verified authenticity by trusted reseller.,Gucci,Audio,753.01,USD,217,2.87,131,0,TR,4,1
Verified Sony Audio listing,Purchased from official store. Invoice and original box included.,Sony,Audio,436.33,USD,205,4.53,692,274,TR,26,0
Original Louis Vuitton Electronics with full packaging,Serial number available. Fast shipping and returns accepted.,Louis Vuitton,Electronics,2975.21,USD,552,4.22,395,317,CN,26,0
Verified Rolex Cameras listing,Serial number available. Fast shipping and returns accepted.,Rolex,Cameras,4564.05,USD,58,2.54,125,46,US,13,1
Bose Watches premium dm for more deal,"DM for wholesale and better price, limited details.",Bose,Watches,184.48,USD,176,2.65,0,26,US,12,1
Gucci Audio in excellent condition,Serial number available. Fast shipping and returns accepted.,Gucci,Audio,1467.09,USD,517,4.03,519,0,TR,28,0
Sony Electronics premium replica deal,No receipt available. Perfect copy and hard to tell.,Sony,Electronics,733.38,USD,0,3.44,215,0,CN,4,1
Samsung Handbags in excellent condition,Minimal wear. Verified authenticity by trusted reseller.,Samsung,Handbags,689.5,USD,448,3.91,121,598,JP,14,0
Apple Electronics in excellent condition,Purchased from official store. Invoice and original box included.,Apple,Electronics,491.71,USD,509,4.12,796,0,DE,18,0
Original Nike Audio with full packaging,Purchased from official store. Invoice and original box included.,Nike,Audio,69.71,USD,18,1.22,190,39,CN,17,1
Original Sony Watches with full packaging,Purchased from official store. Invoice and original box included.,Sony,Watches,540.37,USD,628,4.98,1141,264,JP,25,0
Gucci Handbags factory surplus,No receipt available. Perfect copy and hard to tell.,Gucci,Handbags,1074.83,USD,53,4.27,69,27,US,6,1
Bose Cameras in excellent condition,Serial number available. Fast shipping and returns accepted.,Bose,Cameras,114.52,USD,766,4.66,125,515,IN,5,0
Gucci Watches in excellent condition,Minimal wear. Verified authenticity by trusted reseller.,Gucci,Watches,851.28,USD,1331,4.08,507,172,GB,9,0
Verified Nike Sneakers listing,Purchased from official store. Invoice and original box included.,Nike,Sneakers,134.82,USD,625,3.96,808,469,IN,49,0
Verified Canon Handbags listing,Purchased from official store. Invoice and original box included.,Canon,Handbags,984.07,USD,1442,3.94,693,449,JP,6,0
Verified Apple Handbags listing,Purchased from official store. Invoice and original box included.,Apple,Handbags,374.43,USD,0,2.89,0,0,US,6,1
Gucci Watches in excellent condition,Purchased from official store. Invoice and original box included.,Gucci,Watches,3470.45,USD,80,3.14,0,22,JP,2,1
Original Bose Handbags with full packaging,Purchased from official store. Invoice and original box included.,Bose,Handbags,82.14,USD,96,3.79,0,20,IN,0,1
Louis Vuitton Cameras in excellent condition,Minimal wear. Verified authenticity by trusted reseller.,Louis Vuitton,Cameras,1288.54,USD,0,2.84,217,11,US,0,1
Original Nike Electronics with full packaging,Minimal wear. Verified authenticity by trusted reseller.,Nike,Electronics,111.26,USD,761,4.34,277,125,IN,1,0
Verified Gucci Audio listing,Serial number available. Fast shipping and returns accepted.,Gucci,Audio,1680.79,USD,993,4.82,83,339,AE,39,0
Original Bose Audio with full packaging,Minimal wear. Verified authenticity by trusted reseller.,Bose,Audio,503.65,USD,95,4.07,106,0,TR,3,1
Louis Vuitton Audio in excellent condition,Purchased from official store. Invoice and original box included.,Louis Vuitton,Audio,2598.63,USD,975,5.0,1107,82,GB,25,0
Original Bose Handbags with full packaging,Serial number available. Fast shipping and returns accepted.,Bose,Handbags,341.64,USD,979,4.57,4,0,TR,24,0
Adidas Handbags in excellent condition,Purchased from official store. Invoice and original box included.,Adidas,Handbags,86.01,USD,596,4.09,1133,384,JP,12,0
Verified Gucci Cameras listing,Minimal wear. Verified authenticity by trusted reseller.,Gucci,Cameras,1786.13,USD,0,3.92,0,287,DE,24,0
Adidas Electronics in excellent condition,Serial number available. Fast shipping and returns accepted.,Adidas,Electronics,101.41,USD,1082,4.39,568,372,CN,28,0
Original Sony Electronics with full packaging,Purchased from official store. Invoice and original box included.,Sony,Electronics,283.25,USD,568,3.88,437,412,IN,9,0
Verified Louis Vuitton Electronics listing,Purchased from official store. Invoice and original box included.,Louis Vuitton,Electronics,2284.24,USD,884,4.31,1202,215,CN,24,0
Verified Samsung Sneakers listing,Serial number available. Fast shipping and returns accepted.,Samsung,Sneakers,354.9,USD,0,3.6,267,0,GB,1,1
Bose Handbags premium looks original deal,No receipt available. Perfect copy and hard to tell.,Bose,Handbags,62.18,USD,92,2.01,0,12,IN,8,1
Verified Nike Handbags listing,Purchased from official store. Invoice and original box included.,Nike,Handbags,171.43,USD,831,4.87,1038,399,US,17,0
Original Nike Watches with full packaging,Purchased from official store. Invoice and original box included.,Nike,Watches,96.8,USD,661,4.52,1043,320,US,32,0
Canon Watches wholesale lot,"Factory source stock, no box but same quality as original.",Canon,Watches,337.09,USD,0,2.93,133,20,TR,0,1
Samsung Audio premium inspired deal,"Factory source stock, no box but same quality as original.",Samsung,Audio,1134.37,USD,128,3.11,0,37,AE,8,1
Apple Audio premium 1:1 deal,"Factory source stock, no box but same quality as original.",Apple,Audio,318.04,USD,176,2.56,183,47,US,9,1
Canon Cameras in excellent condition,Purchased from official store. Invoice and original box included.,Canon,Cameras,10.0,USD,22,2.71,0,23,TR,0,1
Luxury Samsung dm for more item,"DM for wholesale and better price, limited details.",Samsung,Cameras,478.62,USD,24,3.35,160,14,CN,3,1
Verified Louis Vuitton Watches listing,Serial number available. Fast shipping and returns accepted.,Louis Vuitton,Watches,1643.09,USD,103,3.41,216,574,CN,18,0
Gucci Watches in excellent condition,Purchased from official store. Invoice and original box included.,Gucci,Watches,1910.95,USD,0,5.0,587,494,JP,25,0
Gucci Audio in excellent condition,Serial number available. Fast shipping and returns accepted.,Gucci,Audio,1039.23,USD,0,3.16,20,29,CN,7,1
Original Rolex Sneakers with full packaging,Minimal wear. Verified authenticity by trusted reseller.,Rolex,Sneakers,8445.9,USD,672,4.56,873,321,IN,28,0
Original Nike Watches with full packaging,Purchased from official store. Invoice and original box included.,Nike,Watches,147.95,USD,377,4.07,595,86,GB,12,0
Original Sony Handbags with full packaging,Serial number available. Fast shipping and returns accepted.,Sony,Handbags,626.27,USD,594,4.48,1298,223,AE,30,0
Verified Samsung Audio listing,Minimal wear. Verified authenticity by trusted reseller.,Samsung,Audio,1042.82,USD,45,4.01,0,14,CN,0,1
Bose Watches premium mirror quality deal,"Factory source stock, no box but same quality as original.",Bose,Watches,127.3,USD,206,2.84,150,48,AE,15,1
Canon Handbags in excellent condition,Minimal wear. Verified authenticity by trusted reseller.,Canon,Handbags,822.84,USD,189,5.0,0,325,CN,23,0
Adidas Sneakers in excellent condition,Purchased from official store. Invoice and original box included.,Adidas,Sneakers,79.38,USD,627,4.44,169,479,IN,16,0
Louis Vuitton Sneakers premium looks original deal,"Factory source stock, no box but same quality as original.",Louis Vuitton,Sneakers,1321.28,USD,0,2.44,0,21,TR,17,1
Gucci Audio in excellent condition,Purchased from official store. Invoice and original box included.,Gucci,Audio,905.08,USD,565,4.44,776,308,IN,23,0
Original Nike Handbags with full packaging,Purchased from official store. Invoice and original box included.,Nike,Handbags,225.43,USD,86,1.97,104,15,TR,12,1
Original Sony Sneakers with full packaging,Purchased from official store. Invoice and original box included.,Sony,Sneakers,205.62,USD,1032,4.17,765,570,IN,15,0
Original Sony Electronics with full packaging,Purchased from official store. Invoice and original box included.,Sony,Electronics,288.02,USD,133,4.21,50,26,CN,4,1
Rolex Audio in excellent condition,Minimal wear. Verified authenticity by trusted reseller.,Rolex,Audio,15324.98,USD,556,4.19,594,178,AE,12,0
Bose Electronics in excellent condition,Minimal wear. Verified authenticity by trusted reseller.,Bose,Electronics,142.59,USD,551,4.46,194,505,US,17,0
Verified Louis Vuitton Audio listing,Minimal wear. Verified authenticity by trusted reseller.,Louis Vuitton,Audio,1512.88,USD,388,4.39,402,60,DE,1,0
Apple Sneakers copy version,"Factory source stock, no box but same quality as original.",Apple,Sneakers,400.17,USD,0,2.71,185,13,AE,4,1
Samsung Cameras in excellent condition,Serial number available. Fast shipping and returns accepted.,Samsung,Cameras,606.22,USD,1047,4.37,1210,282,AE,12,0
Verified Nike Sneakers listing,Purchased from official store. Invoice and original box included.,Nike,Sneakers,90.23,USD,907,4.78,1066,392,JP,27,0
Verified Louis Vuitton Electronics listing,Serial number available. Fast shipping and returns accepted.,Louis Vuitton,Electronics,5129.38,USD,71,3.59,170,0,GB,14,1
Verified Bose Handbags listing,Serial number available. Fast shipping and returns accepted.,Bose,Handbags,227.65,USD,842,3.92,1058,493,DE,22,0
Verified Canon Sneakers listing,Serial number available. Fast shipping and returns accepted.,Canon,Sneakers,1037.18,USD,584,4.53,317,246,US,14,0
Original Gucci Handbags with full packaging,Serial number available. Fast shipping and returns accepted.,Gucci,Handbags,1761.51,USD,550,4.94,954,61,AE,15,0
Original Canon Handbags with full packaging,Serial number available. Fast shipping and returns accepted.,Canon,Handbags,1251.33,USD,692,4.06,840,394,JP,35,0
Original Adidas Cameras with full packaging,Purchased from official store. Invoice and original box included.,Adidas,Cameras,45.45,USD,241,3.31,133,0,DE,13,1
Apple Sneakers in excellent condition,Purchased from official store. Invoice and original box included.,Apple,Sneakers,760.98,USD,310,4.2,1076,335,IN,34,0
Original Louis Vuitton Watches with full packaging,Minimal wear. Verified authenticity by trusted reseller.,Louis Vuitton,Watches,1105.21,USD,218,2.12,31,46,AE,5,1
Original Bose Watches with full packaging,Purchased from official store. Invoice and original box included.,Bose,Watches,235.55,USD,542,4.28,802,397,CN,19,0
Rolex Electronics in excellent condition,Serial number available. Fast shipping and returns accepted.,Rolex,Electronics,11587.82,USD,559,3.71,786,240,JP,20,0
Samsung Sneakers premium mirror quality deal,"Factory source stock, no box but same quality as original.",Samsung,Sneakers,321.69,USD,218,3.45,59,22,DE,0,1
Verified Sony Electronics listing,Serial number available. Fast shipping and returns accepted.,Sony,Electronics,425.85,USD,322,4.86,893,201,IN,15,0
Luxury Louis Vuitton replica item,"Factory source stock, no box but same quality as original.",Louis Vuitton,Handbags,1092.6,USD,33,3.65,204,29,DE,11,1
Original Apple Watches with full packaging,Serial number available. Fast shipping and returns accepted.,Apple,Watches,474.52,USD,56,3.08,55,44,DE,3,1
Original Apple Watches with full packaging,Serial number available. Fast shipping and returns accepted.,Apple,Watches,27.01,USD,94,2.92,159,10,JP,2,1
Verified Louis Vuitton Electronics listing,Serial number available. Fast shipping and returns accepted.,Louis Vuitton,Electronics,1949.38,USD,282,3.91,1238,314,AE,5,0
Original Bose Handbags with full packaging,Minimal wear. Verified authenticity by trusted reseller.,Bose,Handbags,288.47,USD,293,4.31,656,230,JP,18,0
Verified Rolex Watches listing,Minimal wear. Verified authenticity by trusted reseller.,Rolex,Watches,12792.02,USD,689,5.0,881,437,CN,22,0
Verified Canon Electronics listing,Purchased from official store. Invoice and original box included.,Canon,Electronics,774.55,USD,1005,4.43,0,266,TR,10,0
Original Apple Electronics with full packaging,Minimal wear. Verified authenticity by trusted reseller.,Apple,Electronics,921.32,USD,479,4.32,356,340,IN,18,0
Verified Apple Handbags listing,Minimal wear. Verified authenticity by trusted reseller.,Apple,Handbags,751.26,USD,672,3.99,775,269,GB,28,0
Sony Electronics in excellent condition,Serial number available. Fast shipping and returns accepted.,Sony,Electronics,448.55,USD,84,4.3,803,216,JP,28,0
Sony Handbags in excellent condition,Minimal wear. Verified authenticity by trusted reseller.,Sony,Handbags,355.37,USD,0,3.73,0,67,CN,10,1
Gucci Handbags mirror quality,No receipt available. Perfect copy and hard to tell.,Gucci,Handbags,493.66,USD,103,3.34,261,68,IN,2,1
Rolex Electronics mirror quality,"Factory source stock, no box but same quality as original.",Rolex,Electronics,12063.62,USD,8,4.84,109,45,TR,5,1
Verified Apple Audio listing,Serial number available. Fast shipping and returns accepted.,Apple,Audio,1180.9,USD,394,4.49,0,140,US,28,0
Luxury Sony wholesale lot item,"Factory source stock, no box but same quality as original.",Sony,Audio,199.32,USD,93,2.8,0,55,GB,12,1
Rolex Electronics in excellent condition,Minimal wear. Verified authenticity by trusted reseller.,Rolex,Electronics,12221.62,USD,29,3.57,98,21,JP,0,1
Verified Apple Cameras listing,Purchased from official store. Invoice and original box included.,Apple,Cameras,964.06,USD,742,5.0,486,72,IN,13,0
Original Apple Sneakers with full packaging,Purchased from official store. Invoice and original box included.,Apple,Sneakers,989.07,USD,90,4.11,710,350,CN,1,0
Verified Adidas Electronics listing,Purchased from official store. Invoice and original box included.,Adidas,Electronics,29.84,USD,33,3.55,0,36,AE,3,1
Verified Nike Handbags listing,Minimal wear. Verified authenticity by trusted reseller.,Nike,Handbags,94.79,USD,924,4.22,392,151,GB,20,0
Nike Watches in excellent condition,Serial number available. Fast shipping and returns accepted.,Nike,Watches,116.7,USD,287,4.24,675,220,DE,15,0
Verified Nike Electronics listing,Serial number available. Fast shipping and returns accepted.,Nike,Electronics,151.41,USD,183,3.97,480,373,GB,6,0
Sony Cameras in excellent condition,Serial number available. Fast shipping and returns accepted.,Sony,Cameras,463.56,USD,193,4.57,975,370,GB,24,0
Verified Samsung Watches listing,Serial number available. Fast shipping and returns accepted.,Samsung,Watches,484.37,USD,0,4.17,454,391,US,22,0
Bose Sneakers premium factory surplus deal,No receipt available. Perfect copy and hard to tell.,Bose,Sneakers,74.34,USD,0,3.77,133,0,JP,12,1
Sony Cameras premium mirror quality deal,"Factory source stock, no box but same quality as original.",Sony,Cameras,207.55,USD,70,2.9,115,14,GB,19,1
Verified Canon Electronics listing,Minimal wear. Verified authenticity by trusted reseller.,Canon,Electronics,866.76,USD,472,3.96,779,433,IN,0,0
Bose Cameras in excellent condition,Minimal wear. Verified authenticity by trusted reseller.,Bose,Cameras,398.15,USD,754,3.71,307,137,IN,12,0
Original Canon Electronics with full packaging,Purchased from official store. Invoice and original box included.,Canon,Electronics,454.2,USD,0,2.46,52,22,US,13,1
Original Apple Electronics with full packaging,Purchased from official store. Invoice and original box included.,Apple,Electronics,706.37,USD,427,4.43,699,77,AE,22,0
Original Samsung Electronics with full packaging,Purchased from official store. Invoice and original box included.,Samsung,Electronics,589.29,USD,62,1.97,0,37,DE,1,1
Nike Audio in excellent condition,Minimal wear. Verified authenticity by trusted reseller.,Nike,Audio,128.67,USD,1403,4.85,513,0,DE,22,0
Original Sony Electronics with full packaging,Purchased from official store. Invoice and original box included.,Sony,Electronics,425.81,USD,305,4.87,485,282,US,31,0
Original Samsung Watches with full packaging,Purchased from official store. Invoice and original box included.,Samsung,Watches,695.22,USD,1150,4.7,707,416,GB,28,0
Apple Handbags premium factory surplus deal,"Factory source stock, no box but same quality as original.",Apple,Handbags,374.77,USD,50,2.82,0,0,DE,0,1
Original Adidas Handbags with full packaging,Purchased from official store. Invoice and original box included.,Adidas,Handbags,94.45,USD,418,4.56,784,191,IN,36,0
Adidas Cameras in excellent condition,Serial number available. Fast shipping and returns accepted.,Adidas,Cameras,123.07,USD,1043,4.54,1150,281,AE,19,0
Luxury Louis Vuitton looks original item,"DM for wholesale and better price, limited details.",Louis Vuitton,Cameras,724.45,USD,43,3.83,60,28,GB,11,1
Original Samsung Sneakers with full packaging,Serial number available. Fast shipping and returns accepted.,Samsung,Sneakers,477.35,USD,0,3.51,0,46,GB,14,1
Louis Vuitton Audio in excellent condition,Purchased from official store. Invoice and original box included.,Louis Vuitton,Audio,1002.8,USD,168,2.5,91,28,US,4,1
Verified Adidas Handbags listing,Purchased from official store. Invoice and original box included.,Adidas,Handbags,83.26,USD,0,3.44,759,20,CN,22,0
Canon Cameras authentic style,"Factory source stock, no box but same quality as original.",Canon,Cameras,1566.49,USD,158,2.92,49,3,TR,5,1
Nike Cameras in excellent condition,Purchased from official store. Invoice and original box included.,Nike,Cameras,25.38,USD,0,3.01,0,44,GB,0,1
Nike Audio in excellent condition,Serial number available. Fast shipping and returns accepted.,Nike,Audio,51.93,USD,72,3.56,0,51,AE,0,1
Luxury Gucci factory surplus item,"DM for wholesale and better price, limited details.",Gucci,Audio,946.88,USD,152,2.99,30,41,JP,10,1
Verified Nike Handbags listing,Minimal wear. Verified authenticity by trusted reseller.,Nike,Handbags,63.11,USD,109,4.28,772,5,GB,20,0
Apple Electronics in excellent condition,Purchased from official store. Invoice and original box included.,Apple,Electronics,812.15,USD,522,4.06,384,535,JP,31,0
Luxury Gucci authentic style item,"DM for wholesale and better price, limited details.",Gucci,Sneakers,631.65,USD,0,3.18,59,75,JP,25,1
Sony Audio in excellent condition,Minimal wear. Verified authenticity by trusted reseller.,Sony,Audio,232.38,USD,763,3.8,468,58,TR,44,0
Original Rolex Audio with full packaging,Minimal wear. Verified authenticity by trusted reseller.,Rolex,Audio,10331.69,USD,108,5.0,175,257,TR,29,0
Bose Handbags authentic style,"DM for wholesale and better price, limited details.",Bose,Handbags,38.17,USD,0,3.3,122,53,TR,3,1
Adidas Cameras in excellent condition,Serial number available. Fast shipping and returns accepted.,Adidas,Cameras,125.93,USD,651,4.88,541,376,JP,0,0
Luxury Adidas factory surplus item,"DM for wholesale and better price, limited details.",Adidas,Cameras,31.46,USD,157,2.6,167,54,GB,14,1
Rolex Watches in excellent condition,Minimal wear. Verified authenticity by trusted reseller.,Rolex,Watches,9149.06,USD,687,4.16,135,470,US,34,0
Original Nike Cameras with full packaging,Purchased from official store. Invoice and original box included.,Nike,Cameras,170.93,USD,453,4.25,887,415,US,20,0
Original Rolex Cameras with full packaging,Purchased from official store. Invoice and original box included.,Rolex,Cameras,2849.6,USD,0,3.68,43,10,AE,6,1
Luxury Rolex dm for more item,No receipt available. Perfect copy and hard to tell.,Rolex,Electronics,5348.64,USD,72,4.33,0,0,AE,2,1
Verified Samsung Electronics listing,Serial number available. Fast shipping and returns accepted.,Samsung,Electronics,401.58,USD,501,5.0,875,430,IN,2,0
Original Rolex Cameras with full packaging,Purchased from official store. Invoice and original box included.,Rolex,Cameras,4395.09,USD,0,3.64,11,89,JP,11,1
Original Sony Electronics with full packaging,Purchased from official store. Invoice and original box included.,Sony,Electronics,1473.03,USD,74,2.66,74,0,TR,5,1
Luxury Sony mirror quality item,"Factory source stock, no box but same quality as original.",Sony,Watches,93.02,USD,132,2.99,94,4,CN,8,1
Original Rolex Electronics with full packaging,Serial number available. Fast shipping and returns accepted.,Rolex,Electronics,9878.95,USD,128,3.99,306,0,DE,35,0
Verified Gucci Sneakers listing,Purchased from official store. Invoice and original box included.,Gucci,Sneakers,1265.72,USD,663,3.93,1487,0,IN,16,0
Samsung Handbags in excellent condition,Minimal wear. Verified authenticity by trusted reseller.,Samsung,Handbags,761.98,USD,610,3.55,1166,290,CN,20,0
Sony Electronics in excellent condition,Serial number available. Fast shipping and returns accepted.,Sony,Electronics,448.89,USD,839,4.64,0,229,DE,21,0
Apple Watches in excellent condition,Minimal wear. Verified authenticity by trusted reseller.,Apple,Watches,543.09,USD,100,4.41,617,27,DE,17,0
Nike Handbags premium inspired deal,"DM for wholesale and better price, limited details.",Nike,Handbags,62.4,USD,0,4.57,360,179,GB,22,0
Verified Adidas Cameras listing,Serial number available. Fast shipping and returns accepted.,Adidas,Cameras,119.48,USD,223,3.91,601,304,US,15,0
Nike Audio premium no box deal,No receipt available. Perfect copy and hard to tell.,Nike,Audio,100.25,USD,871,4.66,396,311,DE,9,0
Original Sony Audio with full packaging,Minimal wear. Verified authenticity by trusted reseller.,Sony,Audio,311.66,USD,407,4.64,127,166,TR,29,0
Bose Handbags in excellent condition,Purchased from official store. Invoice and original box included.,Bose,Handbags,230.9,USD,433,4.9,425,303,CN,51,0
Verified Gucci Handbags listing,Purchased from official store. Invoice and original box included.,Gucci,Handbags,741.67,USD,623,5.0,1166,450,TR,24,0
Original Bose Audio with full packaging,Serial number available. Fast shipping and returns accepted.,Bose,Audio,204.92,USD,855,4.12,957,242,JP,21,0
Original Rolex Handbags with full packaging,Purchased from official store. Invoice and original box included.,Rolex,Handbags,8971.28,USD,165,4.09,681,0,AE,12,0
Verified Sony Watches listing,Purchased from official store. Invoice and original box included.,Sony,Watches,290.45,USD,704,3.98,328,0,GB,47,0
Bose Watches in excellent condition,Serial number available. Fast shipping and returns accepted.,Bose,Watches,209.2,USD,1018,3.75,130,337,TR,8,0
Verified Canon Cameras listing,Serial number available. Fast shipping and returns accepted.,Canon,Cameras,844.44,USD,653,4.23,451,264,DE,0,0
Rolex Cameras in excellent condition,Purchased from official store. Invoice and original box included.,Rolex,Cameras,8235.1,USD,485,4.29,703,119,CN,36,0
Verified Apple Audio listing,Minimal wear. Verified authenticity by trusted reseller.,Apple,Audio,1294.49,USD,0,2.5,135,0,IN,8,1
Rolex Sneakers inspired,No receipt available. Perfect copy and hard to tell.,Rolex,Sneakers,7712.92,USD,1286,4.1,107,88,CN,21,0
Bose Audio in excellent condition,Purchased from official store. Invoice and original box included.,Bose,Audio,214.54,USD,908,3.73,911,414,IN,33,0
Verified Adidas Audio listing,Minimal wear. Verified authenticity by trusted reseller.,Adidas,Audio,69.7,USD,438,4.86,140,161,US,33,0
Sony Watches without receipt,No receipt available. Perfect copy and hard to tell.,Sony,Watches,289.16,USD,236,4.17,0,68,JP,1,1
Bose Handbags premium replica deal,"Factory source stock, no box but same quality as original.",Bose,Handbags,106.26,USD,102,3.57,86,9,IN,1,1
Canon Cameras factory surplus,"DM for wholesale and better price, limited details.",Canon,Cameras,336.11,USD,55,3.33,358,0,US,14,1
Verified Adidas Watches listing,Purchased from official store. Invoice and original box included.,Adidas,Watches,45.61,USD,137,2.15,0,29,DE,5,1
Rolex Watches premium factory surplus deal,No receipt available. Perfect copy and hard to tell.,Rolex,Watches,8388.2,USD,742,4.05,359,549,IN,36,0
Verified Rolex Audio listing,Minimal wear. Verified authenticity by trusted reseller.,Rolex,Audio,9996.88,USD,1472,4.06,604,0,JP,17,0
Verified Samsung Cameras listing,Serial number available. Fast shipping and returns accepted.,Samsung,Cameras,452.82,USD,185,4.48,641,350,DE,21,0
Nike Watches copy version,"Factory source stock, no box but same quality as original.",Nike,Watches,27.62,USD,9,2.95,144,22,US,7,1
Canon Watches in excellent condition,Purchased from official store. Invoice and original box included.,Canon,Watches,462.1,USD,754,4.08,0,350,JP,18,0
Nike Watches in excellent condition,Minimal wear. Verified authenticity by trusted reseller.,Nike,Watches,182.94,USD,163,1.92,26,5,DE,1,1
Verified Adidas Cameras listing,Minimal wear. Verified authenticity by trusted reseller.,Adidas,Cameras,84.01,USD,0,4.86,936,406,AE,1,0
Verified Sony Watches listing,Purchased from official store. Invoice and original box included.,Sony,Watches,349.32,USD,0,4.42,1027,0,IN,8,0
Original Gucci Watches with full packaging,Serial number available. Fast shipping and returns accepted.,Gucci,Watches,760.11,USD,89,3.98,27,17,CN,12,1
Bose Watches in excellent condition,Purchased from official store. Invoice and original box included.,Bose,Watches,164.54,USD,693,4.78,567,0,TR,34,0
Adidas Electronics in excellent condition,Minimal wear. Verified authenticity by trusted reseller.,Adidas,Electronics,85.81,USD,48,4.36,196,415,GB,34,0
Verified Louis Vuitton Sneakers listing,Purchased from official store. Invoice and original box included.,Louis Vuitton,Sneakers,2793.71,USD,378,4.08,693,165,IN,12,0
Gucci Cameras in excellent condition,Purchased from official store. Invoice and original box included.,Gucci,Cameras,2383.61,USD,136,4.68,580,419,DE,6,0
Canon Watches in excellent condition,Minimal wear. Verified authenticity by trusted reseller.,Canon,Watches,202.79,USD,102,3.24,0,0,GB,9,1
Verified Rolex Audio listing,Minimal wear. Verified authenticity by trusted reseller.,Rolex,Audio,8240.21,USD,394,3.37,577,224,GB,27,0
Adidas Handbags in excellent condition,Purchased from official store. Invoice and original box included.,Adidas,Handbags,48.8,USD,555,5.0,704,380,TR,33,0
Sony Watches in excellent condition,Minimal wear. Verified authenticity by trusted reseller.,Sony,Watches,189.15,USD,673,4.03,1090,252,GB,13,0
Original Canon Watches with full packaging,Minimal wear. Verified authenticity by trusted reseller.,Canon,Watches,345.45,USD,456,4.18,542,290,GB,19,0
Samsung Electronics premium wholesale lot deal,No receipt available. Perfect copy and hard to tell.,Samsung,Electronics,957.13,USD,94,3.37,0,42,US,0,1
Apple Sneakers in excellent condition,Minimal wear. Verified authenticity by trusted reseller.,Apple,Sneakers,912.53,USD,163,4.49,634,195,US,36,0
Verified Nike Handbags listing,Minimal wear. Verified authenticity by trusted reseller.,Nike,Handbags,143.16,USD,1069,3.82,592,136,GB,32,0
Nike Cameras in excellent condition,Serial number available. Fast shipping and returns accepted.,Nike,Cameras,85.58,USD,1442,4.15,1537,3,AE,34,0
Verified Apple Cameras listing,Purchased from official store. Invoice and original box included.,Apple,Cameras,788.79,USD,1022,4.65,796,349,AE,35,0
Verified Samsung Electronics listing,Minimal wear. Verified authenticity by trusted reseller.,Samsung,Electronics,842.1,USD,280,4.17,650,497,CN,24,0
Adidas Handbags in excellent condition,Minimal wear. Verified authenticity by trusted reseller.,Adidas,Handbags,87.88,USD,982,4.41,1234,500,IN,20,0
Adidas Electronics in excellent condition,Purchased from official store. Invoice and original box included.,Adidas,Electronics,129.7,USD,900,4.27,743,20,CN,45,0
Original Canon Audio with full packaging,Serial number available. Fast shipping and returns accepted.,Canon,Audio,960.31,USD,802,4.8,446,287,US,13,0
Verified Canon Electronics listing,Purchased from official store. Invoice and original box included.,Canon,Electronics,747.35,USD,1125,4.39,1148,229,US,22,0
Adidas Watches premium inspired deal,No receipt available. Perfect copy and hard to tell.,Adidas,Watches,51.88,USD,26,3.41,0,28,AE,10,1
Original Canon Handbags with full packaging,Minimal wear. Verified authenticity by trusted reseller.,Canon,Handbags,674.08,USD,614,4.63,300,913,GB,24,0
Verified Rolex Electronics listing,Purchased from official store. Invoice and original box included.,Rolex,Electronics,3814.03,USD,864,5.0,162,80,AE,27,0
Samsung Cameras in excellent condition,Minimal wear. Verified authenticity by trusted reseller.,Samsung,Cameras,607.37,USD,235,4.2,494,382,TR,0,0
Original Apple Audio with full packaging,Purchased from official store. Invoice and original box included.,Apple,Audio,1575.28,USD,146,2.29,89,31,TR,11,1
Verified Rolex Watches listing,Serial number available. Fast shipping and returns accepted.,Rolex,Watches,7432.72,USD,1036,4.03,771,216,AE,9,0
Apple Audio in excellent condition,Purchased from official store. Invoice and original box included.,Apple,Audio,1177.02,USD,513,3.79,58,388,GB,30,0
Original Apple Handbags with full packaging,Serial number available. Fast shipping and returns accepted.,Apple,Handbags,521.99,USD,218,4.74,836,299,GB,5,0
Luxury Canon authentic style item,"DM for wholesale and better price, limited details.",Canon,Audio,1125.24,USD,228,1.94,128,33,CN,0,1
Verified Louis Vuitton Audio listing,Purchased from official store. Invoice and original box included.,Louis Vuitton,Audio,2461.53,USD,480,4.42,564,137,TR,35,0
Original Rolex Audio with full packaging,Purchased from official store. Invoice and original box included.,Rolex,Audio,8033.56,USD,586,4.12,480,375,DE,15,0
Verified Nike Watches listing,Serial number available. Fast shipping and returns accepted.,Nike,Watches,66.32,USD,118,3.22,333,0,DE,2,1
Verified Canon Audio listing,Serial number available. Fast shipping and returns accepted.,Canon,Audio,800.52,USD,796,4.76,1197,459,TR,38,0
Luxury Adidas replica item,No receipt available. Perfect copy and hard to tell.,Adidas,Watches,10.0,USD,0,4.05,3,29,AE,8,1
Canon Electronics premium 1:1 deal,No receipt available. Perfect copy and hard to tell.,Canon,Electronics,2279.79,USD,106,2.6,175,0,IN,14,1
Apple Electronics authentic style,"Factory source stock, no box but same quality as original.",Apple,Electronics,82.89,USD,174,3.73,279,37,AE,1,1
Adidas Sneakers in excellent condition,Minimal wear. Verified authenticity by trusted reseller.,Adidas,Sneakers,85.52,USD,606,4.71,360,153,AE,22,0
Samsung Audio in excellent condition,Minimal wear. Verified authenticity by trusted reseller.,Samsung,Audio,792.84,USD,904,4.69,594,1,US,15,0
Original Nike Electronics with full packaging,Serial number available. Fast shipping and returns accepted.,Nike,Electronics,86.19,USD,0,4.76,181,110,US,45,0
Luxury Rolex no box item,"DM for wholesale and better price, limited details.",Rolex,Cameras,8950.8,USD,416,4.56,0,156,DE,38,0
Verified Adidas Handbags listing,Minimal wear. Verified authenticity by trusted reseller.,Adidas,Handbags,334.74,USD,233,3.48,0,22,US,24,1
Samsung Sneakers in excellent condition,Serial number available. Fast shipping and returns accepted.,Samsung,Sneakers,981.11,USD,298,4.25,809,222,JP,24,0
Rolex Watches no box,"DM for wholesale and better price, limited details.",Rolex,Watches,5080.77,USD,257,3.8,0,36,CN,0,1
Verified Bose Handbags listing,Purchased from official store. Invoice and original box included.,Bose,Handbags,258.92,USD,0,4.47,660,344,DE,31,0
Original Nike Sneakers with full packaging,Minimal wear. Verified authenticity by trusted reseller.,Nike,Sneakers,150.91,USD,415,4.05,0,81,IN,10,0
Nike Audio in excellent condition,Minimal wear. Verified authenticity by trusted reseller.,Nike,Audio,150.53,USD,1356,4.61,947,249,GB,40,0
Verified Rolex Electronics listing,Serial number available. Fast shipping and returns accepted.,Rolex,Electronics,8852.3,USD,152,4.53,1358,0,JP,15,0
Apple Electronics in excellent condition,Minimal wear. Verified authenticity by trusted reseller.,Apple,Electronics,1010.67,USD,191,4.12,1716,547,IN,45,0
Samsung Electronics premium copy version deal,"DM for wholesale and better price, limited details.",Samsung,Electronics,264.53,USD,253,3.54,234,0,US,4,1
Apple Watches in excellent condition,Minimal wear. Verified authenticity by trusted reseller.,Apple,Watches,317.18,USD,137,4.63,184,36,GB,16,1
Verified Samsung Electronics listing,Minimal wear. Verified authenticity by trusted reseller.,Samsung,Electronics,726.39,USD,308,4.68,708,114,US,21,0
Luxury Rolex copy version item,"DM for wholesale and better price, limited details.",Rolex,Cameras,5012.79,USD,83,3.92,206,38,IN,2,1
Verified Adidas Cameras listing,Serial number available. Fast shipping and returns accepted.,Adidas,Cameras,89.16,USD,338,4.4,34,232,US,45,0
Verified Bose Cameras listing,Serial number available. Fast shipping and returns accepted.,Bose,Cameras,243.03,USD,281,3.89,835,439,DE,51,0
Apple Sneakers authentic style,"DM for wholesale and better price, limited details.",Apple,Sneakers,468.77,USD,0,2.57,174,28,CN,12,1
Nike Audio premium no box deal,"DM for wholesale and better price, limited details.",Nike,Audio,98.4,USD,34,4.79,161,0,IN,8,1
Original Samsung Sneakers with full packaging,Purchased from official store. Invoice and original box included.,Samsung,Sneakers,357.75,USD,69,3.08,44,0,DE,2,1
Louis Vuitton Watches in excellent condition,Purchased from official store. Invoice and original box included.,Louis Vuitton,Watches,2278.46,USD,145,4.45,756,297,JP,6,0
Sony Handbags in excellent condition,Purchased from official store. Invoice and original box included.,Sony,Handbags,161.05,USD,0,2.89,0,0,CN,5,1
Apple Cameras in excellent condition,Minimal wear. Verified authenticity by trusted reseller.,Apple,Cameras,345.65,USD,277,2.61,35,64,TR,4,1
Original Apple Handbags with full packaging,Purchased from official store. Invoice and original box included.,Apple,Handbags,709.82,USD,886,4.17,311,175,IN,0,0
Gucci Electronics in excellent condition,Minimal wear. Verified authenticity by trusted reseller.,Gucci,Electronics,936.39,USD,575,4.95,592,289,GB,24,0
Nike Cameras in excellent condition,Purchased from official store. Invoice and original box included.,Nike,Cameras,163.9,USD,769,4.05,563,472,JP,4,0
Original Apple Audio with full packaging,Minimal wear. Verified authenticity by trusted reseller.,Apple,Audio,681.46,USD,429,4.68,827,223,GB,28,0
Apple Electronics in excellent condition,Serial number available. Fast shipping and returns accepted.,Apple,Electronics,889.59,USD,898,4.16,854,534,JP,6,0
Nike Watches premium no box deal,"Factory source stock, no box but same quality as original.",Nike,Watches,100.29,USD,107,3.04,177,41,US,0,1
Verified Gucci Audio listing,Purchased from official store. Invoice and original box included.,Gucci,Audio,1695.5,USD,538,4.47,872,0,IN,29,0
Sony Electronics without receipt,"DM for wholesale and better price, limited details.",Sony,Electronics,91.36,USD,206,4.87,0,1,JP,11,1
Canon Handbags in excellent condition,Purchased from official store. Invoice and original box included.,Canon,Handbags,578.06,USD,709,3.91,664,617,CN,17,0
Canon Sneakers without receipt,"Factory source stock, no box but same quality as original.",Canon,Sneakers,588.75,USD,59,2.57,23,9,CN,9,1
Luxury Rolex dm for more item,No receipt available. Perfect copy and hard to tell.,Rolex,Electronics,3311.68,USD,0,3.28,0,46,TR,0,1
Verified Apple Watches listing,Minimal wear. Verified authenticity by trusted reseller.,Apple,Watches,779.88,USD,482,4.02,791,196,GB,20,0
Verified Apple Sneakers listing,Minimal wear. Verified authenticity by trusted reseller.,Apple,Sneakers,431.7,USD,180,5.0,726,288,US,18,0
Verified Bose Sneakers listing,Minimal wear. Verified authenticity by trusted reseller.,Bose,Sneakers,254.74,USD,757,4.38,90,162,GB,0,0
Verified Adidas Handbags listing,Serial number available. Fast shipping and returns accepted.,Adidas,Handbags,109.28,USD,1101,3.73,1039,273,CN,16,0
Verified Bose Watches listing,Minimal wear. Verified authenticity by trusted reseller.,Bose,Watches,188.5,USD,820,4.64,791,207,TR,17,0
Verified Bose Audio listing,Serial number available. Fast shipping and returns accepted.,Bose,Audio,208.02,USD,899,4.94,604,0,IN,19,0
Original Nike Audio with full packaging,Minimal wear. Verified authenticity by trusted reseller.,Nike,Audio,95.73,USD,865,4.81,1204,0,TR,30,0
Bose Watches in excellent condition,Serial number available. Fast shipping and returns accepted.,Bose,Watches,275.59,USD,132,4.15,1094,382,US,45,0
Canon Handbags discounted luxury,No receipt available. Perfect copy and hard to tell.,Canon,Handbags,2074.85,USD,60,3.1,67,0,JP,8,1
Original Nike Watches with full packaging,Purchased from official store. Invoice and original box included.,Nike,Watches,49.88,USD,518,3.73,754,427,TR,26,0
Luxury Gucci replica item,"DM for wholesale and better price, limited details.",Gucci,Audio,1005.56,USD,0,3.15,38,6,US,7,1
Canon Electronics factory surplus,"Factory source stock, no box but same quality as original.",Canon,Electronics,173.06,USD,6,3.89,90,76,TR,8,1
Apple Cameras in excellent condition,Serial number available. Fast shipping and returns accepted.,Apple,Cameras,603.13,USD,1055,4.15,119,330,JP,29,0
Verified Canon Audio listing,Minimal wear. Verified authenticity by trusted reseller.,Canon,Audio,1080.27,USD,1160,4.89,1075,114,AE,29,0
Rolex Audio in excellent condition,Serial number available. Fast shipping and returns accepted.,Rolex,Audio,4472.62,USD,28,2.58,177,0,US,7,1
Verified Samsung Electronics listing,Minimal wear. Verified authenticity by trusted reseller.,Samsung,Electronics,682.83,USD,359,4.45,441,200,TR,27,0
Samsung Sneakers in excellent condition,Serial number available. Fast shipping and returns accepted.,Samsung,Sneakers,520.47,USD,290,3.99,770,322,AE,32,0
Original Canon Cameras with full packaging,Purchased from official store. Invoice and original box included.,Canon,Cameras,51.65,USD,69,3.42,266,0,TR,0,1
Bose Electronics inspired,No receipt available. Perfect copy and hard to tell.,Bose,Electronics,200.56,USD,514,4.51,0,253,US,13,0
Verified Canon Electronics listing,Minimal wear. Verified authenticity by trusted reseller.,Canon,Electronics,444.97,USD,606,4.32,616,144,DE,19,0
Rolex Audio in excellent condition,Serial number available. Fast shipping and returns accepted.,Rolex,Audio,11637.48,USD,348,4.62,733,293,JP,3,0
Verified Adidas Electronics listing,Serial number available. Fast shipping and returns accepted.,Adidas,Electronics,63.61,USD,451,4.43,859,286,CN,10,0
Apple Sneakers in excellent condition,Purchased from official store. Invoice and original box included.,Apple,Sneakers,1177.48,USD,251,4.06,1107,583,US,3,0
Canon Electronics discounted luxury,No receipt available. Perfect copy and hard to tell.,Canon,Electronics,208.72,USD,209,2.7,106,0,GB,6,1
Verified Gucci Audio listing,Purchased from official store. Invoice and original box included.,Gucci,Audio,1993.01,USD,957,4.32,0,320,AE,26,0
Apple Sneakers 1:1,"DM for wholesale and better price, limited details.",Apple,Sneakers,386.23,USD,0,2.95,85,26,CN,14,1
Luxury Nike 1:1 item,"Factory source stock, no box but same quality as original.",Nike,Handbags,30.8,USD,17,2.04,0,23,US,0,1
Luxury Sony wholesale lot item,No receipt available. Perfect copy and hard to tell.,Sony,Electronics,572.87,USD,513,3.45,515,464,IN,20,0
Original Gucci Cameras with full packaging,Purchased from official store. Invoice and original box included.,Gucci,Cameras,1037.16,USD,118,1.91,82,26,CN,14,1
Luxury Adidas copy version item,"Factory source stock, no box but same quality as original.",Adidas,Sneakers,38.93,USD,0,3.23,110,0,TR,16,1
Verified Louis Vuitton Sneakers listing,Serial number available. Fast shipping and returns accepted.,Louis Vuitton,Sneakers,2096.47,USD,821,4.8,169,0,TR,21,0
Verified Louis Vuitton Audio listing,Purchased from official store. Invoice and original box included.,Louis Vuitton,Audio,1366.1,USD,81,4.44,0,305,IN,17,0
Verified Sony Electronics listing,Minimal wear. Verified authenticity by trusted reseller.,Sony,Electronics,395.1,USD,702,4.56,896,399,GB,28,0
Luxury Adidas wholesale lot item,"Factory source stock, no box but same quality as original.",Adidas,Sneakers,59.8,USD,66,5.0,1098,623,GB,17,0
Rolex Watches in excellent condition,Purchased from official store. Invoice and original box included.,Rolex,Watches,10094.78,USD,558,4.92,0,181,AE,30,0
Samsung Cameras premium no box deal,No receipt available. Perfect copy and hard to tell.,Samsung,Cameras,242.27,USD,174,2.59,30,29,IN,2,1
Canon Sneakers in excellent condition,Minimal wear. Verified authenticity by trusted reseller.,Canon,Sneakers,713.32,USD,484,5.0,27,483,GB,30,0
Nike Audio factory surplus,No receipt available. Perfect copy and hard to tell.,Nike,Audio,24.45,USD,0,3.45,0,35,TR,0,1
Original Rolex Audio with full packaging,Serial number available. Fast shipping and returns accepted.,Rolex,Audio,13969.32,USD,1181,3.84,0,134,AE,32,0
Gucci Sneakers in excellent condition,Minimal wear. Verified authenticity by trusted reseller.,Gucci,Sneakers,775.81,USD,299,2.87,0,0,CN,10,1
Adidas Handbags in excellent condition,Minimal wear. Verified authenticity by trusted reseller.,Adidas,Handbags,35.24,USD,59,3.15,0,14,AE,10,1
Apple Watches in excellent condition,Purchased from official store. Invoice and original box included.,Apple,Watches,642.81,USD,562,4.48,828,521,TR,6,0
Adidas Handbags in excellent condition,Minimal wear. Verified authenticity by trusted reseller.,Adidas,Handbags,152.99,USD,0,3.56,72,11,CN,11,1
Nike Electronics in excellent condition,Serial number available. Fast shipping and returns accepted.,Nike,Electronics,103.4,USD,832,3.91,373,470,IN,22,0
Canon Watches in excellent condition,Minimal wear. Verified authenticity by trusted reseller.,Canon,Watches,1291.52,USD,1103,4.04,679,309,GB,24,0
Verified Sony Audio listing,Purchased from official store. Invoice and original box included.,Sony,Audio,261.02,USD,164,3.58,0,4,CN,12,1
Original Canon Electronics with full packaging,Minimal wear. Verified authenticity by trusted reseller.,Canon,Electronics,553.98,USD,1165,4.32,1156,254,IN,33,1
Bose Electronics in excellent condition,Minimal wear. Verified authenticity by trusted reseller.,Bose,Electronics,207.53,USD,711,4.48,1109,330,JP,51,0
Original Nike Audio with full packaging,Serial number available. Fast shipping and returns accepted.,Nike,Audio,137.83,USD,781,4.41,626,21,US,6,0
Verified Samsung Watches listing,Purchased from official store. Invoice and original box included.,Samsung,Watches,563.94,USD,37,4.64,61,33,IN,13,1
Bose Audio premium wholesale lot deal,"DM for wholesale and better price, limited details.",Bose,Audio,128.56,USD,33,4.19,120,0,GB,0,1
Original Sony Electronics with full packaging,Purchased from official store. Invoice and original box included.,Sony,Electronics,523.01,USD,961,4.49,972,563,TR,28,0
Canon Watches in excellent condition,Serial number available. Fast shipping and returns accepted.,Canon,Watches,806.49,USD,320,5.0,602,230,DE,25,0
Verified Nike Cameras listing,Serial number available. Fast shipping and returns accepted.,Nike,Cameras,131.86,USD,593,4.36,160,224,AE,17,0
Original Louis Vuitton Sneakers with full packaging,Purchased from official store. Invoice and original box included.,Louis Vuitton,Sneakers,704.87,USD,127,3.08,249,20,AE,7,1
Original Canon Electronics with full packaging,Minimal wear. Verified authenticity by trusted reseller.,Canon,Electronics,378.3,USD,236,3.81,21,0,DE,4,1
Nike Audio in excellent condition,Minimal wear. Verified authenticity by trusted reseller.,Nike,Audio,89.58,USD,762,3.75,2,336,DE,17,0
Verified Samsung Audio listing,Purchased from official store. Invoice and original box included.,Samsung,Audio,375.53,USD,637,4.06,1335,323,CN,19,0
Original Rolex Electronics with full packaging,Minimal wear. Verified authenticity by trusted reseller.,Rolex,Electronics,7620.56,USD,309,4.65,442,383,US,35,0
Louis Vuitton Watches in excellent condition,Minimal wear. Verified authenticity by trusted reseller.,Louis Vuitton,Watches,1697.7,USD,361,4.07,617,209,JP,17,0
Verified Canon Electronics listing,Serial number available. Fast shipping and returns accepted.,Canon,Electronics,686.12,USD,252,4.27,408,285,CN,16,0
Verified Louis Vuitton Handbags listing,Minimal wear. Verified authenticity by trusted reseller.,Louis Vuitton,Handbags,1461.27,USD,293,4.36,576,167,GB,18,0
Verified Nike Handbags listing,Minimal wear. Verified authenticity by trusted reseller.,Nike,Handbags,146.62,USD,1304,4.09,1146,95,IN,15,0
Original Apple Cameras with full packaging,Purchased from official store. Invoice and original box included.,Apple,Cameras,819.46,USD,881,4.94,543,287,JP,18,0
Canon Electronics in excellent condition,Minimal wear. Verified authenticity by trusted reseller.,Canon,Electronics,887.81,USD,875,4.83,897,382,DE,15,0
Apple Audio in excellent condition,Minimal wear. Verified authenticity by trusted reseller.,Apple,Audio,633.69,USD,291,4.01,373,404,GB,43,0
Original Sony Electronics with full packaging,Minimal wear. Verified authenticity by trusted reseller.,Sony,Electronics,56.76,USD,124,1.8,104,25,DE,8,1
Verified Bose Audio listing,Purchased from official store. Invoice and original box included.,Bose,Audio,241.22,USD,849,4.29,879,392,DE,19,0
Verified Samsung Audio listing,Purchased from official store. Invoice and original box included.,Samsung,Audio,749.17,USD,988,4.47,756,242,AE,30,0
Verified Canon Sneakers listing,Minimal wear. Verified authenticity by trusted reseller.,Canon,Sneakers,984.11,USD,847,4.34,640,146,JP,24,0
Verified Samsung Sneakers listing,Serial number available. Fast shipping and returns accepted.,Samsung,Sneakers,608.86,USD,611,4.66,422,219,TR,19,0
Original Gucci Cameras with full packaging,Minimal wear. Verified authenticity by trusted reseller.,Gucci,Cameras,1098.63,USD,459,3.9,957,20,US,29,0
Verified Apple Cameras listing,Purchased from official store. Invoice and original box included.,Apple,Cameras,582.02,USD,202,3.15,0,11,AE,0,1
Original Samsung Handbags with full packaging,Serial number available. Fast shipping and returns accepted.,Samsung,Handbags,428.47,USD,341,4.1,1540,549,TR,30,0
Rolex Watches in excellent condition,Minimal wear. Verified authenticity by trusted reseller.,Rolex,Watches,5766.83,USD,60,4.0,20,0,JP,13,1
Original Louis Vuitton Cameras with full packaging,Serial number available. Fast shipping and returns accepted.,Louis Vuitton,Cameras,2317.97,USD,825,3.76,565,121,JP,35,0
Original Rolex Audio with full packaging,Purchased from official store. Invoice and original box included.,Rolex,Audio,9693.73,USD,660,4.01,589,0,CN,23,0
Luxury Nike factory surplus item,"Factory source stock, no box but same quality as original.",Nike,Cameras,134.02,USD,1085,4.26,921,258,IN,25,0
Louis Vuitton Handbags replica,"Factory source stock, no box but same quality as original.",Louis Vuitton,Handbags,827.13,USD,16,3.39,220,22,JP,4,1
Verified Rolex Handbags listing,Serial number available. Fast shipping and returns accepted.,Rolex,Handbags,8463.17,USD,316,4.43,643,441,GB,17,0
Original Rolex Audio with full packaging,Serial number available. Fast shipping and returns accepted.,Rolex,Audio,7971.78,USD,20,4.77,369,263,AE,23,0
Original Apple Cameras with full packaging,Minimal wear. Verified authenticity by trusted reseller.,Apple,Cameras,919.48,USD,1094,4.66,1090,405,AE,7,0
Luxury Apple copy version item,"Factory source stock, no box but same quality as original.",Apple,Audio,403.29,USD,155,2.53,6,0,CN,12,1
Verified Rolex Sneakers listing,Purchased from official store. Invoice and original box included.,Rolex,Sneakers,10920.74,USD,200,4.39,267,188,GB,17,0
Nike Electronics in excellent condition,Purchased from official store. Invoice and original box included.,Nike,Electronics,78.59,USD,136,4.27,672,298,AE,25,0
Bose Watches in excellent condition,Serial number available. Fast shipping and returns accepted.,Bose,Watches,102.2,USD,110,3.05,113,17,JP,12,1
Original Gucci Handbags with full packaging,Purchased from official store. Invoice and original box included.,Gucci,Handbags,2066.58,USD,342,4.77,268,257,AE,12,0
Samsung Watches in excellent condition,Serial number available. Fast shipping and returns accepted.,Samsung,Watches,625.85,USD,720,4.57,868,0,JP,21,0
Gucci Electronics in excellent condition,Serial number available. Fast shipping and returns accepted.,Gucci,Electronics,1684.04,USD,575,4.45,123,304,IN,25,0
Samsung Sneakers mirror quality,"DM for wholesale and better price, limited details.",Samsung,Sneakers,174.36,USD,0,2.42,0,48,GB,21,1
Adidas Sneakers in excellent condition,Serial number available. Fast shipping and returns accepted.,Adidas,Sneakers,46.59,USD,0,2.77,54,52,TR,2,1
Verified Bose Audio listing,Serial number available. Fast shipping and returns accepted.,Bose,Audio,303.83,USD,663,4.79,841,575,US,24,0
Bose Cameras in excellent condition,Serial number available. Fast shipping and returns accepted.,Bose,Cameras,120.18,USD,149,3.86,117,32,AE,0,1
Original Louis Vuitton Watches with full packaging,Serial number available. Fast shipping and returns accepted.,Louis Vuitton,Watches,2146.21,USD,1525,4.24,420,397,DE,11,0
Original Louis Vuitton Handbags with full packaging,Serial number available. Fast shipping and returns accepted.,Louis Vuitton,Handbags,849.11,USD,498,4.54,955,307,US,43,0
Original Samsung Audio with full packaging,Minimal wear. Verified authenticity by trusted reseller.,Samsung,Audio,725.58,USD,419,4.7,462,110,IN,16,0
Verified Adidas Handbags listing,Serial number available. Fast shipping and returns accepted.,Adidas,Handbags,111.29,USD,1230,4.47,1053,0,AE,46,0
Verified Adidas Audio listing,Serial number available. Fast shipping and returns accepted.,Adidas,Audio,144.19,USD,312,3.67,394,75,AE,12,0
Verified Samsung Cameras listing,Purchased from official store. Invoice and original box included.,Samsung,Cameras,588.05,USD,65,4.47,596,430,CN,16,0
Original Bose Sneakers with full packaging,Serial number available. Fast shipping and returns accepted.,Bose,Sneakers,145.73,USD,883,4.87,520,102,US,9,0
Louis Vuitton Sneakers premium mirror quality deal,"Factory source stock, no box but same quality as original.",Louis Vuitton,Sneakers,418.95,USD,41,3.17,93,8,JP,15,1
Bose Cameras in excellent condition,Minimal wear. Verified authenticity by trusted reseller.,Bose,Cameras,203.83,USD,180,4.13,1154,0,GB,14,0
Original Samsung Handbags with full packaging,Serial number available. Fast shipping and returns accepted.,Samsung,Handbags,626.5,USD,596,3.68,698,191,IN,0,0
Apple Audio premium wholesale lot deal,"DM for wholesale and better price, limited details.",Apple,Audio,388.68,USD,144,2.54,0,0,DE,1,1
Verified Nike Handbags listing,Minimal wear. Verified authenticity by trusted reseller.,Nike,Handbags,126.99,USD,397,5.0,0,425,TR,20,0
Gucci Audio in excellent condition,Serial number available. Fast shipping and returns accepted.,Gucci,Audio,1093.98,USD,72,5.0,1442,60,JP,30,0
Verified Gucci Electronics listing,Serial number available. Fast shipping and returns accepted.,Gucci,Electronics,817.48,USD,0,2.93,0,14,TR,6,1
Verified Louis Vuitton Cameras listing,Minimal wear. Verified authenticity by trusted reseller.,Louis Vuitton,Cameras,5822.3,USD,53,1.52,302,0,DE,11,1
Samsung Handbags in excellent condition,Purchased from official store. Invoice and original box included.,Samsung,Handbags,451.36,USD,222,4.59,399,377,GB,25,0
Luxury Louis Vuitton no box item,No receipt available. Perfect copy and hard to tell.,Louis Vuitton,Watches,4768.41,USD,185,3.67,93,23,US,10,1
Verified Adidas Audio listing,Purchased from official store. Invoice and original box included.,Adidas,Audio,30.32,USD,7,4.2,275,0,GB,2,1
Canon Watches in excellent condition,Purchased from official store. Invoice and original box included.,Canon,Watches,928.21,USD,231,4.58,877,356,IN,26,0
Samsung Sneakers premium factory surplus deal,"Factory source stock, no box but same quality as original.",Samsung,Sneakers,1950.54,USD,83,3.66,175,0,GB,11,1
Original Sony Watches with full packaging,Serial number available. Fast shipping and returns accepted.,Sony,Watches,235.55,USD,0,2.44,0,0,AE,5,1
Original Adidas Cameras with full packaging,Serial number available. Fast shipping and returns accepted.,Adidas,Cameras,41.06,USD,107,2.51,0,38,DE,7,1
Gucci Watches in excellent condition,Minimal wear. Verified authenticity by trusted reseller.,Gucci,Watches,1452.81,USD,131,4.72,980,197,GB,19,0
Verified Canon Cameras listing,Minimal wear. Verified authenticity by trusted reseller.,Canon,Cameras,593.82,USD,134,4.32,146,20,JP,22,0
Verified Nike Electronics listing,Serial number available. Fast shipping and returns accepted.,Nike,Electronics,128.49,USD,664,5.0,114,426,GB,36,0
Sony Watches in excellent condition,Purchased from official store. Invoice and original box included.,Sony,Watches,361.01,USD,1122,4.96,728,470,IN,12,0
Rolex Audio in excellent condition,Serial number available. Fast shipping and returns accepted.,Rolex,Audio,8186.85,USD,710,4.26,409,505,DE,40,0
Louis Vuitton Watches in excellent condition,Minimal wear. Verified authenticity by trusted reseller.,Louis Vuitton,Watches,1811.5,USD,325,4.58,0,579,TR,18,0
Original Louis Vuitton Sneakers with full packaging,Minimal wear. Verified authenticity by trusted reseller.,Louis Vuitton,Sneakers,1345.88,USD,23,3.9,783,322,GB,39,0
Adidas Watches in excellent condition,Purchased from official store. Invoice and original box included.,Adidas,Watches,37.73,USD,0,2.36,133,23,AE,11,1
Luxury Samsung discounted luxury item,No receipt available. Perfect copy and hard to tell.,Samsung,Cameras,350.92,USD,55,3.35,68,62,AE,8,1
Canon Handbags premium replica deal,"DM for wholesale and better price, limited details.",Canon,Handbags,332.1,USD,0,2.57,49,55,IN,5,1
Sony Watches premium without receipt deal,No receipt available. Perfect copy and hard to tell.,Sony,Watches,284.26,USD,129,3.76,175,13,US,7,1
Original Bose Handbags with full packaging,Minimal wear. Verified authenticity by trusted reseller.,Bose,Handbags,205.36,USD,1146,5.0,568,435,GB,28,0
Louis Vuitton Electronics in excellent condition,Purchased from official store. Invoice and original box included.,Louis Vuitton,Electronics,2165.34,USD,353,4.34,1212,469,DE,25,0
Sony Sneakers in excellent condition,Minimal wear. Verified authenticity by trusted reseller.,Sony,Sneakers,338.23,USD,495,4.77,805,99,IN,44,0
Original Canon Electronics with full packaging,Minimal wear. Verified authenticity by trusted reseller.,Canon,Electronics,989.67,USD,361,3.75,1063,48,AE,25,0
Louis Vuitton Audio in excellent condition,Purchased from official store. Invoice and original box included.,Louis Vuitton,Audio,2962.86,USD,663,4.67,460,575,US,15,0
Luxury Nike replica item,"DM for wholesale and better price, limited details.",Nike,Watches,87.67,USD,188,2.72,0,0,US,5,1
Original Canon Watches with full packaging,Minimal wear. Verified authenticity by trusted reseller.,Canon,Watches,501.32,USD,278,3.94,341,11,IN,17,0
Luxury Bose looks original item,"DM for wholesale and better price, limited details.",Bose,Cameras,136.16,USD,99,3.04,41,0,IN,1,1
Verified Samsung Cameras listing,Minimal wear. Verified authenticity by trusted reseller.,Samsung,Cameras,447.65,USD,328,4.41,634,0,AE,29,0
Verified Canon Handbags listing,Serial number available. Fast shipping and returns accepted.,Canon,Handbags,829.71,USD,745,4.42,860,55,US,2,0
Apple Watches in excellent condition,Serial number available. Fast shipping and returns accepted.,Apple,Watches,378.76,USD,21,2.71,138,23,GB,0,1
Bose Audio in excellent condition,Serial number available. Fast shipping and returns accepted.,Bose,Audio,54.77,USD,125,4.26,86,1,DE,0,1
Rolex Cameras in excellent condition,Minimal wear. Verified authenticity by trusted reseller.,Rolex,Cameras,8547.53,USD,43,4.6,850,386,DE,7,0
Bose Cameras in excellent condition,Serial number available. Fast shipping and returns accepted.,Bose,Cameras,247.99,USD,1194,4.59,1089,84,JP,35,0
Sony Handbags in excellent condition,Purchased from official store. Invoice and original box included.,Sony,Handbags,409.18,USD,1046,4.59,61,166,JP,0,0
Apple Audio replica,"DM for wholesale and better price, limited details.",Apple,Audio,349.07,USD,108,3.09,137,0,IN,1,1
Nike Audio 1:1,"DM for wholesale and better price, limited details.",Nike,Audio,43.49,USD,0,2.41,84,36,DE,9,1
Luxury Louis Vuitton 1:1 item,"DM for wholesale and better price, limited details.",Louis Vuitton,Sneakers,829.68,USD,32,2.74,12,18,IN,16,1
Gucci Electronics without receipt,No receipt available. Perfect copy and hard to tell.,Gucci,Electronics,529.81,USD,236,3.78,177,38,GB,6,1
Nike Sneakers replica,No receipt available. Perfect copy and hard to tell.,Nike,Sneakers,143.79,USD,1122,4.56,739,169,US,14,0
Nike Audio dm for more,"DM for wholesale and better price, limited details.",Nike,Audio,29.54,USD,143,3.66,0,33,AE,0,1
Verified Canon Electronics listing,Minimal wear. Verified authenticity by trusted reseller.,Canon,Electronics,852.66,USD,799,4.6,656,313,JP,23,0
Original Apple Handbags with full packaging,Serial number available. Fast shipping and returns accepted.,Apple,Handbags,873.99,USD,673,4.1,0,159,JP,25,0
Luxury Canon copy version item,"DM for wholesale and better price, limited details.",Canon,Sneakers,224.55,USD,93,2.75,0,13,CN,17,1
Original Canon Sneakers with full packaging,Purchased from official store. Invoice and original box included.,Canon,Sneakers,298.58,USD,14,2.38,195,0,GB,4,1
Luxury Nike looks original item,"Factory source stock, no box but same quality as original.",Nike,Handbags,18.12,USD,132,2.03,76,23,DE,9,1
Samsung Sneakers in excellent condition,Purchased from official store. Invoice and original box included.,Samsung,Sneakers,578.68,USD,458,4.8,678,301,CN,34,0
Luxury Gucci no box item,"Factory source stock, no box but same quality as original.",Gucci,Watches,1158.04,USD,50,3.39,108,24,AE,8,1
Verified Gucci Sneakers listing,Purchased from official store. Invoice and original box included.,Gucci,Sneakers,2719.91,USD,135,2.85,101,48,JP,18,1
Verified Bose Audio listing,Minimal wear. Verified authenticity by trusted reseller.,Bose,Audio,193.73,USD,1101,5.0,919,530,IN,23,0
Apple Sneakers no box,"Factory source stock, no box but same quality as original.",Apple,Sneakers,485.84,USD,136,2.67,0,13,JP,0,1
Original Gucci Handbags with full packaging,Serial number available. Fast shipping and returns accepted.,Gucci,Handbags,1731.45,USD,356,4.71,73,340,CN,28,0
Verified Louis Vuitton Watches listing,Purchased from official store. Invoice and original box included.,Louis Vuitton,Watches,631.48,USD,563,3.63,838,0,US,19,0
Louis Vuitton Electronics premium replica deal,"DM for wholesale and better price, limited details.",Louis Vuitton,Electronics,4868.39,USD,141,2.95,86,18,DE,6,1
Sony Watches in excellent condition,Purchased from official store. Invoice and original box included.,Sony,Watches,460.64,USD,323,4.21,0,331,US,11,0
Original Sony Cameras with full packaging,Minimal wear. Verified authenticity by trusted reseller.,Sony,Cameras,254.51,USD,162,3.03,23,0,US,0,1
Luxury Gucci authentic style item,"DM for wholesale and better price, limited details.",Gucci,Watches,839.55,USD,139,3.53,0,13,GB,11,1
Verified Samsung Handbags listing,Minimal wear. Verified authenticity by trusted reseller.,Samsung,Handbags,449.46,USD,797,4.8,0,217,US,9,0
Rolex Cameras in excellent condition,Purchased from official store. Invoice and original box included.,Rolex,Cameras,12730.29,USD,43,4.53,855,197,GB,29,0
Luxury Apple copy version item,"DM for wholesale and better price, limited details.",Apple,Audio,558.27,USD,0,4.02,6,58,IN,14,1
Samsung Electronics without receipt,"Factory source stock, no box but same quality as original.",Samsung,Electronics,219.38,USD,126,3.23,0,0,IN,8,1
Original Bose Cameras with full packaging,Serial number available. Fast shipping and returns accepted.,Bose,Cameras,317.99,USD,139,4.46,0,328,DE,20,0
Rolex Handbags premium 1:1 deal,"Factory source stock, no box but same quality as original.",Rolex,Handbags,33216.62,USD,0,2.27,0,25,TR,0,1
Apple Sneakers in excellent condition,Minimal wear. Verified authenticity by trusted reseller.,Apple,Sneakers,976.39,USD,545,3.93,714,14,GB,24,0
Original Apple Watches with full packaging,Minimal wear. Verified authenticity by trusted reseller.,Apple,Watches,395.69,USD,0,4.71,334,139,JP,23,0
Nike Electronics in excellent condition,Serial number available. Fast shipping and returns accepted.,Nike,Electronics,37.64,USD,93,3.97,7,43,DE,6,1
Luxury Gucci mirror quality item,No receipt available. Perfect copy and hard to tell.,Gucci,Audio,954.75,USD,97,3.53,29,61,AE,11,1
Verified Sony Sneakers listing,Purchased from official store. Invoice and original box included.,Sony,Sneakers,403.37,USD,1065,4.91,68,531,AE,33,0
Apple Electronics in excellent condition,Serial number available. Fast shipping and returns accepted.,Apple,Electronics,278.52,USD,204,3.27,167,0,IN,8,1
Nike Watches in excellent condition,Serial number available. Fast shipping and returns accepted.,Nike,Watches,95.42,USD,454,4.28,644,0,GB,20,0
Original Apple Handbags with full packaging,Serial number available. Fast shipping and returns accepted.,Apple,Handbags,804.5,USD,521,3.74,766,398,JP,25,0
Gucci Watches 1:1,No receipt available. Perfect copy and hard to tell.,Gucci,Watches,676.1,USD,0,2.56,180,0,TR,5,1
Original Louis Vuitton Handbags with full packaging,Serial number available. Fast shipping and returns accepted.,Louis Vuitton,Handbags,2160.07,USD,887,4.52,59,239,TR,18,0
Gucci Audio in excellent condition,Purchased from official store. Invoice and original box included.,Gucci,Audio,2265.87,USD,105,4.04,111,52,US,10,1
Samsung Watches in excellent condition,Minimal wear. Verified authenticity by trusted reseller.,Samsung,Watches,764.09,USD,870,4.39,876,163,TR,30,0
Original Louis Vuitton Electronics with full packaging,Purchased from official store. Invoice and original box included.,Louis Vuitton,Electronics,1103.15,USD,552,4.04,768,221,GB,14,0
Samsung Audio in excellent condition,Minimal wear. Verified authenticity by trusted reseller.,Samsung,Audio,521.74,USD,391,4.68,534,378,IN,9,0
Original Apple Sneakers with full packaging,Serial number available. Fast shipping and returns accepted.,Apple,Sneakers,775.48,USD,807,4.7,1313,182,GB,20,0
Adidas Handbags in excellent condition,Purchased from official store. Invoice and original box included.,Adidas,Handbags,57.22,USD,991,4.86,1023,167,US,14,0
Sony Audio in excellent condition,Serial number available. Fast shipping and returns accepted.,Sony,Audio,334.94,USD,578,4.27,715,139,US,19,0
Apple Cameras wholesale lot,"DM for wholesale and better price, limited details.",Apple,Cameras,438.79,USD,81,1.11,116,7,GB,5,1
Original Bose Cameras with full packaging,Minimal wear. Verified authenticity by trusted reseller.,Bose,Cameras,281.38,USD,403,4.04,939,513,US,32,0
Original Samsung Watches with full packaging,Purchased from official store. Invoice and original box included.,Samsung,Watches,335.38,USD,0,3.03,0,0,US,4,1
Verified Adidas Audio listing,Serial number available. Fast shipping and returns accepted.,Adidas,Audio,12.69,USD,0,4.63,0,53,IN,6,1
Gucci Audio in excellent condition,Minimal wear. Verified authenticity by trusted reseller.,Gucci,Audio,1944.6,USD,829,4.29,557,41,GB,18,0
Rolex Electronics in excellent condition,Serial number available. Fast shipping and returns accepted.,Rolex,Electronics,9865.81,USD,307,4.48,394,286,TR,38,0
Original Bose Audio with full packaging,Serial number available. Fast shipping and returns accepted.,Bose,Audio,238.56,USD,12,4.26,817,293,GB,15,0
Original Louis Vuitton Watches with full packaging,Serial number available. Fast shipping and returns accepted.,Louis Vuitton,Watches,1227.21,USD,223,4.71,1070,446,CN,35,0
Original Rolex Watches with full packaging,Purchased from official store. Invoice and original box included.,Rolex,Watches,7411.14,USD,830,4.38,993,430,JP,13,0
Verified Canon Cameras listing,Minimal wear. Verified authenticity by trusted reseller.,Canon,Cameras,323.85,USD,24,4.03,75,18,GB,1,1
Luxury Bose 1:1 item,"Factory source stock, no box but same quality as original.",Bose,Electronics,307.66,USD,753,4.58,884,200,DE,10,1
Gucci Cameras premium mirror quality deal,No receipt available. Perfect copy and hard to tell.,Gucci,Cameras,620.13,USD,133,3.48,0,8,IN,16,1
Canon Watches 1:1,No receipt available. Perfect copy and hard to tell.,Canon,Watches,566.72,USD,74,2.55,82,2,US,0,1
Adidas Sneakers in excellent condition,Serial number available. Fast shipping and returns accepted.,Adidas,Sneakers,127.28,USD,481,4.77,651,0,IN,21,0
Luxury Louis Vuitton mirror quality item,"DM for wholesale and better price, limited details.",Louis Vuitton,Sneakers,783.68,USD,0,2.15,67,0,CN,3,1
Canon Sneakers premium looks original deal,"Factory source stock, no box but same quality as original.",Canon,Sneakers,218.44,USD,46,3.9,69,0,DE,5,1
Luxury Louis Vuitton looks original item,"DM for wholesale and better price, limited details.",Louis Vuitton,Sneakers,988.32,USD,45,3.3,0,0,JP,17,1
Bose Electronics looks original,"DM for wholesale and better price, limited details.",Bose,Electronics,119.96,USD,199,1.8,49,64,DE,13,1
Apple Sneakers premium looks original deal,"Factory source stock, no box but same quality as original.",Apple,Sneakers,1058.11,USD,161,4.2,0,268,AE,26,0
Sony Cameras premium factory surplus deal,"DM for wholesale and better price, limited details.",Sony,Cameras,180.12,USD,0,2.58,0,23,GB,23,1
Luxury Adidas without receipt item,"DM for wholesale and better price, limited details.",Adidas,Audio,39.85,USD,0,2.63,0,14,GB,9,1
Original Louis Vuitton Audio with full packaging,Purchased from official store. Invoice and original box included.,Louis Vuitton,Audio,1131.3,USD,49,3.84,0,0,TR,12,1
Original Canon Audio with full packaging,Minimal wear. Verified authenticity by trusted reseller.,Canon,Audio,831.09,USD,585,5.0,154,121,IN,41,0
Apple Handbags mirror quality,"DM for wholesale and better price, limited details.",Apple,Handbags,2040.18,USD,164,2.57,15,32,GB,0,1
Adidas Sneakers in excellent condition,Serial number available. Fast shipping and returns accepted.,Adidas,Sneakers,66.02,USD,103,3.31,0,0,TR,4,0
Apple Electronics in excellent condition,Serial number available. Fast shipping and returns accepted.,Apple,Electronics,397.16,USD,771,3.88,1296,631,CN,27,0
Canon Audio premium inspired deal,"Factory source stock, no box but same quality as original.",Canon,Audio,1017.52,USD,110,4.32,685,253,GB,36,0
Luxury Sony wholesale lot item,"DM for wholesale and better price, limited details.",Sony,Audio,171.54,USD,133,4.18,85,39,TR,17,1
Original Louis Vuitton Handbags with full packaging,Minimal wear. Verified authenticity by trusted reseller.,Louis Vuitton,Handbags,1127.8,USD,98,3.98,132,25,CN,10,1
Luxury Bose no box item,"Factory source stock, no box but same quality as original.",Bose,Electronics,102.44,USD,51,4.43,122,1,TR,5,1
Apple Handbags copy version,No receipt available. Perfect copy and hard to tell.,Apple,Handbags,970.29,USD,0,1.99,0,0,IN,16,1
Apple Watches premium inspired deal,No receipt available. Perfect copy and hard to tell.,Apple,Watches,792.85,USD,387,4.26,8,378,DE,3,0
Samsung Audio premium no box deal,"Factory source stock, no box but same quality as original.",Samsung,Audio,1069.02,USD,35,2.71,0,30,DE,1,1
Apple Audio in excellent condition,Serial number available. Fast shipping and returns accepted.,Apple,Audio,920.73,USD,472,5.0,333,492,TR,36,0
Canon Cameras in excellent condition,Serial number available. Fast shipping and returns accepted.,Canon,Cameras,1032.89,USD,1053,4.21,604,104,DE,18,0
Luxury Adidas without receipt item,"Factory source stock, no box but same quality as original.",Adidas,Electronics,247.05,USD,0,3.23,137,17,GB,14,1
Original Gucci Sneakers with full packaging,Purchased from official store. Invoice and original box included.,Gucci,Sneakers,376.29,USD,130,3.75,0,0,JP,3,1
Original Nike Audio with full packaging,Minimal wear. Verified authenticity by trusted reseller.,Nike,Audio,19.02,USD,0,2.67,100,0,DE,5,1
Rolex Cameras in excellent condition,Serial number available. Fast shipping and returns accepted.,Rolex,Cameras,4266.2,USD,0,1.62,0,0,TR,0,1
Original Apple Handbags with full packaging,Serial number available. Fast shipping and returns accepted.,Apple,Handbags,169.02,USD,0,2.79,39,8,GB,2,1
Gucci Handbags in excellent condition,Serial number available. Fast shipping and returns accepted.,Gucci,Handbags,590.22,USD,168,3.38,0,0,CN,14,1
Verified Adidas Electronics listing,Purchased from official store. Invoice and original box included.,Adidas,Electronics,158.65,USD,65,2.78,217,15,TR,0,1
Original Samsung Cameras with full packaging,Serial number available. Fast shipping and returns accepted.,Samsung,Cameras,198.09,USD,0,3.71,0,0,US,0,1
Luxury Bose copy version item,"Factory source stock, no box but same quality as original.",Bose,Electronics,119.52,USD,111,3.44,0,41,GB,11,1
Verified Canon Watches listing,Minimal wear. Verified authenticity by trusted reseller.,Canon,Watches,882.82,USD,696,4.23,1516,87,US,33,0
Original Canon Audio with full packaging,Minimal wear. Verified authenticity by trusted reseller.,Canon,Audio,876.77,USD,715,4.55,289,0,DE,25,0
Nike Handbags premium copy version deal,"DM for wholesale and better price, limited details.",Nike,Handbags,196.6,USD,67,3.18,182,0,GB,0,1
Luxury Rolex replica item,"Factory source stock, no box but same quality as original.",Rolex,Handbags,3653.79,USD,138,2.0,143,6,CN,8,1
Verified Canon Electronics listing,Purchased from official store. Invoice and original box included.,Canon,Electronics,919.93,USD,590,3.8,662,422,TR,15,0
Original Bose Audio with full packaging,Minimal wear. Verified authenticity by trusted reseller.,Bose,Audio,79.02,USD,175,4.58,88,3,CN,1,1
Original Nike Handbags with full packaging,Minimal wear. Verified authenticity by trusted reseller.,Nike,Handbags,117.26,USD,1080,4.49,861,86,US,2,0
Verified Nike Sneakers listing,Minimal wear. Verified authenticity by trusted reseller.,Nike,Sneakers,87.57,USD,574,4.73,132,290,DE,14,0
Apple Cameras in excellent condition,Minimal wear. Verified authenticity by trusted reseller.,Apple,Cameras,839.4,USD,600,4.28,262,258,TR,30,0
Apple Handbags in excellent condition,Serial number available. Fast shipping and returns accepted.,Apple,Handbags,869.09,USD,0,3.32,0,488,US,21,0
Luxury Rolex without receipt item,"Factory source stock, no box but same quality as original.",Rolex,Audio,9930.73,USD,659,4.48,350,84,JP,22,0
Verified Gucci Handbags listing,Purchased from official store. Invoice and original box included.,Gucci,Handbags,356.31,USD,0,2.3,61,0,GB,20,1
Verified Canon Audio listing,Purchased from official store. Invoice and original box included.,Canon,Audio,645.24,USD,692,4.46,540,82,TR,29,0
Verified Sony Sneakers listing,Minimal wear. Verified authenticity by trusted reseller.,Sony,Sneakers,154.01,USD,162,4.56,485,193,CN,35,0
Louis Vuitton Handbags in excellent condition,Purchased from official store. Invoice and original box included.,Louis Vuitton,Handbags,1654.69,USD,186,4.3,387,339,CN,11,0
Verified Gucci Electronics listing,Minimal wear. Verified authenticity by trusted reseller.,Gucci,Electronics,2784.29,USD,103,3.36,24,10,TR,0,1
Original Gucci Electronics with full packaging,Serial number available. Fast shipping and returns accepted.,Gucci,Electronics,5107.21,USD,140,3.66,0,1,DE,4,1
Original Apple Handbags with full packaging,Serial number available. Fast shipping and returns accepted.,Apple,Handbags,1136.62,USD,1372,4.28,178,146,AE,33,0
Original Canon Sneakers with full packaging,Serial number available. Fast shipping and returns accepted.,Canon,Sneakers,452.69,USD,138,4.32,46,66,JP,5,1
Original Rolex Audio with full packaging,Purchased from official store. Invoice and original box included.,Rolex,Audio,9779.09,USD,224,3.96,801,86,JP,21,0
Samsung Handbags in excellent condition,Minimal wear. Verified authenticity by trusted reseller.,Samsung,Handbags,376.49,USD,171,1.61,106,41,DE,18,1
Gucci Handbags in excellent condition,Serial number available. Fast shipping and returns accepted.,Gucci,Handbags,1904.09,USD,634,4.17,754,463,AE,0,0
Bose Audio in excellent condition,Minimal wear. Verified authenticity by trusted reseller.,Bose,Audio,176.63,USD,153,3.77,21,36,TR,3,1
Louis Vuitton Watches premium factory surplus deal,No receipt available. Perfect copy and hard to tell.,Louis Vuitton,Watches,1217.43,USD,40,2.47,0,0,IN,18,1
Gucci Electronics premium wholesale lot deal,"Factory source stock, no box but same quality as original.",Gucci,Electronics,870.62,USD,56,4.34,0,74,DE,7,1
Samsung Audio in excellent condition,Purchased from official store. Invoice and original box included.,Samsung,Audio,443.63,USD,446,4.39,410,217,DE,5,0
Verified Adidas Cameras listing,Serial number available. Fast shipping and returns accepted.,Adidas,Cameras,128.03,USD,588,4.31,495,97,TR,26,0
Apple Sneakers without receipt,"Factory source stock, no box but same quality as original.",Apple,Sneakers,10.0,USD,45,4.01,94,0,TR,0,1
Sony Cameras copy version,No receipt available. Perfect copy and hard to tell.,Sony,Cameras,292.96,USD,15,3.86,223,0,DE,7,1
Bose Audio in excellent condition,Serial number available. Fast shipping and returns accepted.,Bose,Audio,369.6,USD,914,4.13,632,16,IN,10,0
Louis Vuitton Cameras replica,"DM for wholesale and better price, limited details.",Louis Vuitton,Cameras,765.35,USD,0,1.75,7,0,TR,0,1
Nike Watches in excellent condition,Purchased from official store. Invoice and original box included.,Nike,Watches,127.7,USD,260,3.78,459,10,CN,12,0
Rolex Cameras in excellent condition,Serial number available. Fast shipping and returns accepted.,Rolex,Cameras,9306.08,USD,643,4.73,875,421,AE,11,0
Bose Cameras replica,"Factory source stock, no box but same quality as original.",Bose,Cameras,139.66,USD,10,3.63,0,31,AE,6,1
Original Louis Vuitton Handbags with full packaging,Purchased from official store. Invoice and original box included.,Louis Vuitton,Handbags,1526.82,USD,1308,3.58,1287,362,GB,22,0
Canon Cameras premium no box deal,"Factory source stock, no box but same quality as original.",Canon,Cameras,272.0,USD,48,3.37,0,44,AE,4,1
Original Adidas Sneakers with full packaging,Serial number available. Fast shipping and returns accepted.,Adidas,Sneakers,51.25,USD,184,3.54,0,0,AE,0,1
Adidas Cameras copy version,No receipt available. Perfect copy and hard to tell.,Adidas,Cameras,40.04,USD,0,2.09,252,51,GB,4,1
Original Nike Watches with full packaging,Serial number available. Fast shipping and returns accepted.,Nike,Watches,377.18,USD,55,2.78,0,11,IN,4,1
Original Bose Cameras with full packaging,Purchased from official store. Invoice and original box included.,Bose,Cameras,309.06,USD,632,4.46,377,340,JP,32,0
Adidas Cameras in excellent condition,Serial number available. Fast shipping and returns accepted.,Adidas,Cameras,15.06,USD,90,2.38,166,0,DE,0,1
Verified Apple Watches listing,Purchased from official store. Invoice and original box included.,Apple,Watches,759.77,USD,508,4.54,64,404,GB,36,0
Verified Sony Handbags listing,Purchased from official store. Invoice and original box included.,Sony,Handbags,220.56,USD,99,2.5,147,60,GB,17,1
Bose Electronics premium mirror quality deal,"DM for wholesale and better price, limited details.",Bose,Electronics,92.12,USD,0,3.15,319,3,JP,10,1
Apple Electronics premium without receipt deal,"DM for wholesale and better price, limited details.",Apple,Electronics,735.14,USD,0,3.48,79,0,DE,2,1
Original Adidas Audio with full packaging,Purchased from official store. Invoice and original box included.,Adidas,Audio,87.83,USD,260,4.14,188,271,US,25,0
Original Nike Audio with full packaging,Serial number available. Fast shipping and returns accepted.,Nike,Audio,111.97,USD,1211,4.91,655,67,CN,31,0
Original Canon Sneakers with full packaging,Serial number available. Fast shipping and returns accepted.,Canon,Sneakers,732.47,USD,337,4.45,856,371,CN,43,0
Verified Samsung Handbags listing,Purchased from official store. Invoice and original box included.,Samsung,Handbags,534.42,USD,1053,4.05,444,195,AE,0,0
Original Nike Electronics with full packaging,Minimal wear. Verified authenticity by trusted reseller.,Nike,Electronics,111.23,USD,671,4.9,0,119,GB,24,0
Verified Apple Cameras listing,Minimal wear. Verified authenticity by trusted reseller.,Apple,Cameras,2471.88,USD,84,3.41,106,0,AE,5,1
Verified Rolex Cameras listing,Serial number available. Fast shipping and returns accepted.,Rolex,Cameras,12674.18,USD,164,4.01,600,326,CN,14,0
Luxury Canon discounted luxury item,"DM for wholesale and better price, limited details.",Canon,Cameras,606.71,USD,129,2.94,0,0,TR,6,1
Verified Bose Audio listing,Minimal wear. Verified authenticity by trusted reseller.,Bose,Audio,421.78,USD,489,4.9,1344,216,US,26,0
Adidas Handbags in excellent condition,Serial number available. Fast shipping and returns accepted.,Adidas,Handbags,113.18,USD,196,5.0,434,326,GB,21,0
Original Adidas Electronics with full packaging,Purchased from official store. Invoice and original box included.,Adidas,Electronics,83.23,USD,1248,4.55,862,157,US,28,0
Original Nike Cameras with full packaging,Minimal wear. Verified authenticity by trusted reseller.,Nike,Cameras,94.18,USD,816,4.47,269,257,CN,24,0
Luxury Louis Vuitton looks original item,No receipt available. Perfect copy and hard to tell.,Louis Vuitton,Handbags,1032.66,USD,190,3.35,0,22,IN,17,1
Louis Vuitton Audio in excellent condition,Purchased from official store. Invoice and original box included.,Louis Vuitton,Audio,2221.91,USD,678,4.57,1092,160,GB,31,0
Verified Canon Electronics listing,Purchased from official store. Invoice and original box included.,Canon,Electronics,226.89,USD,0,3.45,78,50,DE,4,1
Verified Canon Audio listing,Purchased from official store. Invoice and original box included.,Canon,Audio,708.77,USD,131,4.57,1104,322,DE,38,0
Louis Vuitton Sneakers in excellent condition,Purchased from official store. Invoice and original box included.,Louis Vuitton,Sneakers,2044.52,USD,712,4.29,215,492,DE,20,0
Original Apple Sneakers with full packaging,Serial number available. Fast shipping and returns accepted.,Apple,Sneakers,662.15,USD,424,4.75,218,366,TR,16,0
Verified Gucci Sneakers listing,Minimal wear. Verified authenticity by trusted reseller.,Gucci,Sneakers,1506.09,USD,1228,4.56,2002,309,IN,24,0
Original Gucci Sneakers with full packaging,Purchased from official store. Invoice and original box included.,Gucci,Sneakers,1015.85,USD,900,4.41,437,194,AE,21,0
Gucci Sneakers in excellent condition,Minimal wear. Verified authenticity by trusted reseller.,Gucci,Sneakers,1297.73,USD,842,4.42,499,0,CN,24,0
Luxury Samsung 1:1 item,"DM for wholesale and better price, limited details.",Samsung,Cameras,415.36,USD,210,4.0,135,0,US,19,1
Verified Sony Handbags listing,Minimal wear. Verified authenticity by trusted reseller.,Sony,Handbags,216.66,USD,36,2.78,348,16,DE,5,1
Original Rolex Handbags with full packaging,Minimal wear. Verified authenticity by trusted reseller.,Rolex,Handbags,13687.85,USD,1426,4.43,831,231,GB,20,0
Apple Sneakers in excellent condition,Serial number available. Fast shipping and returns accepted.,Apple,Sneakers,888.28,USD,1229,4.54,426,5,TR,7,1
Luxury Louis Vuitton inspired item,"DM for wholesale and better price, limited details.",Louis Vuitton,Sneakers,885.25,USD,19,2.53,0,0,TR,16,1
Sony Sneakers in excellent condition,Serial number available. Fast shipping and returns accepted.,Sony,Sneakers,76.69,USD,397,4.92,812,56,TR,17,0
Gucci Electronics in excellent condition,Minimal wear. Verified authenticity by trusted reseller.,Gucci,Electronics,1108.25,USD,562,4.43,556,242,TR,9,0
Luxury Samsung 1:1 item,No receipt available. Perfect copy and hard to tell.,Samsung,Handbags,737.07,USD,492,5.0,724,353,CN,0,0
Original Apple Electronics with full packaging,Minimal wear. Verified authenticity by trusted reseller.,Apple,Electronics,392.38,USD,39,3.52,172,4,CN,2,1
Bose Electronics mirror quality,"Factory source stock, no box but same quality as original.",Bose,Electronics,87.96,USD,21,4.84,0,39,JP,0,1
Verified Gucci Electronics listing,Purchased from official store. Invoice and original box included.,Gucci,Electronics,2187.66,USD,624,4.65,742,208,TR,21,0
Original Canon Cameras with full packaging,Purchased from official store. Invoice and original box included.,Canon,Cameras,605.43,USD,987,4.52,227,200,TR,2,0
Bose Electronics in excellent condition,Minimal wear. Verified authenticity by trusted reseller.,Bose,Electronics,211.67,USD,1161,3.87,1108,144,TR,6,0
Canon Audio looks original,"Factory source stock, no box but same quality as original.",Canon,Audio,2447.39,USD,0,3.28,0,0,IN,9,1
Verified Bose Sneakers listing,Serial number available. Fast shipping and returns accepted.,Bose,Sneakers,295.72,USD,520,5.0,634,164,DE,28,0
Samsung Electronics premium discounted luxury deal,No receipt available. Perfect copy and hard to tell.,Samsung,Electronics,189.46,USD,0,3.0,203,36,JP,14,1
Verified Louis Vuitton Sneakers listing,Serial number available. Fast shipping and returns accepted.,Louis Vuitton,Sneakers,1149.1,USD,95,4.2,1447,144,IN,39,0
Canon Audio looks original,"Factory source stock, no box but same quality as original.",Canon,Audio,301.6,USD,0,2.6,0,0,GB,17,1
Canon Sneakers in excellent condition,Purchased from official store. Invoice and original box included.,Canon,Sneakers,886.11,USD,1453,4.05,615,77,IN,45,0
Original Samsung Handbags with full packaging,Serial number available. Fast shipping and returns accepted.,Samsung,Handbags,264.76,USD,29,3.74,266,40,IN,13,1
Adidas Cameras in excellent condition,Serial number available. Fast shipping and returns accepted.,Adidas,Cameras,82.4,USD,791,3.8,544,218,CN,31,0
Gucci Audio in excellent condition,Minimal wear. Verified authenticity by trusted reseller.,Gucci,Audio,1390.07,USD,751,3.86,1178,338,DE,26,0
Adidas Sneakers premium dm for more deal,No receipt available. Perfect copy and hard to tell.,Adidas,Sneakers,150.98,USD,134,2.65,93,0,TR,18,1
Original Adidas Watches with full packaging,Serial number available. Fast shipping and returns accepted.,Adidas,Watches,278.89,USD,170,2.67,102,23,GB,7,1
Luxury Sony authentic style item,"DM for wholesale and better price, limited details.",Sony,Sneakers,81.14,USD,214,4.17,163,25,AE,23,1
Luxury Adidas inspired item,"Factory source stock, no box but same quality as original.",Adidas,Watches,45.64,USD,130,3.27,133,58,AE,5,1
Verified Sony Sneakers listing,Purchased from official store. Invoice and original box included.,Sony,Sneakers,303.09,USD,38,4.79,359,157,US,9,0
Bose Watches in excellent condition,Minimal wear. Verified authenticity by trusted reseller.,Bose,Watches,483.69,USD,155,3.21,72,0,US,6,1
Luxury Apple no box item,"Factory source stock, no box but same quality as original.",Apple,Sneakers,431.65,USD,0,2.61,226,52,TR,7,1
Adidas Sneakers in excellent condition,Serial number available. Fast shipping and returns accepted.,Adidas,Sneakers,77.66,USD,668,4.4,510,392,IN,25,0
Louis Vuitton Audio premium looks original deal,"DM for wholesale and better price, limited details.",Louis Vuitton,Audio,553.33,USD,0,2.17,30,46,CN,8,1
Verified Apple Sneakers listing,Minimal wear. Verified authenticity by trusted reseller.,Apple,Sneakers,413.72,USD,90,4.67,487,577,DE,27,0
Louis Vuitton Cameras in excellent condition,Purchased from official store. Invoice and original box included.,Louis Vuitton,Cameras,667.23,USD,5,2.45,143,42,DE,9,1
Original Gucci Sneakers with full packaging,Purchased from official store. Invoice and original box included.,Gucci,Sneakers,835.33,USD,161,4.54,531,141,IN,26,0
Luxury Nike looks original item,"DM for wholesale and better price, limited details.",Nike,Sneakers,181.75,USD,0,2.84,341,35,US,0,1
Verified Nike Sneakers listing,Purchased from official store. Invoice and original box included.,Nike,Sneakers,152.3,USD,1004,5.0,654,67,IN,20,0
Original Nike Cameras with full packaging,Purchased from official store. Invoice and original box included.,Nike,Cameras,92.35,USD,1068,4.15,1439,137,US,16,0
Verified Samsung Watches listing,Purchased from official store. Invoice and original box included.,Samsung,Watches,793.29,USD,587,4.0,1485,399,JP,28,0
Original Apple Sneakers with full packaging,Minimal wear. Verified authenticity by trusted reseller.,Apple,Sneakers,1317.99,USD,570,4.88,841,404,AE,30,0
Verified Apple Sneakers listing,Purchased from official store. Invoice and original box included.,Apple,Sneakers,1068.8,USD,474,4.88,767,367,CN,38,0
Canon Cameras inspired,"DM for wholesale and better price, limited details.",Canon,Cameras,314.42,USD,217,3.69,83,48,DE,25,1
Verified Bose Audio listing,Minimal wear. Verified authenticity by trusted reseller.,Bose,Audio,150.91,USD,726,4.39,959,0,JP,34,0
Original Gucci Handbags with full packaging,Serial number available. Fast shipping and returns accepted.,Gucci,Handbags,1910.84,USD,1143,4.66,1703,146,GB,11,0
Verified Gucci Cameras listing,Minimal wear. Verified authenticity by trusted reseller.,Gucci,Cameras,1125.79,USD,1218,4.5,279,258,DE,4,0
Verified Sony Watches listing,Purchased from official store. Invoice and original box included.,Sony,Watches,452.89,USD,527,4.79,30,123,JP,18,0
Nike Sneakers in excellent condition,Serial number available. Fast shipping and returns accepted.,Nike,Sneakers,162.73,USD,1131,5.0,47,122,TR,5,0
Original Rolex Cameras with full packaging,Purchased from official store. Invoice and original box included.,Rolex,Cameras,6482.23,USD,767,4.66,73,209,AE,40,0
Original Sony Handbags with full packaging,Purchased from official store. Invoice and original box included.,Sony,Handbags,498.53,USD,960,4.52,697,82,TR,34,0
Original Canon Sneakers with full packaging,Purchased from official store. Invoice and original box included.,Canon,Sneakers,1084.84,USD,892,4.42,1131,80,TR,34,0
Luxury Sony no box item,"Factory source stock, no box but same quality as original.",Sony,Watches,174.6,USD,0,3.71,159,5,CN,4,1
Canon Audio in excellent condition,Serial number available. Fast shipping and returns accepted.,Canon,Audio,1262.19,USD,268,4.6,576,382,JP,5,0
Verified Gucci Cameras listing,Purchased from official store. Invoice and original box included.,Gucci,Cameras,1040.25,USD,399,3.4,415,213,AE,6,0
Verified Samsung Sneakers listing,Purchased from official store. Invoice and original box included.,Samsung,Sneakers,942.56,USD,904,5.0,875,484,TR,16,1
Samsung Electronics in excellent condition,Serial number available. Fast shipping and returns accepted.,Samsung,Electronics,683.8,USD,500,4.55,0,49,TR,12,0
Louis Vuitton Watches discounted luxury,"DM for wholesale and better price, limited details.",Louis Vuitton,Watches,6325.73,USD,310,2.32,86,22,US,6,1
Canon Handbags in excellent condition,Serial number available. Fast shipping and returns accepted.,Canon,Handbags,672.99,USD,628,4.41,658,88,CN,23,0
Apple Cameras in excellent condition,Purchased from official store. Invoice and original box included.,Apple,Cameras,853.22,USD,675,4.68,16,559,GB,9,0
Luxury Sony discounted luxury item,No receipt available. Perfect copy and hard to tell.,Sony,Audio,211.31,USD,254,3.34,58,3,DE,0,1
Original Samsung Handbags with full packaging,Purchased from official store. Invoice and original box included.,Samsung,Handbags,847.01,USD,597,3.87,114,0,DE,32,0
Verified Louis Vuitton Cameras listing,Serial number available. Fast shipping and returns accepted.,Louis Vuitton,Cameras,2498.99,USD,623,3.74,781,312,JP,36,0
Samsung Handbags dm for more,No receipt available. Perfect copy and hard to tell.,Samsung,Handbags,208.98,USD,0,3.15,0,62,GB,20,1
Verified Louis Vuitton Watches listing,Serial number available. Fast shipping and returns accepted.,Louis Vuitton,Watches,1452.47,USD,975,4.08,1198,274,US,27,0
Verified Apple Watches listing,Purchased from official store. Invoice and original box included.,Apple,Watches,409.95,USD,34,3.42,136,71,GB,10,1
Samsung Sneakers inspired,"Factory source stock, no box but same quality as original.",Samsung,Sneakers,291.92,USD,35,2.44,141,2,CN,11,1
Sony Cameras premium inspired deal,"Factory source stock, no box but same quality as original.",Sony,Cameras,147.36,USD,225,2.63,235,20,US,13,1
Sony Sneakers in excellent condition,Purchased from official store. Invoice and original box included.,Sony,Sneakers,560.12,USD,1198,4.12,868,150,IN,18,0
Luxury Bose dm for more item,"DM for wholesale and better price, limited details.",Bose,Audio,79.49,USD,178,2.89,0,32,AE,0,1
Apple Watches wholesale lot,No receipt available. Perfect copy and hard to tell.,Apple,Watches,493.84,USD,197,3.65,0,0,TR,0,1
Verified Adidas Cameras listing,Purchased from official store. Invoice and original box included.,Adidas,Cameras,91.78,USD,346,4.41,469,353,JP,27,0
Bose Sneakers in excellent condition,Purchased from official store. Invoice and original box included.,Bose,Sneakers,597.48,USD,0,3.47,150,27,JP,5,1
Original Gucci Sneakers with full packaging,Purchased from official store. Invoice and original box included.,Gucci,Sneakers,1426.85,USD,820,4.17,453,358,GB,18,0
Canon Handbags wholesale lot,"DM for wholesale and better price, limited details.",Canon,Handbags,300.46,USD,162,3.83,207,5,AE,0,1
Bose Audio premium looks original deal,No receipt available. Perfect copy and hard to tell.,Bose,Audio,250.15,USD,613,4.13,643,257,AE,8,0
Original Bose Handbags with full packaging,Purchased from official store. Invoice and original box included.,Bose,Handbags,390.69,USD,1202,4.81,1103,399,US,21,0
Apple Electronics in excellent condition,Minimal wear. Verified authenticity by trusted reseller.,Apple,Electronics,628.1,USD,616,3.63,272,95,US,42,0
Gucci Audio replica,"DM for wholesale and better price, limited details.",Gucci,Audio,1035.1,USD,233,3.24,122,23,TR,10,1
Verified Sony Electronics listing,Purchased from official store. Invoice and original box included.,Sony,Electronics,196.52,USD,0,3.62,150,0,IN,0,1
Verified Canon Handbags listing,Purchased from official store. Invoice and original box included.,Canon,Handbags,768.5,USD,687,4.14,407,0,JP,28,0
Original Bose Handbags with full packaging,Purchased from official store. Invoice and original box included.,Bose,Handbags,335.63,USD,872,4.75,1032,157,US,10,0
Apple Electronics in excellent condition,Serial number available. Fast shipping and returns accepted.,Apple,Electronics,485.24,USD,168,3.95,0,445,AE,0,0
Apple Watches factory surplus,No receipt available. Perfect copy and hard to tell.,Apple,Watches,2136.92,USD,152,2.99,0,24,IN,7,1
Original Rolex Electronics with full packaging,Purchased from official store. Invoice and original box included.,Rolex,Electronics,4266.27,USD,146,3.38,55,9,CN,23,1
Verified Nike Electronics listing,Purchased from official store. Invoice and original box included.,Nike,Electronics,176.96,USD,801,4.21,1043,572,DE,12,0
Bose Cameras in excellent condition,Serial number available. Fast shipping and returns accepted.,Bose,Cameras,88.55,USD,113,4.29,94,6,AE,10,1
Nike Sneakers in excellent condition,Minimal wear. Verified authenticity by trusted reseller.,Nike,Sneakers,133.7,USD,7,4.27,1041,25,US,24,0
Gucci Cameras in excellent condition,Minimal wear. Verified authenticity by trusted reseller.,Gucci,Cameras,844.06,USD,802,4.11,858,37,TR,2,0
Canon Handbags in excellent condition,Purchased from official store. Invoice and original box included.,Canon,Handbags,812.37,USD,0,4.15,1005,0,TR,8,0
Verified Gucci Electronics listing,Purchased from official store. Invoice and original box included.,Gucci,Electronics,1190.47,USD,418,4.66,612,225,CN,11,0
Luxury Samsung discounted luxury item,"DM for wholesale and better price, limited details.",Samsung,Electronics,420.38,USD,69,3.48,0,23,IN,20,1
Verified Samsung Audio listing,Minimal wear. Verified authenticity by trusted reseller.,Samsung,Audio,1059.75,USD,119,4.47,242,194,TR,30,0
Adidas Watches replica,"Factory source stock, no box but same quality as original.",Adidas,Watches,71.0,USD,0,4.54,201,56,DE,9,1
Original Apple Cameras with full packaging,Minimal wear. Verified authenticity by trusted reseller.,Apple,Cameras,255.48,USD,147,3.41,53,0,DE,3,1
Verified Nike Handbags listing,Minimal wear. Verified authenticity by trusted reseller.,Nike,Handbags,133.16,USD,0,5.0,1157,0,DE,25,0
Apple Electronics premium 1:1 deal,No receipt available. Perfect copy and hard to tell.,Apple,Electronics,614.55,USD,907,3.53,586,0,JP,23,0
Verified Canon Sneakers listing,Purchased from official store. Invoice and original box included.,Canon,Sneakers,2677.91,USD,261,3.1,378,23,GB,13,1
Bose Cameras premium factory surplus deal,"DM for wholesale and better price, limited details.",Bose,Cameras,82.17,USD,228,3.93,231,19,GB,0,1
Luxury Canon mirror quality item,"Factory source stock, no box but same quality as original.",Canon,Audio,737.72,USD,105,3.3,63,0,GB,7,1
Original Gucci Sneakers with full packaging,Purchased from official store. Invoice and original box included.,Gucci,Sneakers,2198.64,USD,1042,4.47,170,271,AE,23,0
Verified Samsung Audio listing,Serial number available. Fast shipping and returns accepted.,Samsung,Audio,887.33,USD,687,4.3,0,115,IN,46,0
Sony Watches premium dm for more deal,"DM for wholesale and better price, limited details.",Sony,Watches,68.03,USD,91,2.02,80,0,US,0,1
Verified Apple Handbags listing,Minimal wear. Verified authenticity by trusted reseller.,Apple,Handbags,888.49,USD,406,4.12,1088,266,JP,47,0
Verified Nike Audio listing,Minimal wear. Verified authenticity by trusted reseller.,Nike,Audio,26.2,USD,33,3.93,199,69,IN,10,1
Louis Vuitton Audio in excellent condition,Minimal wear. Verified authenticity by trusted reseller.,Louis Vuitton,Audio,1264.51,USD,475,5.0,358,450,GB,34,0
Original Canon Watches with full packaging,Purchased from official store. Invoice and original box included.,Canon,Watches,814.27,USD,725,4.93,876,225,US,32,0
Original Apple Watches with full packaging,Minimal wear. Verified authenticity by trusted reseller.,Apple,Watches,913.09,USD,630,4.42,172,451,DE,21,0
Original Rolex Watches with full packaging,Purchased from official store. Invoice and original box included.,Rolex,Watches,9990.48,USD,234,4.65,967,337,CN,16,0
Luxury Adidas no box item,No receipt available. Perfect copy and hard to tell.,Adidas,Electronics,79.49,USD,95,4.55,176,50,GB,2,1
Verified Nike Electronics listing,Purchased from official store. Invoice and original box included.,Nike,Electronics,155.55,USD,557,4.36,246,316,US,29,0
Louis Vuitton Cameras in excellent condition,Purchased from official store. Invoice and original box included.,Louis Vuitton,Cameras,2446.7,USD,716,4.17,475,28,JP,21,0
Apple Handbags in excellent condition,Purchased from official store. Invoice and original box included.,Apple,Handbags,523.07,USD,0,3.3,0,21,DE,13,1
Sony Electronics in excellent condition,Purchased from official store. Invoice and original box included.,Sony,Electronics,449.58,USD,222,4.29,825,101,AE,37,0
Luxury Rolex factory surplus item,No receipt available. Perfect copy and hard to tell.,Rolex,Sneakers,2803.56,USD,0,3.96,21,0,TR,1,1
Samsung Sneakers in excellent condition,Purchased from official store. Invoice and original box included.,Samsung,Sneakers,429.11,USD,121,4.65,90,391,US,3,0
Original Samsung Cameras with full packaging,Serial number available. Fast shipping and returns accepted.,Samsung,Cameras,977.75,USD,940,4.5,141,564,IN,21,0
Luxury Samsung discounted luxury item,No receipt available. Perfect copy and hard to tell.,Samsung,Electronics,253.37,USD,183,3.18,0,19,DE,1,1
Verified Nike Cameras listing,Purchased from official store. Invoice and original box included.,Nike,Cameras,76.75,USD,492,3.91,412,102,TR,29,0
Nike Electronics in excellent condition,Purchased from official store. Invoice and original box included.,Nike,Electronics,91.75,USD,0,4.07,34,26,JP,19,1
Verified Nike Sneakers listing,Serial number available. Fast shipping and returns accepted.,Nike,Sneakers,123.47,USD,297,4.58,0,487,GB,38,0
Verified Bose Electronics listing,Purchased from official store. Invoice and original box included.,Bose,Electronics,280.98,USD,140,4.93,402,210,JP,18,0
Nike Electronics in excellent condition,Serial number available. Fast shipping and returns accepted.,Nike,Electronics,105.84,USD,527,4.78,716,386,TR,27,0
Canon Handbags in excellent condition,Serial number available. Fast shipping and returns accepted.,Canon,Handbags,914.75,USD,279,4.33,745,229,JP,23,0
Original Gucci Watches with full packaging,Serial number available. Fast shipping and returns accepted.,Gucci,Watches,1879.64,USD,123,4.67,0,427,AE,13,0
Original Apple Handbags with full packaging,Serial number available. Fast shipping and returns accepted.,Apple,Handbags,906.48,USD,1011,4.12,354,342,US,2,0
Original Sony Electronics with full packaging,Minimal wear. Verified authenticity by trusted reseller.,Sony,Electronics,926.42,USD,23,4.31,258,21,JP,2,1
Original Rolex Audio with full packaging,Minimal wear. Verified authenticity by trusted reseller.,Rolex,Audio,11975.42,USD,367,4.44,30,352,TR,27,0
Louis Vuitton Electronics premium factory surplus deal,No receipt available. Perfect copy and hard to tell.,Louis Vuitton,Electronics,669.31,USD,92,3.24,53,22,TR,15,1
Nike Sneakers in excellent condition,Serial number available. Fast shipping and returns accepted.,Nike,Sneakers,49.53,USD,123,3.55,0,7,DE,12,1
Original Samsung Cameras with full packaging,Minimal wear. Verified authenticity by trusted reseller.,Samsung,Cameras,471.75,USD,183,4.59,60,22,DE,9,1
Nike Cameras in excellent condition,Minimal wear. Verified authenticity by trusted reseller.,Nike,Cameras,115.05,USD,380,4.01,0,210,IN,30,0
Luxury Bose dm for more item,"Factory source stock, no box but same quality as original.",Bose,Cameras,87.02,USD,0,2.09,15,0,DE,2,1
Verified Rolex Cameras listing,Minimal wear. Verified authenticity by trusted reseller.,Rolex,Cameras,7824.98,USD,0,4.21,136,90,TR,30,0
Adidas Watches no box,No receipt available. Perfect copy and hard to tell.,Adidas,Watches,50.98,USD,0,2.42,75,11,CN,4,1
Sony Watches premium wholesale lot deal,"DM for wholesale and better price, limited details.",Sony,Watches,104.98,USD,0,4.61,72,35,JP,7,1
Verified Rolex Watches listing,Purchased from official store. Invoice and original box included.,Rolex,Watches,13129.28,USD,249,4.42,772,381,GB,31,0
Nike Cameras premium wholesale lot deal,"Factory source stock, no box but same quality as original.",Nike,Cameras,87.15,USD,96,2.83,183,33,US,10,1
Verified Samsung Cameras listing,Serial number available. Fast shipping and returns accepted.,Samsung,Cameras,727.5,USD,251,4.36,1181,264,CN,23,0
Verified Sony Handbags listing,Minimal wear. Verified authenticity by trusted reseller.,Sony,Handbags,100.22,USD,0,2.73,121,22,CN,6,1
Original Samsung Watches with full packaging,Minimal wear. Verified authenticity by trusted reseller.,Samsung,Watches,416.1,USD,298,4.04,521,0,IN,35,0
Verified Adidas Electronics listing,Serial number available. Fast shipping and returns accepted.,Adidas,Electronics,266.51,USD,73,3.27,162,32,GB,19,1
Gucci Watches in excellent condition,Serial number available. Fast shipping and returns accepted.,Gucci,Watches,3337.33,USD,105,3.46,21,0,CN,11,1
Verified Samsung Sneakers listing,Serial number available. Fast shipping and returns accepted.,Samsung,Sneakers,838.91,USD,561,4.94,634,249,CN,30,0
Original Canon Sneakers with full packaging,Minimal wear. Verified authenticity by trusted reseller.,Canon,Sneakers,202.94,USD,45,5.0,41,14,DE,11,1
Original Samsung Handbags with full packaging,Serial number available. Fast shipping and returns accepted.,Samsung,Handbags,906.67,USD,838,3.97,413,0,DE,22,0
Nike Watches in excellent condition,Purchased from official store. Invoice and original box included.,Nike,Watches,109.73,USD,698,4.18,1146,709,AE,17,0
Bose Sneakers in excellent condition,Serial number available. Fast shipping and returns accepted.,Bose,Sneakers,168.03,USD,693,4.43,1183,334,US,27,0
Adidas Cameras in excellent condition,Purchased from official store. Invoice and original box included.,Adidas,Cameras,92.13,USD,651,4.42,564,330,TR,11,0
Nike Handbags without receipt,"DM for wholesale and better price, limited details.",Nike,Handbags,25.67,USD,0,2.34,261,0,US,0,1
Original Sony Audio with full packaging,Purchased from official store. Invoice and original box included.,Sony,Audio,373.56,USD,466,4.21,50,513,GB,38,0
Luxury Apple wholesale lot item,No receipt available. Perfect copy and hard to tell.,Apple,Sneakers,2809.56,USD,0,3.48,23,4,IN,0,1
Canon Handbags in excellent condition,Serial number available. Fast shipping and returns accepted.,Canon,Handbags,810.94,USD,236,4.95,1432,219,IN,19,0
Nike Audio in excellent condition,Serial number available. Fast shipping and returns accepted.,Nike,Audio,49.16,USD,0,3.55,0,16,CN,0,1
Original Louis Vuitton Electronics with full packaging,Serial number available. Fast shipping and returns accepted.,Louis Vuitton,Electronics,1500.05,USD,592,4.95,842,224,IN,0,0
Apple Sneakers in excellent condition,Minimal wear. Verified authenticity by trusted reseller.,Apple,Sneakers,489.27,USD,199,2.73,25,14,US,11,1
Canon Electronics in excellent condition,Purchased from official store. Invoice and original box included.,Canon,Electronics,1019.99,USD,0,4.21,1080,219,IN,25,0
Original Sony Electronics with full packaging,Minimal wear. Verified authenticity by trusted reseller.,Sony,Electronics,391.71,USD,471,3.98,965,585,AE,29,0
Gucci Watches in excellent condition,Serial number available. Fast shipping and returns accepted.,Gucci,Watches,1366.2,USD,1070,4.25,1158,147,US,16,0
Original Apple Cameras with full packaging,Minimal wear. Verified authenticity by trusted reseller.,Apple,Cameras,1420.95,USD,388,4.1,40,102,GB,3,0
Verified Apple Handbags listing,Purchased from official store. Invoice and original box included.,Apple,Handbags,487.56,USD,271,3.92,821,465,US,17,0
Verified Apple Watches listing,Purchased from official store. Invoice and original box included.,Apple,Watches,575.88,USD,0,3.85,0,70,GB,31,0
Adidas Watches inspired,No receipt available. Perfect copy and hard to tell.,Adidas,Watches,55.72,USD,581,4.33,644,242,TR,17,0
Verified Apple Audio listing,Purchased from official store. Invoice and original box included.,Apple,Audio,796.62,USD,427,4.58,122,0,JP,28,0
Gucci Audio in excellent condition,Serial number available. Fast shipping and returns accepted.,Gucci,Audio,1266.67,USD,809,4.02,761,424,DE,6,0
Verified Apple Watches listing,Serial number available. Fast shipping and returns accepted.,Apple,Watches,473.58,USD,42,4.74,85,0,AE,5,1
Verified Louis Vuitton Audio listing,Purchased from official store. Invoice and original box included.,Louis Vuitton,Audio,1809.61,USD,568,3.9,412,149,DE,24,0
Bose Cameras in excellent condition,Serial number available. Fast shipping and returns accepted.,Bose,Cameras,253.82,USD,461,4.29,1501,185,DE,0,0
Samsung Audio in excellent condition,Purchased from official store. Invoice and original box included.,Samsung,Audio,58.57,USD,8,3.51,127,17,DE,7,1
Original Louis Vuitton Watches with full packaging,Purchased from official store. Invoice and original box included.,Louis Vuitton,Watches,661.33,USD,47,3.91,800,277,JP,35,0
Canon Audio premium factory surplus deal,"Factory source stock, no box but same quality as original.",Canon,Audio,633.24,USD,78,2.72,0,23,IN,20,1
Original Rolex Handbags with full packaging,Serial number available. Fast shipping and returns accepted.,Rolex,Handbags,13847.6,USD,1080,4.54,752,0,GB,13,0
Canon Handbags in excellent condition,Purchased from official store. Invoice and original box included.,Canon,Handbags,971.05,USD,754,3.73,389,184,IN,29,0
Original Apple Audio with full packaging,Purchased from official store. Invoice and original box included.,Apple,Audio,810.55,USD,435,4.22,334,57,DE,29,0
Original Rolex Electronics with full packaging,Purchased from official store. Invoice and original box included.,Rolex,Electronics,7752.39,USD,268,4.27,436,326,DE,31,0
Gucci Sneakers in excellent condition,Minimal wear. Verified authenticity by trusted reseller.,Gucci,Sneakers,1735.34,USD,226,4.34,596,212,DE,17,0
Original Nike Electronics with full packaging,Minimal wear. Verified authenticity by trusted reseller.,Nike,Electronics,103.8,USD,701,4.51,167,42,CN,24,0
Canon Handbags in excellent condition,Serial number available. Fast shipping and returns accepted.,Canon,Handbags,457.95,USD,273,3.51,1083,326,IN,18,0
Verified Adidas Watches listing,Purchased from official store. Invoice and original box included.,Adidas,Watches,57.55,USD,426,4.68,999,0,DE,54,0
Louis Vuitton Cameras in excellent condition,Minimal wear. Verified authenticity by trusted reseller.,Louis Vuitton,Cameras,1209.75,USD,275,3.53,170,0,CN,5,1
Verified Adidas Watches listing,Minimal wear. Verified authenticity by trusted reseller.,Adidas,Watches,70.57,USD,613,4.71,1324,0,DE,22,0
Louis Vuitton Watches in excellent condition,Serial number available. Fast shipping and returns accepted.,Louis Vuitton,Watches,472.7,USD,0,3.42,178,22,DE,0,1
Bose Handbags no box,"Factory source stock, no box but same quality as original.",Bose,Handbags,157.31,USD,0,2.91,12,27,JP,12,1
Verified Sony Watches listing,Purchased from official store. Invoice and original box included.,Sony,Watches,279.14,USD,649,3.33,400,75,CN,21,0
Gucci Cameras in excellent condition,Purchased from official store. Invoice and original box included.,Gucci,Cameras,798.65,USD,183,2.95,0,41,US,0,1
Sony Cameras premium no box deal,No receipt available. Perfect copy and hard to tell.,Sony,Cameras,1001.15,USD,91,2.42,0,67,AE,11,1
Louis Vuitton Sneakers premium 1:1 deal,No receipt available. Perfect copy and hard to tell.,Louis Vuitton,Sneakers,1182.65,USD,60,3.53,148,44,TR,5,1
Original Apple Audio with full packaging,Purchased from official store. Invoice and original box included.,Apple,Audio,416.9,USD,52,2.89,22,0,IN,6,1
Original Samsung Electronics with full packaging,Serial number available. Fast shipping and returns accepted.,Samsung,Electronics,355.61,USD,197,3.31,65,21,US,2,1
Samsung Handbags in excellent condition,Minimal wear. Verified authenticity by trusted reseller.,Samsung,Handbags,151.11,USD,0,2.9,0,55,GB,2,1
Samsung Sneakers in excellent condition,Purchased from official store. Invoice and original box included.,Samsung,Sneakers,285.73,USD,237,2.33,0,24,AE,7,1
Verified Samsung Electronics listing,Purchased from official store. Invoice and original box included.,Samsung,Electronics,779.48,USD,692,4.59,697,0,TR,28,0
Luxury Bose copy version item,"Factory source stock, no box but same quality as original.",Bose,Watches,171.4,USD,125,2.23,0,2,AE,3,1
Louis Vuitton Sneakers copy version,No receipt available. Perfect copy and hard to tell.,Louis Vuitton,Sneakers,992.66,USD,79,3.86,39,0,CN,15,1
Louis Vuitton Electronics in excellent condition,Minimal wear. Verified authenticity by trusted reseller.,Louis Vuitton,Electronics,1801.56,USD,0,4.56,713,556,IN,33,0
Nike Watches in excellent condition,Serial number available. Fast shipping and returns accepted.,Nike,Watches,110.25,USD,933,3.35,114,197,GB,0,0
Original Rolex Audio with full packaging,Minimal wear. Verified authenticity by trusted reseller.,Rolex,Audio,8810.59,USD,260,3.47,1194,292,TR,28,0
Sony Audio premium wholesale lot deal,No receipt available. Perfect copy and hard to tell.,Sony,Audio,183.3,USD,182,3.65,1,34,IN,4,1
Original Rolex Sneakers with full packaging,Purchased from official store. Invoice and original box included.,Rolex,Sneakers,4511.73,USD,0,2.84,151,28,GB,10,1
Original Bose Watches with full packaging,Minimal wear. Verified authenticity by trusted reseller.,Bose,Watches,160.74,USD,284,4.22,163,487,US,11,0
Verified Sony Handbags listing,Minimal wear. Verified authenticity by trusted reseller.,Sony,Handbags,404.73,USD,307,2.99,1352,9,IN,4,0
Canon Electronics in excellent condition,Minimal wear. Verified authenticity by trusted reseller.,Canon,Electronics,585.96,USD,566,4.06,1005,211,CN,18,0
Original Rolex Sneakers with full packaging,Serial number available. Fast shipping and returns accepted.,Rolex,Sneakers,6563.15,USD,162,4.53,791,201,CN,19,0
Luxury Rolex dm for more item,"DM for wholesale and better price, limited details.",Rolex,Sneakers,6855.95,USD,20,2.38,179,17,AE,1,1
Louis Vuitton Watches 1:1,No receipt available. Perfect copy and hard to tell.,Louis Vuitton,Watches,3994.61,USD,0,2.55,237,66,GB,25,1
Original Samsung Sneakers with full packaging,Serial number available. Fast shipping and returns accepted.,Samsung,Sneakers,807.66,USD,907,4.34,188,156,CN,25,0
Original Bose Cameras with full packaging,Purchased from official store. Invoice and original box included.,Bose,Cameras,255.98,USD,799,4.31,614,290,US,9,0
Apple Watches premium looks original deal,"Factory source stock, no box but same quality as original.",Apple,Watches,696.31,USD,198,1.76,347,36,CN,5,1
Original Canon Cameras with full packaging,Serial number available. Fast shipping and returns accepted.,Canon,Cameras,384.3,USD,218,4.03,145,10,IN,13,1
Bose Electronics in excellent condition,Serial number available. Fast shipping and returns accepted.,Bose,Electronics,44.31,USD,173,2.89,0,0,AE,4,1
Gucci Cameras mirror quality,No receipt available. Perfect copy and hard to tell.,Gucci,Cameras,565.51,USD,163,3.0,148,18,TR,5,1
Original Rolex Handbags with full packaging,Purchased from official store. Invoice and original box included.,Rolex,Handbags,17236.85,USD,171,4.33,629,249,US,1,0
Original Bose Cameras with full packaging,Minimal wear. Verified authenticity by trusted reseller.,Bose,Cameras,177.4,USD,1098,4.72,623,231,DE,11,0
Luxury Sony wholesale lot item,"DM for wholesale and better price, limited details.",Sony,Electronics,257.7,USD,38,3.96,66,0,AE,1,1
Original Louis Vuitton Audio with full packaging,Purchased from official store. Invoice and original box included.,Louis Vuitton,Audio,1922.66,USD,839,4.44,1491,281,US,33,0
Samsung Audio in excellent condition,Serial number available. Fast shipping and returns accepted.,Samsung,Audio,733.34,USD,746,4.49,837,450,AE,10,0
Original Nike Watches with full packaging,Minimal wear. Verified authenticity by trusted reseller.,Nike,Watches,41.04,USD,143,2.66,141,0,JP,17,1
Verified Gucci Handbags listing,Serial number available. Fast shipping and returns accepted.,Gucci,Handbags,1704.36,USD,1252,4.61,1893,1,AE,6,0
Verified Bose Electronics listing,Serial number available. Fast shipping and returns accepted.,Bose,Electronics,201.78,USD,304,3.83,1286,144,JP,20,0
Verified Adidas Handbags listing,Purchased from official store. Invoice and original box included.,Adidas,Handbags,109.37,USD,848,4.92,821,273,CN,28,0
Adidas Sneakers in excellent condition,Serial number available. Fast shipping and returns accepted.,Adidas,Sneakers,110.96,USD,465,4.98,1049,249,JP,19,0
Verified Bose Watches listing,Serial number available. Fast shipping and returns accepted.,Bose,Watches,288.76,USD,644,4.18,790,82,CN,20,0
Rolex Audio authentic style,"DM for wholesale and better price, limited details.",Rolex,Audio,1631.57,USD,157,3.33,204,27,DE,6,1
Verified Louis Vuitton Watches listing,Serial number available. Fast shipping and returns accepted.,Louis Vuitton,Watches,1161.16,USD,22,3.17,0,58,DE,14,1
Verified Bose Cameras listing,Minimal wear. Verified authenticity by trusted reseller.,Bose,Cameras,315.69,USD,890,4.18,928,464,CN,33,0
Luxury Nike mirror quality item,"Factory source stock, no box but same quality as original.",Nike,Watches,42.93,USD,0,4.34,19,0,DE,8,1
Apple Cameras factory surplus,"Factory source stock, no box but same quality as original.",Apple,Cameras,203.23,USD,72,2.49,0,1,AE,10,1
Verified Adidas Audio listing,Minimal wear. Verified authenticity by trusted reseller.,Adidas,Audio,291.76,USD,150,1.71,0,75,TR,3,1
Samsung Handbags in excellent condition,Purchased from official store. Invoice and original box included.,Samsung,Handbags,566.06,USD,306,4.01,864,0,US,12,0
Verified Rolex Sneakers listing,Serial number available. Fast shipping and returns accepted.,Rolex,Sneakers,6070.18,USD,497,4.05,1083,28,CN,12,0
Gucci Sneakers in excellent condition,Minimal wear. Verified authenticity by trusted reseller.,Gucci,Sneakers,1280.12,USD,598,4.04,711,106,US,40,0
Apple Watches in excellent condition,Purchased from official store. Invoice and original box included.,Apple,Watches,1284.3,USD,192,3.86,514,115,JP,30,0
Verified Sony Handbags listing,Minimal wear. Verified authenticity by trusted reseller.,Sony,Handbags,118.17,USD,105,1.66,29,26,TR,6,1
Verified Rolex Handbags listing,Serial number available. Fast shipping and returns accepted.,Rolex,Handbags,4430.42,USD,1013,4.33,11,336,US,11,0
Verified Canon Electronics listing,Purchased from official store. Invoice and original box included.,Canon,Electronics,833.48,USD,0,4.59,560,236,GB,32,0
Adidas Cameras in excellent condition,Serial number available. Fast shipping and returns accepted.,Adidas,Cameras,115.52,USD,1197,4.74,310,240,AE,40,0
Gucci Electronics in excellent condition,Minimal wear. Verified authenticity by trusted reseller.,Gucci,Electronics,260.05,USD,234,2.9,315,66,AE,6,1
Original Apple Watches with full packaging,Purchased from official store. Invoice and original box included.,Apple,Watches,667.61,USD,0,4.7,61,361,DE,10,0
Apple Watches premium authentic style deal,No receipt available. Perfect copy and hard to tell.,Apple,Watches,2857.34,USD,237,4.45,50,20,CN,16,1
Original Gucci Watches with full packaging,Purchased from official store. Invoice and original box included.,Gucci,Watches,860.59,USD,168,4.32,1099,143,IN,17,0
Verified Bose Electronics listing,Minimal wear. Verified authenticity by trusted reseller.,Bose,Electronics,268.38,USD,212,4.3,0,274,TR,17,0
Verified Canon Sneakers listing,Serial number available. Fast shipping and returns accepted.,Canon,Sneakers,1041.99,USD,330,4.59,1326,112,DE,24,0
Bose Handbags in excellent condition,Purchased from official store. Invoice and original box included.,Bose,Handbags,253.83,USD,570,3.86,1268,273,GB,20,0
Original Sony Electronics with full packaging,Purchased from official store. Invoice and original box included.,Sony,Electronics,474.18,USD,742,4.7,1208,346,US,17,0
Adidas Watches in excellent condition,Minimal wear. Verified authenticity by trusted reseller.,Adidas,Watches,125.53,USD,653,4.61,806,673,AE,23,0
Original Apple Watches with full packaging,Serial number available. Fast shipping and returns accepted.,Apple,Watches,951.15,USD,636,4.05,134,369,TR,2,0
Verified Samsung Watches listing,Purchased from official store. Invoice and original box included.,Samsung,Watches,761.78,USD,902,4.11,92,372,JP,31,0
Rolex Watches looks original,No receipt available. Perfect copy and hard to tell.,Rolex,Watches,5312.32,USD,190,2.61,0,7,DE,3,1
Apple Watches in excellent condition,Purchased from official store. Invoice and original box included.,Apple,Watches,1171.89,USD,952,4.54,4,216,JP,47,0
Original Apple Watches with full packaging,Serial number available. Fast shipping and returns accepted.,Apple,Watches,673.83,USD,257,4.98,624,435,IN,26,0
Luxury Sony 1:1 item,"Factory source stock, no box but same quality as original.",Sony,Sneakers,222.55,USD,57,3.9,236,28,IN,17,1
Original Samsung Sneakers with full packaging,Minimal wear. Verified authenticity by trusted reseller.,Samsung,Sneakers,691.07,USD,439,4.09,834,43,AE,27,0
Original Samsung Watches with full packaging,Minimal wear. Verified authenticity by trusted reseller.,Samsung,Watches,507.72,USD,423,4.36,1163,429,AE,23,0
Luxury Rolex no box item,"DM for wholesale and better price, limited details.",Rolex,Sneakers,9643.66,USD,497,3.86,862,235,CN,21,0
Original Sony Watches with full packaging,Minimal wear. Verified authenticity by trusted reseller.,Sony,Watches,326.92,USD,0,4.61,1206,273,DE,53,0
Apple Watches in excellent condition,Minimal wear. Verified authenticity by trusted reseller.,Apple,Watches,965.73,USD,601,4.43,225,324,US,32,0
Verified Nike Electronics listing,Purchased from official store. Invoice and original box included.,Nike,Electronics,106.88,USD,596,4.7,1049,414,CN,22,0
Apple Handbags premium copy version deal,"Factory source stock, no box but same quality as original.",Apple,Handbags,873.66,USD,388,4.66,623,367,IN,9,0
Original Nike Electronics with full packaging,Serial number available. Fast shipping and returns accepted.,Nike,Electronics,81.53,USD,682,4.33,564,402,CN,13,0
Gucci Sneakers in excellent condition,Serial number available. Fast shipping and returns accepted.,Gucci,Sneakers,1234.76,USD,102,4.4,632,161,US,20,0
Luxury Gucci no box item,"Factory source stock, no box but same quality as original.",Gucci,Handbags,790.48,USD,0,5.0,185,32,DE,0,0
Sony Cameras in excellent condition,Purchased from official store. Invoice and original box included.,Sony,Cameras,384.91,USD,434,4.14,927,182,DE,21,0
Verified Samsung Audio listing,Serial number available. Fast shipping and returns accepted.,Samsung,Audio,881.87,USD,806,4.61,592,176,TR,25,0
Verified Gucci Audio listing,Minimal wear. Verified authenticity by trusted reseller.,Gucci,Audio,1444.18,USD,1011,4.47,952,379,DE,38,0
Rolex Electronics premium wholesale lot deal,"DM for wholesale and better price, limited details.",Rolex,Electronics,4467.91,USD,74,3.92,32,7,GB,10,1
Louis Vuitton Sneakers in excellent condition,Purchased from official store. Invoice and original box included.,Louis Vuitton,Sneakers,1799.88,USD,511,4.87,863,77,IN,30,0
Luxury Canon inspired item,"DM for wholesale and better price, limited details.",Canon,Sneakers,769.1,USD,669,4.31,55,191,TR,0,0
Bose Sneakers in excellent condition,Serial number available. Fast shipping and returns accepted.,Bose,Sneakers,229.67,USD,120,5.0,167,408,CN,12,0
Apple Cameras premium discounted luxury deal,No receipt available. Perfect copy and hard to tell.,Apple,Cameras,409.85,USD,183,3.18,314,25,CN,10,1
Samsung Watches discounted luxury,"Factory source stock, no box but same quality as original.",Samsung,Watches,857.21,USD,486,4.24,94,386,GB,24,0
Verified Louis Vuitton Watches listing,Serial number available. Fast shipping and returns accepted.,Louis Vuitton,Watches,1025.91,USD,0,3.22,115,31,JP,0,1
Rolex Audio copy version,"Factory source stock, no box but same quality as original.",Rolex,Audio,1529.41,USD,160,3.46,0,0,CN,13,1
Original Louis Vuitton Watches with full packaging,Minimal wear. Verified authenticity by trusted reseller.,Louis Vuitton,Watches,1808.91,USD,986,3.77,674,145,AE,41,0
Adidas Audio in excellent condition,Minimal wear. Verified authenticity by trusted reseller.,Adidas,Audio,105.87,USD,393,4.0,233,287,US,28,0
Canon Watches premium authentic style deal,"Factory source stock, no box but same quality as original.",Canon,Watches,1175.47,USD,757,4.61,451,216,US,19,0
Luxury Adidas looks original item,"DM for wholesale and better price, limited details.",Adidas,Audio,41.28,USD,0,3.73,73,0,AE,0,1
Apple Handbags in excellent condition,Purchased from official store. Invoice and original box included.,Apple,Handbags,659.59,USD,404,4.71,859,425,AE,43,0
Luxury Bose looks original item,"Factory source stock, no box but same quality as original.",Bose,Cameras,108.27,USD,154,2.9,217,50,GB,5,1
Bose Handbags premium without receipt deal,"Factory source stock, no box but same quality as original.",Bose,Handbags,54.31,USD,281,3.48,44,51,CN,3,1
Verified Bose Cameras listing,Minimal wear. Verified authenticity by trusted reseller.,Bose,Cameras,170.64,USD,973,4.05,382,364,JP,13,0
Louis Vuitton Audio dm for more,"Factory source stock, no box but same quality as original.",Louis Vuitton,Audio,726.47,USD,115,2.07,0,81,DE,15,1
Sony Electronics in excellent condition,Purchased from official store. Invoice and original box included.,Sony,Electronics,332.18,USD,836,4.28,856,280,AE,28,0
Original Bose Watches with full packaging,Serial number available. Fast shipping and returns accepted.,Bose,Watches,251.85,USD,292,4.3,155,242,GB,23,0
Original Louis Vuitton Audio with full packaging,Minimal wear. Verified authenticity by trusted reseller.,Louis Vuitton,Audio,998.44,USD,34,3.58,135,11,DE,17,1
Original Louis Vuitton Audio with full packaging,Serial number available. Fast shipping and returns accepted.,Louis Vuitton,Audio,1282.75,USD,435,3.73,260,0,JP,36,0
Luxury Apple inspired item,"DM for wholesale and better price, limited details.",Apple,Watches,511.28,USD,189,3.1,123,0,TR,3,1
Luxury Rolex wholesale lot item,No receipt available. Perfect copy and hard to tell.,Rolex,Electronics,3341.78,USD,5,2.93,152,28,TR,5,1
Louis Vuitton Audio dm for more,No receipt available. Perfect copy and hard to tell.,Louis Vuitton,Audio,1215.59,USD,29,3.14,206,32,TR,0,1
Luxury Gucci authentic style item,"DM for wholesale and better price, limited details.",Gucci,Sneakers,1130.04,USD,67,3.66,194,59,US,14,1
Verified Canon Handbags listing,Purchased from official store. Invoice and original box included.,Canon,Handbags,260.32,USD,0,2.35,400,11,JP,19,1
Verified Canon Sneakers listing,Purchased from official store. Invoice and original box included.,Canon,Sneakers,764.94,USD,865,4.47,0,261,DE,12,0
Nike Cameras 1:1,No receipt available. Perfect copy and hard to tell.,Nike,Cameras,98.6,USD,0,3.74,161,1,GB,0,1
Samsung Cameras in excellent condition,Minimal wear. Verified authenticity by trusted reseller.,Samsung,Cameras,781.18,USD,387,3.54,872,512,AE,29,0
Verified Canon Watches listing,Serial number available. Fast shipping and returns accepted.,Canon,Watches,473.13,USD,975,3.58,0,439,TR,45,0
Adidas Sneakers 1:1,"DM for wholesale and better price, limited details.",Adidas,Sneakers,199.64,USD,28,2.1,95,15,AE,3,1
Original Adidas Audio with full packaging,Serial number available. Fast shipping and returns accepted.,Adidas,Audio,52.37,USD,158,2.97,22,0,DE,13,1
Verified Apple Sneakers listing,Minimal wear. Verified authenticity by trusted reseller.,Apple,Sneakers,711.61,USD,860,3.96,101,135,IN,28,0
Sony Cameras premium copy version deal,"DM for wholesale and better price, limited details.",Sony,Cameras,210.25,USD,0,3.83,134,48,AE,3,1
Luxury Gucci replica item,"Factory source stock, no box but same quality as original.",Gucci,Cameras,804.13,USD,89,3.11,71,6,GB,11,1
Original Bose Electronics with full packaging,Minimal wear. Verified authenticity by trusted reseller.,Bose,Electronics,205.18,USD,1205,4.8,809,396,DE,0,0
Nike Audio factory surplus,No receipt available. Perfect copy and hard to tell.,Nike,Audio,77.32,USD,0,3.58,253,121,GB,26,0
Rolex Watches in excellent condition,Purchased from official store. Invoice and original box included.,Rolex,Watches,8746.06,USD,495,4.27,769,209,CN,23,0
Louis Vuitton Audio authentic style,"Factory source stock, no box but same quality as original.",Louis Vuitton,Audio,668.47,USD,57,3.37,176,0,IN,7,1
Canon Audio in excellent condition,Serial number available. Fast shipping and returns accepted.,Canon,Audio,1085.77,USD,734,4.44,784,379,IN,3,0
Verified Louis Vuitton Electronics listing,Serial number available. Fast shipping and returns accepted.,Louis Vuitton,Electronics,2245.34,USD,106,2.29,126,21,GB,0,1
Verified Louis Vuitton Audio listing,Minimal wear. Verified authenticity by trusted reseller.,Louis Vuitton,Audio,701.76,USD,158,3.13,199,0,US,0,1
Apple Watches replica,"DM for wholesale and better price, limited details.",Apple,Watches,184.14,USD,6,4.09,110,35,DE,5,1
Verified Apple Sneakers listing,Purchased from official store. Invoice and original box included.,Apple,Sneakers,663.44,USD,480,4.21,652,700,AE,22,1
Rolex Audio in excellent condition,Serial number available. Fast shipping and returns accepted.,Rolex,Audio,6664.84,USD,97,4.45,677,343,US,20,0
Samsung Watches in excellent condition,Minimal wear. Verified authenticity by trusted reseller.,Samsung,Watches,819.6,USD,315,3.84,880,136,US,27,0
Luxury Samsung replica item,No receipt available. Perfect copy and hard to tell.,Samsung,Audio,273.82,USD,140,2.55,0,37,US,8,1
Original Apple Electronics with full packaging,Purchased from official store. Invoice and original box included.,Apple,Electronics,764.57,USD,1197,4.27,1323,255,IN,17,0
Gucci Watches in excellent condition,Minimal wear. Verified authenticity by trusted reseller.,Gucci,Watches,1098.04,USD,570,4.48,165,386,TR,12,0
Rolex Watches in excellent condition,Minimal wear. Verified authenticity by trusted reseller.,Rolex,Watches,10296.36,USD,587,4.18,885,339,AE,7,0
Original Nike Cameras with full packaging,Purchased from official store. Invoice and original box included.,Nike,Cameras,91.47,USD,616,4.1,314,143,TR,21,0
Original Sony Sneakers with full packaging,Purchased from official store. Invoice and original box included.,Sony,Sneakers,509.56,USD,709,4.04,449,272,US,17,0
Nike Watches factory surplus,No receipt available. Perfect copy and hard to tell.,Nike,Watches,73.08,USD,0,3.75,0,28,JP,2,1
Luxury Bose looks original item,"DM for wholesale and better price, limited details.",Bose,Watches,236.19,USD,596,4.19,439,277,JP,9,0
Verified Samsung Watches listing,Purchased from official store. Invoice and original box included.,Samsung,Watches,675.38,USD,512,4.9,237,241,IN,24,0
Samsung Cameras in excellent condition,Serial number available. Fast shipping and returns accepted.,Samsung,Cameras,1075.5,USD,1433,4.04,1147,233,IN,41,0
Original Sony Electronics with full packaging,Minimal wear. Verified authenticity by trusted reseller.,Sony,Electronics,487.44,USD,498,3.55,902,86,AE,31,0
Luxury Bose looks original item,No receipt available. Perfect copy and hard to tell.,Bose,Watches,150.09,USD,28,4.16,87,12,CN,14,1
Luxury Rolex copy version item,"Factory source stock, no box but same quality as original.",Rolex,Sneakers,4607.43,USD,91,3.84,102,10,TR,3,1
Nike Electronics premium dm for more deal,"DM for wholesale and better price, limited details.",Nike,Electronics,112.85,USD,933,4.38,828,275,TR,8,0
Verified Bose Audio listing,Serial number available. Fast shipping and returns accepted.,Bose,Audio,259.18,USD,1267,3.87,208,0,AE,23,0
Verified Sony Watches listing,Minimal wear. Verified authenticity by trusted reseller.,Sony,Watches,383.24,USD,537,5.0,491,286,DE,33,0
Verified Gucci Electronics listing,Serial number available. Fast shipping and returns accepted.,Gucci,Electronics,1800.47,USD,897,4.88,0,286,DE,29,0
Original Bose Handbags with full packaging,Serial number available. Fast shipping and returns accepted.,Bose,Handbags,286.34,USD,570,3.79,216,5,JP,27,0
Adidas Audio in excellent condition,Serial number available. Fast shipping and returns accepted.,Adidas,Audio,59.36,USD,1211,3.8,346,246,AE,0,0
Luxury Rolex replica item,"DM for wholesale and better price, limited details.",Rolex,Audio,1895.66,USD,117,3.22,76,16,US,7,1
Luxury Sony discounted luxury item,No receipt available. Perfect copy and hard to tell.,Sony,Cameras,186.95,USD,76,4.5,0,57,IN,7,1
Verified Adidas Cameras listing,Serial number available. Fast shipping and returns accepted.,Adidas,Cameras,45.89,USD,140,2.68,82,43,TR,14,1
Verified Bose Handbags listing,Minimal wear. Verified authenticity by trusted reseller.,Bose,Handbags,85.89,USD,219,3.38,5,4,TR,13,1
Verified Sony Sneakers listing,Serial number available. Fast shipping and returns accepted.,Sony,Sneakers,285.38,USD,381,4.38,0,173,CN,23,0
Verified Sony Handbags listing,Minimal wear. Verified authenticity by trusted reseller.,Sony,Handbags,484.96,USD,326,4.22,54,297,CN,0,0
Verified Gucci Handbags listing,Minimal wear. Verified authenticity by trusted reseller.,Gucci,Handbags,897.86,USD,526,4.48,921,292,CN,7,0
Original Nike Electronics with full packaging,Minimal wear. Verified authenticity by trusted reseller.,Nike,Electronics,78.88,USD,388,4.39,608,78,AE,34,0
Verified Rolex Electronics listing,Purchased from official store. Invoice and original box included.,Rolex,Electronics,35445.55,USD,113,4.17,0,44,TR,11,1
Adidas Audio premium mirror quality deal,"Factory source stock, no box but same quality as original.",Adidas,Audio,33.57,USD,147,4.45,0,51,US,6,1
Bose Watches premium wholesale lot deal,No receipt available. Perfect copy and hard to tell.,Bose,Watches,80.0,USD,0,3.47,244,7,AE,11,1
Louis Vuitton Sneakers in excellent condition,Serial number available. Fast shipping and returns accepted.,Louis Vuitton,Sneakers,1071.73,USD,110,4.4,565,284,US,21,0
Gucci Electronics in excellent condition,Purchased from official store. Invoice and original box included.,Gucci,Electronics,1904.88,USD,698,4.46,995,246,DE,15,0
Adidas Audio authentic style,No receipt available. Perfect copy and hard to tell.,Adidas,Audio,43.52,USD,0,2.76,220,18,US,0,1
Luxury Canon no box item,No receipt available. Perfect copy and hard to tell.,Canon,Audio,3294.42,USD,129,3.65,288,0,AE,0,1
Sony Handbags in excellent condition,Minimal wear. Verified authenticity by trusted reseller.,Sony,Handbags,230.26,USD,219,2.56,168,0,IN,18,1
Original Adidas Cameras with full packaging,Purchased from official store. Invoice and original box included.,Adidas,Cameras,109.41,USD,255,5.0,1400,358,US,27,0
Louis Vuitton Electronics in excellent condition,Purchased from official store. Invoice and original box included.,Louis Vuitton,Electronics,3490.54,USD,45,1.53,0,43,JP,19,1
Verified Apple Cameras listing,Serial number available. Fast shipping and returns accepted.,Apple,Cameras,702.61,USD,720,4.32,70,221,GB,26,0
Bose Audio in excellent condition,Serial number available. Fast shipping and returns accepted.,Bose,Audio,255.23,USD,539,4.58,219,3,TR,15,0
Luxury Adidas without receipt item,No receipt available. Perfect copy and hard to tell.,Adidas,Sneakers,50.92,USD,96,2.9,0,0,IN,2,1
Luxury Canon copy version item,No receipt available. Perfect copy and hard to tell.,Canon,Cameras,2155.27,USD,56,2.92,197,0,IN,4,1
Apple Cameras in excellent condition,Serial number available. Fast shipping and returns accepted.,Apple,Cameras,801.39,USD,401,3.79,309,0,US,38,0
Original Apple Sneakers with full packaging,Serial number available. Fast shipping and returns accepted.,Apple,Sneakers,741.11,USD,427,3.96,1106,299,GB,7,0
Original Apple Watches with full packaging,Purchased from official store. Invoice and original box included.,Apple,Watches,333.37,USD,237,4.22,44,6,US,4,1
Original Gucci Electronics with full packaging,Minimal wear. Verified authenticity by trusted reseller.,Gucci,Electronics,818.23,USD,46,4.47,0,15,TR,3,1
Samsung Watches in excellent condition,Purchased from official store. Invoice and original box included.,Samsung,Watches,711.7,USD,192,3.54,0,8,GB,0,1
Original Samsung Handbags with full packaging,Purchased from official store. Invoice and original box included.,Samsung,Handbags,750.17,USD,21,4.36,0,260,AE,0,0
Verified Gucci Watches listing,Purchased from official store. Invoice and original box included.,Gucci,Watches,1775.08,USD,937,3.71,594,611,AE,23,0
Original Rolex Watches with full packaging,Serial number available. Fast shipping and returns accepted.,Rolex,Watches,7288.73,USD,401,4.97,288,232,US,38,0
Adidas Electronics premium copy version deal,"DM for wholesale and better price, limited details.",Adidas,Electronics,60.05,USD,104,4.33,423,77,CN,17,0
Samsung Handbags premium no box deal,"Factory source stock, no box but same quality as original.",Samsung,Handbags,2237.85,USD,53,4.32,108,4,DE,7,1
Nike Watches in excellent condition,Serial number available. Fast shipping and returns accepted.,Nike,Watches,118.65,USD,464,4.47,501,331,GB,40,0
Louis Vuitton Handbags in excellent condition,Purchased from official store. Invoice and original box included.,Louis Vuitton,Handbags,2367.81,USD,778,4.44,420,320,DE,41,0
Original Bose Sneakers with full packaging,Purchased from official store. Invoice and original box included.,Bose,Sneakers,78.99,USD,0,4.26,466,90,DE,12,0
Nike Sneakers in excellent condition,Minimal wear. Verified authenticity by trusted reseller.,Nike,Sneakers,71.01,USD,29,2.17,166,0,DE,16,0
Original Sony Electronics with full packaging,Minimal wear. Verified authenticity by trusted reseller.,Sony,Electronics,377.95,USD,735,3.52,1519,488,JP,29,0
Verified Bose Handbags listing,Serial number available. Fast shipping and returns accepted.,Bose,Handbags,293.23,USD,671,4.97,0,167,AE,4,0
Louis Vuitton Watches in excellent condition,Minimal wear. Verified authenticity by trusted reseller.,Louis Vuitton,Watches,898.85,USD,0,2.85,0,17,AE,21,1
Louis Vuitton Cameras in excellent condition,Minimal wear. Verified authenticity by trusted reseller.,Louis Vuitton,Cameras,1263.56,USD,294,4.29,879,195,AE,19,0
Sony Handbags discounted luxury,No receipt available. Perfect copy and hard to tell.,Sony,Handbags,221.87,USD,0,3.0,205,0,AE,7,1
Original Apple Audio with full packaging,Minimal wear. Verified authenticity by trusted reseller.,Apple,Audio,800.31,USD,1132,4.21,730,382,GB,31,0
Adidas Electronics premium authentic style deal,No receipt available. Perfect copy and hard to tell.,Adidas,Electronics,170.72,USD,136,4.24,123,23,AE,0,1
Rolex Handbags premium factory surplus deal,"DM for wholesale and better price, limited details.",Rolex,Handbags,14449.99,USD,59,2.55,165,6,CN,0,1
Original Nike Electronics with full packaging,Minimal wear. Verified authenticity by trusted reseller.,Nike,Electronics,125.95,USD,684,3.69,522,278,IN,23,0
Rolex Handbags in excellent condition,Serial number available. Fast shipping and returns accepted.,Rolex,Handbags,6691.41,USD,0,4.61,615,452,JP,21,0
Sony Audio in excellent condition,Purchased from official store. Invoice and original box included.,Sony,Audio,207.93,USD,367,3.72,439,87,JP,26,0
Gucci Sneakers without receipt,No receipt available. Perfect copy and hard to tell.,Gucci,Sneakers,492.44,USD,0,3.78,206,37,DE,7,1
Verified Gucci Sneakers listing,Purchased from official store. Invoice and original box included.,Gucci,Sneakers,789.25,USD,267,2.39,164,33,GB,4,1
Samsung Watches in excellent condition,Purchased from official store. Invoice and original box included.,Samsung,Watches,644.49,USD,303,4.53,385,153,CN,25,0
Canon Electronics in excellent condition,Serial number available. Fast shipping and returns accepted.,Canon,Electronics,480.56,USD,42,3.97,43,34,DE,10,1
Original Nike Electronics with full packaging,Minimal wear. Verified authenticity by trusted reseller.,Nike,Electronics,104.96,USD,560,4.73,592,281,JP,3,0
Luxury Samsung without receipt item,No receipt available. Perfect copy and hard to tell.,Samsung,Cameras,878.73,USD,827,3.69,834,98,GB,19,0
Verified Canon Audio listing,Serial number available. Fast shipping and returns accepted.,Canon,Audio,914.05,USD,130,4.02,1017,587,JP,9,0
Luxury Adidas 1:1 item,"Factory source stock, no box but same quality as original.",Adidas,Handbags,32.73,USD,38,4.33,133,45,IN,0,1
Luxury Gucci replica item,No receipt available. Perfect copy and hard to tell.,Gucci,Watches,481.46,USD,40,2.98,0,0,CN,12,1
Verified Rolex Watches listing,Minimal wear. Verified authenticity by trusted reseller.,Rolex,Watches,8247.8,USD,356,4.87,334,153,CN,40,0
Original Gucci Cameras with full packaging,Purchased from official store. Invoice and original box included.,Gucci,Cameras,923.3,USD,1023,3.92,1161,7,US,29,0
Verified Apple Sneakers listing,Serial number available. Fast shipping and returns accepted.,Apple,Sneakers,1063.04,USD,747,4.34,242,502,IN,23,0
Verified Rolex Audio listing,Minimal wear. Verified authenticity by trusted reseller.,Rolex,Audio,11865.05,USD,464,3.99,932,317,AE,18,1
Verified Louis Vuitton Sneakers listing,Serial number available. Fast shipping and returns accepted.,Louis Vuitton,Sneakers,1157.42,USD,183,4.21,849,80,CN,17,0
Adidas Watches premium authentic style deal,"DM for wholesale and better price, limited details.",Adidas,Watches,45.29,USD,126,4.26,531,206,CN,17,0
Luxury Bose copy version item,"Factory source stock, no box but same quality as original.",Bose,Cameras,303.61,USD,0,4.03,183,34,IN,10,1
Original Louis Vuitton Audio with full packaging,Minimal wear. Verified authenticity by trusted reseller.,Louis Vuitton,Audio,2935.01,USD,642,4.21,55,264,AE,33,0
Verified Canon Watches listing,Purchased from official store. Invoice and original box included.,Canon,Watches,678.33,USD,168,4.76,675,371,DE,0,0
Original Louis Vuitton Sneakers with full packaging,Minimal wear. Verified authenticity by trusted reseller.,Louis Vuitton,Sneakers,1737.89,USD,1248,4.5,71,94,GB,23,0
Verified Louis Vuitton Handbags listing,Minimal wear. Verified authenticity by trusted reseller.,Louis Vuitton,Handbags,1333.46,USD,784,4.47,698,0,IN,17,0
Verified Nike Electronics listing,Minimal wear. Verified authenticity by trusted reseller.,Nike,Electronics,108.52,USD,603,4.62,237,150,CN,24,0
Adidas Handbags premium 1:1 deal,No receipt available. Perfect copy and hard to tell.,Adidas,Handbags,134.23,USD,349,3.9,919,332,TR,15,0
Sony Watches looks original,No receipt available. Perfect copy and hard to tell.,Sony,Watches,190.19,USD,118,2.85,127,18,DE,3,1
Luxury Rolex looks original item,"Factory source stock, no box but same quality as original.",Rolex,Cameras,1708.4,USD,14,3.25,0,0,TR,23,1
Canon Sneakers in excellent condition,Minimal wear. Verified authenticity by trusted reseller.,Canon,Sneakers,821.3,USD,382,4.43,497,123,IN,17,0
Canon Sneakers in excellent condition,Purchased from official store. Invoice and original box included.,Canon,Sneakers,373.76,USD,0,3.68,1,8,DE,0,1
Original Nike Electronics with full packaging,Serial number available. Fast shipping and returns accepted.,Nike,Electronics,70.56,USD,8,3.21,60,12,DE,1,1
Canon Electronics in excellent condition,Serial number available. Fast shipping and returns accepted.,Canon,Electronics,446.59,USD,46,2.9,112,0,GB,13,1
Samsung Cameras looks original,"DM for wholesale and better price, limited details.",Samsung,Cameras,330.22,USD,137,3.69,0,0,IN,0,1
Luxury Apple factory surplus item,"Factory source stock, no box but same quality as original.",Apple,Cameras,244.73,USD,154,3.5,243,30,US,6,1
Verified Nike Sneakers listing,Purchased from official store. Invoice and original box included.,Nike,Sneakers,140.49,USD,439,4.44,1305,244,US,33,0
Rolex Audio premium discounted luxury deal,No receipt available. Perfect copy and hard to tell.,Rolex,Audio,4847.98,USD,65,3.13,42,0,AE,5,1
Samsung Sneakers no box,"DM for wholesale and better price, limited details.",Samsung,Sneakers,1190.54,USD,100,3.27,54,0,US,10,1
Verified Canon Handbags listing,Minimal wear. Verified authenticity by trusted reseller.,Canon,Handbags,549.02,USD,703,4.87,884,309,GB,28,0
Original Apple Handbags with full packaging,Purchased from official store. Invoice and original box included.,Apple,Handbags,883.45,USD,455,5.0,976,168,IN,23,0
Verified Rolex Electronics listing,Serial number available. Fast shipping and returns accepted.,Rolex,Electronics,11033.05,USD,1545,3.82,872,515,JP,12,0
Gucci Electronics in excellent condition,Minimal wear. Verified authenticity by trusted reseller.,Gucci,Electronics,1198.69,USD,400,4.23,353,125,AE,11,0
Canon Cameras discounted luxury,No receipt available. Perfect copy and hard to tell.,Canon,Cameras,564.92,USD,212,1.56,107,1,AE,14,1
Verified Rolex Audio listing,Serial number available. Fast shipping and returns accepted.,Rolex,Audio,10720.85,USD,87,4.44,1023,501,AE,18,0
Original Gucci Sneakers with full packaging,Minimal wear. Verified authenticity by trusted reseller.,Gucci,Sneakers,457.41,USD,0,3.98,63,52,JP,2,1
Nike Cameras inspired,"DM for wholesale and better price, limited details.",Nike,Cameras,47.57,USD,104,2.39,0,26,IN,3,1
Bose Watches inspired,No receipt available. Perfect copy and hard to tell.,Bose,Watches,727.58,USD,125,3.84,94,26,TR,6,1
Adidas Watches in excellent condition,Minimal wear. Verified authenticity by trusted reseller.,Adidas,Watches,54.62,USD,122,3.05,96,6,DE,2,1
Canon Watches premium copy version deal,No receipt available. Perfect copy and hard to tell.,Canon,Watches,225.26,USD,88,3.7,154,0,DE,0,1
Original Canon Audio with full packaging,Serial number available. Fast shipping and returns accepted.,Canon,Audio,273.62,USD,25,1.78,158,77,US,0,1
Samsung Watches in excellent condition,Serial number available. Fast shipping and returns accepted.,Samsung,Watches,594.68,USD,889,4.15,463,198,CN,14,0
Adidas Sneakers in excellent condition,Purchased from official store. Invoice and original box included.,Adidas,Sneakers,13.98,USD,0,3.53,150,25,GB,0,1
Bose Cameras in excellent condition,Serial number available. Fast shipping and returns accepted.,Bose,Cameras,255.85,USD,954,4.99,1510,142,CN,27,0
Gucci Handbags in excellent condition,Purchased from official store. Invoice and original box included.,Gucci,Handbags,594.84,USD,122,1.94,184,54,US,2,1
Louis Vuitton Electronics no box,"Factory source stock, no box but same quality as original.",Louis Vuitton,Electronics,732.02,USD,48,4.13,34,22,TR,6,1
Original Rolex Electronics with full packaging,Minimal wear. Verified authenticity by trusted reseller.,Rolex,Electronics,10846.36,USD,273,4.99,623,177,CN,29,0
Luxury Adidas without receipt item,No receipt available. Perfect copy and hard to tell.,Adidas,Electronics,43.53,USD,16,2.66,0,0,AE,14,1
Rolex Sneakers in excellent condition,Serial number available. Fast shipping and returns accepted.,Rolex,Sneakers,8681.31,USD,132,3.81,70,198,IN,12,0
Verified Gucci Handbags listing,Minimal wear. Verified authenticity by trusted reseller.,Gucci,Handbags,1318.57,USD,842,4.69,475,430,US,31,0
Bose Watches premium looks original deal,"DM for wholesale and better price, limited details.",Bose,Watches,737.76,USD,16,4.39,0,22,IN,0,1
Verified Adidas Handbags listing,Purchased from official store. Invoice and original box included.,Adidas,Handbags,143.76,USD,358,4.25,992,258,AE,36,0
Canon Cameras in excellent condition,Serial number available. Fast shipping and returns accepted.,Canon,Cameras,742.89,USD,1001,4.54,374,13,CN,9,0
Luxury Rolex without receipt item,"DM for wholesale and better price, limited details.",Rolex,Sneakers,5507.74,USD,81,3.97,102,21,GB,2,1
Nike Electronics in excellent condition,Purchased from official store. Invoice and original box included.,Nike,Electronics,104.75,USD,887,3.79,544,391,CN,7,0
Rolex Audio in excellent condition,Minimal wear. Verified authenticity by trusted reseller.,Rolex,Audio,6294.33,USD,92,5.0,1261,96,IN,0,0
Verified Rolex Audio listing,Serial number available. Fast shipping and returns accepted.,Rolex,Audio,4952.41,USD,0,3.41,163,0,JP,9,1
Original Rolex Watches with full packaging,Serial number available. Fast shipping and returns accepted.,Rolex,Watches,1322.91,USD,245,2.4,90,0,US,0,1
Luxury Adidas mirror quality item,No receipt available. Perfect copy and hard to tell.,Adidas,Sneakers,59.67,USD,10,2.22,68,1,GB,9,1
Samsung Watches looks original,No receipt available. Perfect copy and hard to tell.,Samsung,Watches,398.57,USD,36,3.75,127,35,DE,18,1
Gucci Watches in excellent condition,Purchased from official store. Invoice and original box included.,Gucci,Watches,731.26,USD,233,1.78,170,10,CN,4,1
Verified Nike Cameras listing,Purchased from official store. Invoice and original box included.,Nike,Cameras,138.15,USD,636,4.87,804,0,AE,32,0
Sony Electronics premium mirror quality deal,No receipt available. Perfect copy and hard to tell.,Sony,Electronics,770.77,USD,309,2.65,172,43,US,3,1
Verified Apple Cameras listing,Minimal wear. Verified authenticity by trusted reseller.,Apple,Cameras,783.98,USD,812,4.47,324,223,CN,33,0
Original Nike Audio with full packaging,Purchased from official store. Invoice and original box included.,Nike,Audio,102.42,USD,877,3.68,377,226,GB,21,0
Original Apple Audio with full packaging,Purchased from official store. Invoice and original box included.,Apple,Audio,112.17,USD,139,3.11,131,25,DE,0,1
Verified Louis Vuitton Handbags listing,Minimal wear. Verified authenticity by trusted reseller.,Louis Vuitton,Handbags,1813.27,USD,1032,4.63,556,288,IN,12,0
Original Louis Vuitton Cameras with full packaging,Purchased from official store. Invoice and original box included.,Louis Vuitton,Cameras,1663.8,USD,588,4.56,665,143,DE,35,0
Louis Vuitton Handbags in excellent condition,Purchased from official store. Invoice and original box included.,Louis Vuitton,Handbags,1285.44,USD,459,3.44,702,413,CN,20,0
Apple Handbags in excellent condition,Purchased from official store. Invoice and original box included.,Apple,Handbags,799.12,USD,859,3.72,776,0,TR,32,0
Nike Sneakers in excellent condition,Purchased from official store. Invoice and original box included.,Nike,Sneakers,60.55,USD,0,4.64,1688,199,CN,17,0
Original Gucci Audio with full packaging,Purchased from official store. Invoice and original box included.,Gucci,Audio,1963.51,USD,444,4.64,0,274,US,19,0
Sony Sneakers premium looks original deal,"DM for wholesale and better price, limited details.",Sony,Sneakers,144.42,USD,166,3.52,52,20,DE,12,1
Verified Apple Watches listing,Serial number available. Fast shipping and returns accepted.,Apple,Watches,882.87,USD,199,4.3,424,140,JP,32,0
Verified Gucci Electronics listing,Serial number available. Fast shipping and returns accepted.,Gucci,Electronics,6392.46,USD,181,3.18,208,65,JP,0,1
Original Gucci Audio with full packaging,Serial number available. Fast shipping and returns accepted.,Gucci,Audio,578.56,USD,268,3.44,22,32,IN,13,1
Original Bose Handbags with full packaging,Purchased from official store. Invoice and original box included.,Bose,Handbags,138.93,USD,723,4.08,0,252,DE,40,0
Original Samsung Audio with full packaging,Purchased from official store. Invoice and original box included.,Samsung,Audio,547.72,USD,244,4.05,1141,223,IN,16,0
Luxury Nike mirror quality item,"Factory source stock, no box but same quality as original.",Nike,Watches,15.19,USD,16,3.43,0,74,DE,7,1
Original Louis Vuitton Sneakers with full packaging,Minimal wear. Verified authenticity by trusted reseller.,Louis Vuitton,Sneakers,1559.71,USD,727,4.13,677,120,US,22,0
Original Canon Electronics with full packaging,Purchased from official store. Invoice and original box included.,Canon,Electronics,1076.66,USD,383,4.29,579,540,DE,32,0
Verified Nike Sneakers listing,Serial number available. Fast shipping and returns accepted.,Nike,Sneakers,27.51,USD,82,2.45,0,65,TR,12,1
Verified Nike Electronics listing,Purchased from official store. Invoice and original box included.,Nike,Electronics,68.35,USD,306,4.29,313,41,IN,27,0
Original Apple Electronics with full packaging,Purchased from official store. Invoice and original box included.,Apple,Electronics,863.15,USD,700,4.39,808,389,DE,27,0
Rolex Handbags in excellent condition,Serial number available. Fast shipping and returns accepted.,Rolex,Handbags,11011.77,USD,427,4.58,820,173,DE,12,0
Nike Cameras premium mirror quality deal,No receipt available. Perfect copy and hard to tell.,Nike,Cameras,41.62,USD,96,2.93,0,28,JP,8,1
Verified Bose Handbags listing,Minimal wear. Verified authenticity by trusted reseller.,Bose,Handbags,112.87,USD,0,3.26,0,1,US,8,1
Bose Handbags premium dm for more deal,No receipt available. Perfect copy and hard to tell.,Bose,Handbags,130.41,USD,125,2.93,0,19,TR,14,1
Original Bose Sneakers with full packaging,Minimal wear. Verified authenticity by trusted reseller.,Bose,Sneakers,387.1,USD,424,3.76,911,563,AE,28,0
Original Samsung Sneakers with full packaging,Purchased from official store. Invoice and original box included.,Samsung,Sneakers,664.83,USD,1007,3.89,433,0,IN,26,0
Verified Bose Handbags listing,Purchased from official store. Invoice and original box included.,Bose,Handbags,188.97,USD,0,4.2,4,378,CN,8,0
Original Samsung Cameras with full packaging,Purchased from official store. Invoice and original box included.,Samsung,Cameras,388.16,USD,574,4.37,940,151,TR,12,0
Luxury Apple discounted luxury item,No receipt available. Perfect copy and hard to tell.,Apple,Watches,850.2,USD,528,4.54,392,58,AE,13,0
Original Canon Audio with full packaging,Minimal wear. Verified authenticity by trusted reseller.,Canon,Audio,559.65,USD,196,2.87,102,20,TR,11,1
Original Adidas Cameras with full packaging,Serial number available. Fast shipping and returns accepted.,Adidas,Cameras,53.01,USD,83,3.29,94,64,IN,0,1
Original Canon Electronics with full packaging,Purchased from official store. Invoice and original box included.,Canon,Electronics,2493.9,USD,95,2.81,139,18,JP,3,1
Luxury Sony looks original item,"Factory source stock, no box but same quality as original.",Sony,Electronics,270.85,USD,170,5.0,53,4,CN,13,1
Sony Handbags mirror quality,"Factory source stock, no box but same quality as original.",Sony,Handbags,69.91,USD,65,3.19,22,0,GB,0,1
Original Bose Sneakers with full packaging,Minimal wear. Verified authenticity by trusted reseller.,Bose,Sneakers,268.94,USD,743,4.31,65,228,DE,9,0
Original Nike Electronics with full packaging,Minimal wear. Verified authenticity by trusted reseller.,Nike,Electronics,28.19,USD,0,3.2,76,12,JP,13,1
Gucci Audio in excellent condition,Serial number available. Fast shipping and returns accepted.,Gucci,Audio,474.72,USD,148,2.64,251,15,JP,3,1
Original Adidas Audio with full packaging,Serial number available. Fast shipping and returns accepted.,Adidas,Audio,43.7,USD,392,3.73,0,202,US,18,0
Luxury Canon discounted luxury item,"Factory source stock, no box but same quality as original.",Canon,Watches,368.91,USD,197,2.02,0,37,AE,5,1
Adidas Electronics factory surplus,No receipt available. Perfect copy and hard to tell.,Adidas,Electronics,45.96,USD,27,2.42,64,0,GB,1,1
Luxury Louis Vuitton copy version item,"DM for wholesale and better price, limited details.",Louis Vuitton,Watches,1056.47,USD,112,2.88,0,0,DE,7,1
Apple Handbags in excellent condition,Purchased from official store. Invoice and original box included.,Apple,Handbags,260.15,USD,228,3.71,168,15,US,10,1
Apple Sneakers looks original,"Factory source stock, no box but same quality as original.",Apple,Sneakers,322.16,USD,0,3.18,37,83,TR,10,1
Sony Watches discounted luxury,No receipt available. Perfect copy and hard to tell.,Sony,Watches,178.27,USD,32,1.98,0,36,GB,4,1
Nike Handbags in excellent condition,Purchased from official store. Invoice and original box included.,Nike,Handbags,102.62,USD,621,4.38,281,399,GB,4,0
Gucci Audio without receipt,No receipt available. Perfect copy and hard to tell.,Gucci,Audio,1989.03,USD,704,4.86,604,320,DE,14,0
Verified Sony Watches listing,Minimal wear. Verified authenticity by trusted reseller.,Sony,Watches,422.9,USD,315,4.13,647,373,IN,28,0
Verified Bose Sneakers listing,Serial number available. Fast shipping and returns accepted.,Bose,Sneakers,232.18,USD,907,4.81,1292,118,CN,19,0
Original Canon Sneakers with full packaging,Serial number available. Fast shipping and returns accepted.,Canon,Sneakers,777.98,USD,1002,4.23,0,197,JP,19,0
Verified Apple Sneakers listing,Serial number available. Fast shipping and returns accepted.,Apple,Sneakers,938.72,USD,324,4.19,501,275,JP,28,0
Rolex Electronics in excellent condition,Serial number available. Fast shipping and returns accepted.,Rolex,Electronics,4391.18,USD,144,2.09,28,10,GB,0,1
Luxury Nike 1:1 item,"DM for wholesale and better price, limited details.",Nike,Audio,41.22,USD,64,2.85,356,32,AE,21,1
Verified Adidas Handbags listing,Serial number available. Fast shipping and returns accepted.,Adidas,Handbags,70.3,USD,598,4.91,487,213,DE,33,0
Verified Apple Watches listing,Purchased from official store. Invoice and original box included.,Apple,Watches,556.59,USD,61,4.62,0,0,GB,3,1
Original Samsung Watches with full packaging,Serial number available. Fast shipping and returns accepted.,Samsung,Watches,634.44,USD,727,4.72,0,363,TR,16,0
Verified Apple Electronics listing,Minimal wear. Verified authenticity by trusted reseller.,Apple,Electronics,790.18,USD,339,4.13,664,244,CN,11,0
Original Adidas Audio with full packaging,Serial number available. Fast shipping and returns accepted.,Adidas,Audio,120.42,USD,1,4.63,614,353,DE,22,0
Apple Sneakers premium looks original deal,"DM for wholesale and better price, limited details.",Apple,Sneakers,446.81,USD,115,3.86,224,0,US,0,1
Verified Louis Vuitton Cameras listing,Minimal wear. Verified authenticity by trusted reseller.,Louis Vuitton,Cameras,1738.71,USD,219,4.11,0,362,DE,30,0
Verified Louis Vuitton Cameras listing,Serial number available. Fast shipping and returns accepted.,Louis Vuitton,Cameras,226.73,USD,56,2.39,231,5,US,0,1
Original Louis Vuitton Electronics with full packaging,Minimal wear. Verified authenticity by trusted reseller.,Louis Vuitton,Electronics,873.09,USD,180,4.12,684,434,GB,30,0
Original Sony Handbags with full packaging,Purchased from official store. Invoice and original box included.,Sony,Handbags,258.43,USD,849,3.44,308,256,AE,6,0
Original Rolex Electronics with full packaging,Serial number available. Fast shipping and returns accepted.,Rolex,Electronics,10979.32,USD,364,4.75,939,194,US,16,0
Apple Handbags 1:1,"DM for wholesale and better price, limited details.",Apple,Handbags,2585.37,USD,0,3.27,0,17,DE,11,1
Canon Cameras in excellent condition,Minimal wear. Verified authenticity by trusted reseller.,Canon,Cameras,775.05,USD,0,4.33,893,267,TR,12,0
Nike Cameras premium without receipt deal,"Factory source stock, no box but same quality as original.",Nike,Cameras,54.98,USD,267,3.27,0,12,US,3,1
Adidas Cameras replica,"Factory source stock, no box but same quality as original.",Adidas,Cameras,73.09,USD,62,3.92,48,29,DE,7,1
Rolex Sneakers authentic style,No receipt available. Perfect copy and hard to tell.,Rolex,Sneakers,4377.79,USD,161,3.29,192,0,GB,21,1
Louis Vuitton Audio premium looks original deal,No receipt available. Perfect copy and hard to tell.,Louis Vuitton,Audio,1034.69,USD,197,2.48,18,46,US,10,1
Nike Cameras in excellent condition,Minimal wear. Verified authenticity by trusted reseller.,Nike,Cameras,106.77,USD,0,4.01,86,201,TR,29,0
Verified Nike Handbags listing,Serial number available. Fast shipping and returns accepted.,Nike,Handbags,131.46,USD,1001,4.22,1303,56,AE,18,0
Original Apple Electronics with full packaging,Purchased from official store. Invoice and original box included.,Apple,Electronics,405.74,USD,58,4.06,126,17,CN,6,1
Verified Adidas Electronics listing,Purchased from official store. Invoice and original box included.,Adidas,Electronics,49.16,USD,23,3.43,8,22,DE,16,1
Original Sony Electronics with full packaging,Purchased from official store. Invoice and original box included.,Sony,Electronics,421.01,USD,247,3.67,588,442,GB,18,0
Bose Sneakers premium no box deal,"Factory source stock, no box but same quality as original.",Bose,Sneakers,172.38,USD,115,3.32,0,0,JP,5,1
Original Adidas Electronics with full packaging,Minimal wear. Verified authenticity by trusted reseller.,Adidas,Electronics,74.49,USD,219,3.37,155,0,TR,17,1
Nike Electronics in excellent condition,Serial number available. Fast shipping and returns accepted.,Nike,Electronics,135.3,USD,657,4.52,340,0,GB,12,0
Louis Vuitton Electronics premium factory surplus deal,No receipt available. Perfect copy and hard to tell.,Louis Vuitton,Electronics,4584.48,USD,0,3.77,59,82,TR,4,1
Verified Gucci Cameras listing,Serial number available. Fast shipping and returns accepted.,Gucci,Cameras,1910.26,USD,1040,4.09,530,139,DE,32,0
Original Louis Vuitton Handbags with full packaging,Minimal wear. Verified authenticity by trusted reseller.,Louis Vuitton,Handbags,2608.53,USD,962,4.7,859,440,IN,18,0
Original Canon Handbags with full packaging,Serial number available. Fast shipping and returns accepted.,Canon,Handbags,892.02,USD,1534,4.08,512,129,GB,15,0
Original Louis Vuitton Audio with full packaging,Purchased from official store. Invoice and original box included.,Louis Vuitton,Audio,4311.56,USD,172,3.76,52,0,US,12,0
Luxury Gucci authentic style item,"DM for wholesale and better price, limited details.",Gucci,Sneakers,728.96,USD,52,2.34,187,34,IN,8,1
Adidas Watches premium no box deal,No receipt available. Perfect copy and hard to tell.,Adidas,Watches,209.67,USD,16,3.73,148,30,CN,14,1
Apple Handbags premium replica deal,"DM for wholesale and better price, limited details.",Apple,Handbags,1965.41,USD,15,3.71,12,54,DE,0,1
Verified Nike Watches listing,Serial number available. Fast shipping and returns accepted.,Nike,Watches,44.15,USD,171,3.08,0,0,CN,5,1
Bose Cameras premium inspired deal,"Factory source stock, no box but same quality as original.",Bose,Cameras,89.21,USD,42,3.94,0,18,DE,4,1
Original Apple Electronics with full packaging,Minimal wear. Verified authenticity by trusted reseller.,Apple,Electronics,136.89,USD,61,2.9,174,36,GB,5,1
Nike Sneakers premium dm for more deal,No receipt available. Perfect copy and hard to tell.,Nike,Sneakers,187.45,USD,173,3.15,0,0,GB,10,1
Verified Canon Watches listing,Serial number available. Fast shipping and returns accepted.,Canon,Watches,230.63,USD,74,3.31,0,0,JP,8,1
Original Adidas Watches with full packaging,Minimal wear. Verified authenticity by trusted reseller.,Adidas,Watches,68.51,USD,23,2.87,0,12,DE,9,1
Original Nike Audio with full packaging,Minimal wear. Verified authenticity by trusted reseller.,Nike,Audio,71.6,USD,467,5.0,1277,271,US,19,0
Gucci Electronics premium without receipt deal,No receipt available. Perfect copy and hard to tell.,Gucci,Electronics,191.4,USD,64,3.15,126,1,GB,5,1
Apple Watches premium factory surplus deal,No receipt available. Perfect copy and hard to tell.,Apple,Watches,435.12,USD,124,2.05,117,0,CN,20,1
Nike Cameras factory surplus,"DM for wholesale and better price, limited details.",Nike,Cameras,85.61,USD,189,3.03,0,0,TR,0,1
Original Apple Handbags with full packaging,Purchased from official store. Invoice and original box included.,Apple,Handbags,690.53,USD,953,4.46,162,76,JP,44,0
Luxury Sony dm for more item,"DM for wholesale and better price, limited details.",Sony,Watches,96.31,USD,146,2.89,42,38,TR,5,1
Verified Apple Sneakers listing,Purchased from official store. Invoice and original box included.,Apple,Sneakers,1067.79,USD,72,4.87,481,582,GB,1,0
Verified Bose Electronics listing,Purchased from official store. Invoice and original box included.,Bose,Electronics,143.31,USD,0,3.34,224,33,GB,7,1
Original Nike Handbags with full packaging,Serial number available. Fast shipping and returns accepted.,Nike,Handbags,145.87,USD,176,4.1,186,735,GB,29,0
Verified Rolex Sneakers listing,Purchased from official store. Invoice and original box included.,Rolex,Sneakers,5544.76,USD,34,3.41,82,0,IN,0,1
Canon Electronics in excellent condition,Minimal wear. Verified authenticity by trusted reseller.,Canon,Electronics,603.41,USD,1,3.64,152,9,TR,7,1
Louis Vuitton Handbags in excellent condition,Minimal wear. Verified authenticity by trusted reseller.,Louis Vuitton,Handbags,706.47,USD,29,2.29,190,39,CN,4,1
Original Nike Audio with full packaging,Minimal wear. Verified authenticity by trusted reseller.,Nike,Audio,123.24,USD,277,4.46,515,131,AE,23,0
Samsung Sneakers in excellent condition,Serial number available. Fast shipping and returns accepted.,Samsung,Sneakers,861.26,USD,570,3.82,97,151,AE,33,0
Rolex Handbags looks original,No receipt available. Perfect copy and hard to tell.,Rolex,Handbags,25006.57,USD,0,3.48,0,3,IN,13,1
Luxury Louis Vuitton copy version item,"DM for wholesale and better price, limited details.",Louis Vuitton,Audio,784.5,USD,158,2.79,41,8,US,7,1
Sony Watches in excellent condition,Minimal wear. Verified authenticity by trusted reseller.,Sony,Watches,280.43,USD,1043,4.4,1399,585,JP,36,0
Sony Sneakers in excellent condition,Minimal wear. Verified authenticity by trusted reseller.,Sony,Sneakers,166.48,USD,48,2.91,31,29,GB,23,1
Verified Bose Electronics listing,Minimal wear. Verified authenticity by trusted reseller.,Bose,Electronics,204.49,USD,806,4.55,572,141,TR,11,0
Verified Adidas Electronics listing,Purchased from official store. Invoice and original box included.,Adidas,Electronics,92.45,USD,549,4.65,900,292,IN,21,0
Verified Samsung Watches listing,Purchased from official store. Invoice and original box included.,Samsung,Watches,837.74,USD,171,4.01,1079,83,US,21,0
Verified Louis Vuitton Handbags listing,Minimal wear. Verified authenticity by trusted reseller.,Louis Vuitton,Handbags,2135.67,USD,637,3.68,746,558,AE,20,0
Samsung Electronics in excellent condition,Minimal wear. Verified authenticity by trusted reseller.,Samsung,Electronics,319.83,USD,618,4.26,1205,378,CN,15,0
Adidas Watches in excellent condition,Serial number available. Fast shipping and returns accepted.,Adidas,Watches,92.17,USD,429,3.99,959,253,DE,9,0
Original Louis Vuitton Sneakers with full packaging,Minimal wear. Verified authenticity by trusted reseller.,Louis Vuitton,Sneakers,650.69,USD,126,1.85,175,16,TR,10,1
Luxury Canon replica item,"Factory source stock, no box but same quality as original.",Canon,Handbags,561.3,USD,0,3.59,38,34,US,11,1
Gucci Electronics wholesale lot,"Factory source stock, no box but same quality as original.",Gucci,Electronics,723.42,USD,116,3.41,0,35,GB,19,1
Rolex Audio in excellent condition,Purchased from official store. Invoice and original box included.,Rolex,Audio,9859.56,USD,1105,3.97,1374,0,AE,20,0
Apple Cameras in excellent condition,Serial number available. Fast shipping and returns accepted.,Apple,Cameras,558.88,USD,0,3.33,57,21,GB,4,1
Original Apple Electronics with full packaging,Purchased from official store. Invoice and original box included.,Apple,Electronics,754.66,USD,641,4.38,0,525,CN,0,0
Verified Louis Vuitton Handbags listing,Purchased from official store. Invoice and original box included.,Louis Vuitton,Handbags,1400.69,USD,380,4.28,919,498,JP,19,0
Verified Bose Watches listing,Purchased from official store. Invoice and original box included.,Bose,Watches,340.26,USD,862,4.01,758,444,JP,11,0
Original Apple Sneakers with full packaging,Minimal wear. Verified authenticity by trusted reseller.,Apple,Sneakers,943.33,USD,1306,4.42,107,261,GB,24,0
Apple Handbags in excellent condition,Serial number available. Fast shipping and returns accepted.,Apple,Handbags,966.72,USD,0,4.68,623,202,GB,20,0
Verified Gucci Electronics listing,Minimal wear. Verified authenticity by trusted reseller.,Gucci,Electronics,1613.71,USD,570,3.4,1312,324,TR,22,0
Adidas Electronics dm for more,"DM for wholesale and better price, limited details.",Adidas,Electronics,309.17,USD,198,4.6,0,1,AE,9,1
Rolex Handbags in excellent condition,Serial number available. Fast shipping and returns accepted.,Rolex,Handbags,6361.84,USD,56,3.52,96,18,US,1,1
Nike Handbags in excellent condition,Serial number available. Fast shipping and returns accepted.,Nike,Handbags,162.26,USD,425,3.17,0,0,TR,17,0
Original Nike Handbags with full packaging,Serial number available. Fast shipping and returns accepted.,Nike,Handbags,113.34,USD,149,3.95,446,47,GB,7,0
Original Louis Vuitton Audio with full packaging,Serial number available. Fast shipping and returns accepted.,Louis Vuitton,Audio,1050.31,USD,8,3.42,190,41,GB,8,1
Verified Louis Vuitton Watches listing,Serial number available. Fast shipping and returns accepted.,Louis Vuitton,Watches,2980.69,USD,0,5.0,930,0,GB,22,0
Verified Samsung Handbags listing,Purchased from official store. Invoice and original box included.,Samsung,Handbags,481.85,USD,159,4.04,20,37,IN,23,1
Louis Vuitton Watches dm for more,"Factory source stock, no box but same quality as original.",Louis Vuitton,Watches,151.5,USD,21,4.81,15,16,CN,15,1
Gucci Cameras premium without receipt deal,"Factory source stock, no box but same quality as original.",Gucci,Cameras,1022.05,USD,0,2.54,0,7,IN,0,1
Louis Vuitton Sneakers in excellent condition,Purchased from official store. Invoice and original box included.,Louis Vuitton,Sneakers,1134.17,USD,287,4.75,781,373,IN,47,0
Original Rolex Sneakers with full packaging,Serial number available. Fast shipping and returns accepted.,Rolex,Sneakers,10058.72,USD,0,4.94,681,305,CN,26,0
Original Sony Audio with full packaging,Minimal wear. Verified authenticity by trusted reseller.,Sony,Audio,302.83,USD,2,4.93,319,83,US,16,0
Rolex Sneakers in excellent condition,Minimal wear. Verified authenticity by trusted reseller.,Rolex,Sneakers,10488.67,USD,1049,5.0,565,646,US,22,0
Verified Louis Vuitton Electronics listing,Serial number available. Fast shipping and returns accepted.,Louis Vuitton,Electronics,375.42,USD,86,4.08,0,0,IN,0,1
Louis Vuitton Electronics in excellent condition,Serial number available. Fast shipping and returns accepted.,Louis Vuitton,Electronics,303.25,USD,0,2.85,0,0,CN,0,1
Gucci Cameras premium replica deal,No receipt available. Perfect copy and hard to tell.,Gucci,Cameras,480.14,USD,0,3.56,79,16,CN,18,1
Apple Electronics in excellent condition,Purchased from official store. Invoice and original box included.,Apple,Electronics,201.4,USD,82,1.94,102,4,IN,5,1
Gucci Cameras in excellent condition,Minimal wear. Verified authenticity by trusted reseller.,Gucci,Cameras,1588.81,USD,832,4.67,457,446,JP,25,0
Original Samsung Watches with full packaging,Serial number available. Fast shipping and returns accepted.,Samsung,Watches,916.2,USD,0,4.4,868,180,DE,33,0
Original Samsung Audio with full packaging,Minimal wear. Verified authenticity by trusted reseller.,Samsung,Audio,258.89,USD,0,3.42,92,18,IN,7,1
Bose Sneakers in excellent condition,Serial number available. Fast shipping and returns accepted.,Bose,Sneakers,264.29,USD,537,4.27,808,383,TR,11,0
Luxury Bose mirror quality item,"Factory source stock, no box but same quality as original.",Bose,Cameras,117.5,USD,102,4.02,14,17,AE,12,1
Rolex Handbags in excellent condition,Minimal wear. Verified authenticity by trusted reseller.,Rolex,Handbags,8028.48,USD,451,5.0,180,271,DE,24,0
Sony Watches in excellent condition,Serial number available. Fast shipping and returns accepted.,Sony,Watches,1483.11,USD,188,2.53,0,0,IN,5,1
Gucci Handbags in excellent condition,Minimal wear. Verified authenticity by trusted reseller.,Gucci,Handbags,1185.87,USD,635,4.67,944,358,AE,21,0
Luxury Gucci copy version item,"DM for wholesale and better price, limited details.",Gucci,Electronics,533.85,USD,69,1.74,27,67,IN,8,1
Sony Cameras inspired,"Factory source stock, no box but same quality as original.",Sony,Cameras,201.26,USD,0,3.22,0,23,GB,1,1
Luxury Bose without receipt item,"Factory source stock, no box but same quality as original.",Bose,Cameras,433.32,USD,64,3.46,0,3,DE,7,1
Louis Vuitton Electronics in excellent condition,Serial number available. Fast shipping and returns accepted.,Louis Vuitton,Electronics,1487.15,USD,387,4.74,206,595,JP,9,0
Verified Louis Vuitton Sneakers listing,Purchased from official store. Invoice and original box included.,Louis Vuitton,Sneakers,1722.29,USD,988,4.88,120,123,IN,29,0
Original Nike Sneakers with full packaging,Minimal wear. Verified authenticity by trusted reseller.,Nike,Sneakers,120.44,USD,286,4.41,1249,213,IN,7,0
Gucci Audio premium copy version deal,No receipt available. Perfect copy and hard to tell.,Gucci,Audio,681.35,USD,0,2.51,32,35,US,2,1
Adidas Watches in excellent condition,Serial number available. Fast shipping and returns accepted.,Adidas,Watches,93.7,USD,334,4.48,366,537,CN,30,0
Canon Electronics in excellent condition,Serial number available. Fast shipping and returns accepted.,Canon,Electronics,674.9,USD,637,4.6,325,212,DE,20,0
Verified Nike Electronics listing,Purchased from official store. Invoice and original box included.,Nike,Electronics,10.0,USD,87,3.24,158,0,DE,12,1
Verified Apple Watches listing,Purchased from official store. Invoice and original box included.,Apple,Watches,1098.09,USD,0,4.9,242,239,GB,18,0
Original Adidas Watches with full packaging,Purchased from official store. Invoice and original box included.,Adidas,Watches,105.83,USD,558,3.76,861,463,US,18,0
Original Gucci Audio with full packaging,Purchased from official store. Invoice and original box included.,Gucci,Audio,2435.03,USD,392,4.02,1105,310,JP,35,0
Nike Electronics in excellent condition,Serial number available. Fast shipping and returns accepted.,Nike,Electronics,147.74,USD,379,5.0,300,286,US,0,0
Apple Handbags in excellent condition,Serial number available. Fast shipping and returns accepted.,Apple,Handbags,730.23,USD,14,3.53,148,258,IN,14,0
Louis Vuitton Handbags in excellent condition,Purchased from official store. Invoice and original box included.,Louis Vuitton,Handbags,392.77,USD,139,2.58,0,1,IN,11,1
Original Louis Vuitton Audio with full packaging,Purchased from official store. Invoice and original box included.,Louis Vuitton,Audio,2119.84,USD,111,5.0,712,118,US,26,0
Original Canon Watches with full packaging,Serial number available. Fast shipping and returns accepted.,Canon,Watches,432.29,USD,0,2.63,238,40,CN,0,1
Verified Apple Watches listing,Minimal wear. Verified authenticity by trusted reseller.,Apple,Watches,246.34,USD,131,3.41,0,0,AE,4,1
Luxury Nike dm for more item,No receipt available. Perfect copy and hard to tell.,Nike,Cameras,46.53,USD,239,3.17,21,22,DE,8,1
Sony Cameras in excellent condition,Minimal wear. Verified authenticity by trusted reseller.,Sony,Cameras,185.24,USD,980,3.99,676,323,GB,24,0
Original Louis Vuitton Audio with full packaging,Minimal wear. Verified authenticity by trusted reseller.,Louis Vuitton,Audio,598.45,USD,65,2.16,164,0,US,13,1
Original Adidas Audio with full packaging,Minimal wear. Verified authenticity by trusted reseller.,Adidas,Audio,20.19,USD,1372,4.56,782,121,TR,0,0
Sony Electronics premium inspired deal,No receipt available. Perfect copy and hard to tell.,Sony,Electronics,193.03,USD,138,2.83,19,0,CN,0,1
Verified Samsung Watches listing,Minimal wear. Verified authenticity by trusted reseller.,Samsung,Watches,98.21,USD,0,3.17,0,59,AE,19,1
Verified Apple Electronics listing,Serial number available. Fast shipping and returns accepted.,Apple,Electronics,363.95,USD,92,2.04,82,31,CN,9,1
Original Apple Electronics with full packaging,Purchased from official store. Invoice and original box included.,Apple,Electronics,1078.51,USD,251,4.06,1119,186,DE,10,0
Apple Audio mirror quality,"DM for wholesale and better price, limited details.",Apple,Audio,523.52,USD,67,4.58,244,0,DE,0,1
Bose Sneakers in excellent condition,Serial number available. Fast shipping and returns accepted.,Bose,Sneakers,198.93,USD,95,4.67,696,342,CN,27,0
Verified Rolex Audio listing,Minimal wear. Verified authenticity by trusted reseller.,Rolex,Audio,3986.26,USD,268,4.97,105,549,US,5,0
Bose Watches in excellent condition,Purchased from official store. Invoice and original box included.,Bose,Watches,276.29,USD,1016,3.7,581,463,JP,32,0
Louis Vuitton Sneakers in excellent condition,Purchased from official store. Invoice and original box included.,Louis Vuitton,Sneakers,1127.47,USD,880,4.63,223,384,DE,41,0
Samsung Cameras in excellent condition,Purchased from official store. Invoice and original box included.,Samsung,Cameras,692.74,USD,821,4.21,226,198,JP,22,0
Verified Samsung Handbags listing,Purchased from official store. Invoice and original box included.,Samsung,Handbags,635.36,USD,0,4.33,532,172,JP,30,0
Verified Gucci Audio listing,Serial number available. Fast shipping and returns accepted.,Gucci,Audio,1240.58,USD,690,4.38,459,243,JP,18,0
Bose Watches in excellent condition,Purchased from official store. Invoice and original box included.,Bose,Watches,250.28,USD,754,5.0,966,333,CN,37,0
Rolex Electronics in excellent condition,Purchased from official store. Invoice and original box included.,Rolex,Electronics,10083.57,USD,635,4.4,140,148,US,24,0
Luxury Samsung looks original item,No receipt available. Perfect copy and hard to tell.,Samsung,Audio,235.48,USD,41,3.16,0,21,GB,15,1
Louis Vuitton Handbags without receipt,"DM for wholesale and better price, limited details.",Louis Vuitton,Handbags,582.2,USD,130,2.27,307,0,US,8,1
Original Sony Handbags with full packaging,Minimal wear. Verified authenticity by trusted reseller.,Sony,Handbags,440.12,USD,609,4.28,1272,449,DE,18,0
Apple Sneakers premium no box deal,No receipt available. Perfect copy and hard to tell.,Apple,Sneakers,509.96,USD,62,2.09,105,36,GB,1,1
Original Sony Electronics with full packaging,Purchased from official store. Invoice and original box included.,Sony,Electronics,534.43,USD,1147,4.02,1717,325,GB,33,0
Original Apple Electronics with full packaging,Minimal wear. Verified authenticity by trusted reseller.,Apple,Electronics,783.44,USD,1313,4.05,879,401,GB,18,0
Bose Watches in excellent condition,Minimal wear. Verified authenticity by trusted reseller.,Bose,Watches,120.52,USD,119,3.27,157,11,DE,4,1
Louis Vuitton Electronics copy version,No receipt available. Perfect copy and hard to tell.,Louis Vuitton,Electronics,225.85,USD,0,4.79,100,6,IN,12,1
Original Samsung Watches with full packaging,Serial number available. Fast shipping and returns accepted.,Samsung,Watches,352.2,USD,5,3.27,106,21,IN,0,1
Original Samsung Watches with full packaging,Serial number available. Fast shipping and returns accepted.,Samsung,Watches,767.73,USD,526,4.74,1105,310,TR,3,0
Original Nike Watches with full packaging,Purchased from official store. Invoice and original box included.,Nike,Watches,59.92,USD,59,3.64,0,35,IN,8,1
Rolex Sneakers in excellent condition,Minimal wear. Verified authenticity by trusted reseller.,Rolex,Sneakers,11194.11,USD,557,4.05,370,578,CN,24,0
Samsung Watches in excellent condition,Minimal wear. Verified authenticity by trusted reseller.,Samsung,Watches,579.06,USD,13,3.84,90,0,GB,0,1
Original Nike Handbags with full packaging,Purchased from official store. Invoice and original box included.,Nike,Handbags,77.65,USD,1223,5.0,710,190,AE,42,0
Nike Handbags in excellent condition,Purchased from official store. Invoice and original box included.,Nike,Handbags,61.08,USD,181,3.69,0,0,GB,0,1
Original Adidas Watches with full packaging,Serial number available. Fast shipping and returns accepted.,Adidas,Watches,79.81,USD,62,4.33,647,494,IN,12,0
Original Louis Vuitton Handbags with full packaging,Minimal wear. Verified authenticity by trusted reseller.,Louis Vuitton,Handbags,2094.64,USD,266,4.1,0,170,CN,45,0
Louis Vuitton Watches in excellent condition,Minimal wear. Verified authenticity by trusted reseller.,Louis Vuitton,Watches,1459.92,USD,609,3.81,603,3,CN,21,0
Luxury Samsung 1:1 item,No receipt available. Perfect copy and hard to tell.,Samsung,Cameras,386.28,USD,97,3.52,58,5,US,10,1
Original Adidas Audio with full packaging,Serial number available. Fast shipping and returns accepted.,Adidas,Audio,75.12,USD,1314,4.1,1089,279,TR,17,0
Bose Watches in excellent condition,Minimal wear. Verified authenticity by trusted reseller.,Bose,Watches,41.62,USD,1007,4.72,0,417,TR,34,0
Samsung Sneakers in excellent condition,Serial number available. Fast shipping and returns accepted.,Samsung,Sneakers,749.39,USD,427,4.77,944,110,IN,18,0
Canon Cameras authentic style,"DM for wholesale and better price, limited details.",Canon,Cameras,819.37,USD,690,4.7,727,0,AE,38,0
Canon Handbags in excellent condition,Minimal wear. Verified authenticity by trusted reseller.,Canon,Handbags,617.95,USD,887,4.14,284,189,DE,18,0
Samsung Cameras premium dm for more deal,No receipt available. Perfect copy and hard to tell.,Samsung,Cameras,1999.6,USD,213,3.86,325,5,TR,13,1
Original Louis Vuitton Sneakers with full packaging,Serial number available. Fast shipping and returns accepted.,Louis Vuitton,Sneakers,72.7,USD,30,3.95,0,76,DE,9,1
Verified Bose Watches listing,Serial number available. Fast shipping and returns accepted.,Bose,Watches,278.56,USD,903,3.83,528,245,AE,13,0
Nike Audio in excellent condition,Purchased from official store. Invoice and original box included.,Nike,Audio,60.08,USD,0,3.5,0,9,DE,0,1
Samsung Sneakers in excellent condition,Serial number available. Fast shipping and returns accepted.,Samsung,Sneakers,624.27,USD,0,4.23,764,188,TR,0,0
Original Louis Vuitton Handbags with full packaging,Purchased from official store. Invoice and original box included.,Louis Vuitton,Handbags,1813.8,USD,1121,4.44,307,0,CN,31,0
Louis Vuitton Cameras in excellent condition,Purchased from official store. Invoice and original box included.,Louis Vuitton,Cameras,1961.84,USD,77,4.65,810,493,CN,34,1
Luxury Nike factory surplus item,No receipt available. Perfect copy and hard to tell.,Nike,Handbags,101.21,USD,424,3.98,605,226,US,0,0
Bose Cameras in excellent condition,Minimal wear. Verified authenticity by trusted reseller.,Bose,Cameras,120.51,USD,142,3.12,0,14,IN,14,1
Original Apple Watches with full packaging,Serial number available. Fast shipping and returns accepted.,Apple,Watches,777.3,USD,486,4.33,1040,552,US,35,0
Bose Handbags replica,"Factory source stock, no box but same quality as original.",Bose,Handbags,177.83,USD,0,3.75,0,50,CN,6,1
Apple Sneakers dm for more,No receipt available. Perfect copy and hard to tell.,Apple,Sneakers,544.2,USD,36,2.59,293,40,GB,1,1
Bose Watches in excellent condition,Minimal wear. Verified authenticity by trusted reseller.,Bose,Watches,227.72,USD,1036,4.2,88,165,DE,17,0
Louis Vuitton Watches in excellent condition,Minimal wear. Verified authenticity by trusted reseller.,Louis Vuitton,Watches,2226.33,USD,705,4.09,758,485,JP,12,0
Gucci Sneakers in excellent condition,Minimal wear. Verified authenticity by trusted reseller.,Gucci,Sneakers,1843.82,USD,830,5.0,827,141,DE,46,0
Original Sony Electronics with full packaging,Serial number available. Fast shipping and returns accepted.,Sony,Electronics,158.55,USD,0,4.34,67,23,TR,21,1
Original Nike Cameras with full packaging,Serial number available. Fast shipping and returns accepted.,Nike,Cameras,35.69,USD,105,3.34,156,51,DE,2,1
Luxury Gucci looks original item,"Factory source stock, no box but same quality as original.",Gucci,Handbags,1568.03,USD,288,4.22,0,80,US,17,0
Apple Audio in excellent condition,Purchased from official store. Invoice and original box included.,Apple,Audio,789.41,USD,1027,4.13,803,235,CN,33,0
Gucci Sneakers in excellent condition,Purchased from official store. Invoice and original box included.,Gucci,Sneakers,1131.51,USD,417,5.0,879,102,GB,30,0
Rolex Watches in excellent condition,Minimal wear. Verified authenticity by trusted reseller.,Rolex,Watches,8382.32,USD,792,5.0,538,254,CN,11,0
Adidas Cameras 1:1,No receipt available. Perfect copy and hard to tell.,Adidas,Cameras,34.39,USD,162,3.09,0,50,GB,0,1
Luxury Gucci 1:1 item,No receipt available. Perfect copy and hard to tell.,Gucci,Handbags,1480.06,USD,369,4.48,325,272,IN,21,0
Verified Louis Vuitton Electronics listing,Serial number available. Fast shipping and returns accepted.,Louis Vuitton,Electronics,994.18,USD,1329,4.39,694,109,IN,32,0
Original Gucci Sneakers with full packaging,Minimal wear. Verified authenticity by trusted reseller.,Gucci,Sneakers,1259.63,USD,364,4.03,255,367,CN,0,0
Louis Vuitton Audio in excellent condition,Serial number available. Fast shipping and returns accepted.,Louis Vuitton,Audio,1680.4,USD,130,3.57,237,326,AE,39,0
Samsung Sneakers in excellent condition,Purchased from official store. Invoice and original box included.,Samsung,Sneakers,826.66,USD,369,3.99,0,521,IN,43,0
Bose Audio premium no box deal,"DM for wholesale and better price, limited details.",Bose,Audio,116.13,USD,0,3.84,204,48,DE,10,1
Original Apple Watches with full packaging,Serial number available. Fast shipping and returns accepted.,Apple,Watches,1094.99,USD,0,4.21,732,0,CN,15,0
Adidas Sneakers without receipt,"Factory source stock, no box but same quality as original.",Adidas,Sneakers,113.41,USD,775,4.45,960,105,AE,0,0
Original Gucci Handbags with full packaging,Minimal wear. Verified authenticity by trusted reseller.,Gucci,Handbags,1561.04,USD,792,4.07,0,361,CN,35,0
Original Sony Audio with full packaging,Serial number available. Fast shipping and returns accepted.,Sony,Audio,394.89,USD,380,3.97,1080,0,AE,19,0
Verified Rolex Electronics listing,Minimal wear. Verified authenticity by trusted reseller.,Rolex,Electronics,8484.95,USD,45,3.79,209,43,US,12,1
Verified Adidas Cameras listing,Serial number available. Fast shipping and returns accepted.,Adidas,Cameras,74.72,USD,451,4.62,140,340,CN,14,0
Nike Cameras premium mirror quality deal,No receipt available. Perfect copy and hard to tell.,Nike,Cameras,114.96,USD,274,4.39,638,341,AE,21,0
Samsung Electronics dm for more,"Factory source stock, no box but same quality as original.",Samsung,Electronics,743.49,USD,713,4.62,295,341,CN,23,0
Rolex Handbags in excellent condition,Purchased from official store. Invoice and original box included.,Rolex,Handbags,12087.87,USD,544,3.79,914,345,JP,24,0
Original Sony Audio with full packaging,Purchased from official store. Invoice and original box included.,Sony,Audio,408.36,USD,0,4.69,569,0,CN,18,1
Sony Cameras wholesale lot,"Factory source stock, no box but same quality as original.",Sony,Cameras,172.99,USD,0,3.77,120,11,JP,0,1
Sony Audio in excellent condition,Serial number available. Fast shipping and returns accepted.,Sony,Audio,371.81,USD,577,3.85,462,264,US,27,0
Gucci Cameras premium 1:1 deal,"DM for wholesale and better price, limited details.",Gucci,Cameras,779.99,USD,11,2.85,113,3,AE,0,1
Luxury Gucci factory surplus item,"Factory source stock, no box but same quality as original.",Gucci,Handbags,1496.5,USD,780,4.04,637,275,JP,20,0
Gucci Audio premium without receipt deal,"DM for wholesale and better price, limited details.",Gucci,Audio,46.69,USD,180,2.0,103,83,CN,6,1
Luxury Nike dm for more item,"DM for wholesale and better price, limited details.",Nike,Audio,223.1,USD,64,2.42,56,6,US,7,1
Apple Watches in excellent condition,Minimal wear. Verified authenticity by trusted reseller.,Apple,Watches,476.99,USD,678,4.41,1114,0,GB,13,0
Verified Apple Audio listing,Serial number available. Fast shipping and returns accepted.,Apple,Audio,241.62,USD,0,3.8,139,14,TR,5,1
Original Apple Handbags with full packaging,Purchased from official store. Invoice and original box included.,Apple,Handbags,1073.99,USD,758,4.1,991,61,AE,23,0
Original Apple Watches with full packaging,Serial number available. Fast shipping and returns accepted.,Apple,Watches,623.05,USD,615,4.81,1124,418,JP,25,0
Original Rolex Sneakers with full packaging,Minimal wear. Verified authenticity by trusted reseller.,Rolex,Sneakers,8975.61,USD,222,4.18,656,0,JP,29,0
Apple Electronics in excellent condition,Minimal wear. Verified authenticity by trusted reseller.,Apple,Electronics,591.55,USD,0,3.89,861,202,DE,15,0
Original Louis Vuitton Cameras with full packaging,Minimal wear. Verified authenticity by trusted reseller.,Louis Vuitton,Cameras,2120.43,USD,173,4.97,1023,369,CN,18,0
Original Nike Audio with full packaging,Minimal wear. Verified authenticity by trusted reseller.,Nike,Audio,330.33,USD,90,1.88,114,34,TR,0,1
Luxury Samsung inspired item,"DM for wholesale and better price, limited details.",Samsung,Watches,449.33,USD,112,3.91,0,11,US,0,1
Original Gucci Electronics with full packaging,Purchased from official store. Invoice and original box included.,Gucci,Electronics,1729.17,USD,512,3.97,1057,116,CN,31,0
Verified Louis Vuitton Cameras listing,Serial number available. Fast shipping and returns accepted.,Louis Vuitton,Cameras,2139.21,USD,250,4.27,1484,278,TR,26,0
Original Apple Cameras with full packaging,Purchased from official store. Invoice and original box included.,Apple,Cameras,733.85,USD,331,4.4,1310,300,CN,39,0
Original Bose Watches with full packaging,Purchased from official store. Invoice and original box included.,Bose,Watches,195.26,USD,324,4.66,5,331,CN,13,0
Canon Electronics in excellent condition,Minimal wear. Verified authenticity by trusted reseller.,Canon,Electronics,513.74,USD,47,3.88,30,0,TR,7,1
Sony Sneakers in excellent condition,Purchased from official store. Invoice and original box included.,Sony,Sneakers,381.52,USD,462,4.64,836,174,GB,29,0
Gucci Watches premium wholesale lot deal,No receipt available. Perfect copy and hard to tell.,Gucci,Watches,4089.8,USD,137,3.93,151,51,DE,0,1
Luxury Canon discounted luxury item,No receipt available. Perfect copy and hard to tell.,Canon,Audio,393.74,USD,83,3.53,0,61,IN,6,1
Original Nike Audio with full packaging,Purchased from official store. Invoice and original box included.,Nike,Audio,182.78,USD,698,4.46,208,56,JP,25,0
Verified Sony Sneakers listing,Serial number available. Fast shipping and returns accepted.,Sony,Sneakers,371.73,USD,1176,4.76,785,165,CN,32,0
Original Bose Handbags with full packaging,Purchased from official store. Invoice and original box included.,Bose,Handbags,242.79,USD,789,4.65,516,76,US,40,0
Verified Rolex Cameras listing,Minimal wear. Verified authenticity by trusted reseller.,Rolex,Cameras,11424.09,USD,250,4.26,0,154,JP,41,0
Original Nike Cameras with full packaging,Minimal wear. Verified authenticity by trusted reseller.,Nike,Cameras,330.35,USD,15,3.34,88,18,US,12,1
Verified Nike Handbags listing,Serial number available. Fast shipping and returns accepted.,Nike,Handbags,137.25,USD,548,4.36,627,225,IN,14,0
Verified Apple Electronics listing,Serial number available. Fast shipping and returns accepted.,Apple,Electronics,821.35,USD,344,4.6,581,0,IN,10,0
Verified Rolex Sneakers listing,Purchased from official store. Invoice and original box included.,Rolex,Sneakers,5787.32,USD,66,1.68,0,0,CN,0,1
Original Rolex Audio with full packaging,Minimal wear. Verified authenticity by trusted reseller.,Rolex,Audio,10792.24,USD,830,4.71,0,0,JP,36,0
Verified Apple Cameras listing,Minimal wear. Verified authenticity by trusted reseller.,Apple,Cameras,729.42,USD,458,4.86,0,281,GB,5,0
Sony Cameras premium 1:1 deal,"DM for wholesale and better price, limited details.",Sony,Cameras,156.22,USD,23,2.71,13,0,US,1,1
Verified Gucci Cameras listing,Purchased from official store. Invoice and original box included.,Gucci,Cameras,1517.14,USD,209,4.14,1378,389,GB,16,0
Samsung Cameras in excellent condition,Purchased from official store. Invoice and original box included.,Samsung,Cameras,730.35,USD,285,4.02,551,237,TR,22,0
Verified Adidas Audio listing,Minimal wear. Verified authenticity by trusted reseller.,Adidas,Audio,106.06,USD,612,4.23,100,0,GB,48,0
Samsung Sneakers in excellent condition,Purchased from official store. Invoice and original box included.,Samsung,Sneakers,738.27,USD,429,4.59,426,134,IN,10,0
Original Apple Audio with full packaging,Purchased from official store. Invoice and original box included.,Apple,Audio,658.5,USD,67,4.43,50,0,IN,19,0
Verified Apple Watches listing,Purchased from official store. Invoice and original box included.,Apple,Watches,859.79,USD,0,3.8,511,235,GB,15,0
Sony Watches in excellent condition,Minimal wear. Verified authenticity by trusted reseller.,Sony,Watches,580.73,USD,667,4.06,605,149,TR,20,0
Original Canon Watches with full packaging,Minimal wear. Verified authenticity by trusted reseller.,Canon,Watches,890.77,USD,620,4.73,404,99,AE,12,0
Luxury Apple factory surplus item,"DM for wholesale and better price, limited details.",Apple,Cameras,965.18,USD,390,5.0,713,462,AE,9,0
Verified Bose Watches listing,Serial number available. Fast shipping and returns accepted.,Bose,Watches,231.97,USD,229,4.45,879,487,GB,0,0
Verified Nike Electronics listing,Minimal wear. Verified authenticity by trusted reseller.,Nike,Electronics,143.14,USD,486,4.51,0,340,GB,13,0
Original Bose Electronics with full packaging,Serial number available. Fast shipping and returns accepted.,Bose,Electronics,717.32,USD,96,4.07,97,0,TR,5,1
Louis Vuitton Sneakers in excellent condition,Purchased from official store. Invoice and original box included.,Louis Vuitton,Sneakers,1580.91,USD,210,4.65,0,171,JP,25,0
Bose Sneakers in excellent condition,Serial number available. Fast shipping and returns accepted.,Bose,Sneakers,64.62,USD,29,3.02,120,44,JP,6,1
Verified Adidas Handbags listing,Serial number available. Fast shipping and returns accepted.,Adidas,Handbags,17.05,USD,117,2.72,184,0,DE,4,1
Adidas Handbags in excellent condition,Purchased from official store. Invoice and original box included.,Adidas,Handbags,76.72,USD,267,3.38,657,262,DE,12,0
Verified Apple Cameras listing,Minimal wear. Verified authenticity by trusted reseller.,Apple,Cameras,354.95,USD,201,4.77,348,0,DE,0,1
Adidas Watches premium inspired deal,"DM for wholesale and better price, limited details.",Adidas,Watches,73.89,USD,1040,4.08,338,87,US,8,1
Original Bose Sneakers with full packaging,Purchased from official store. Invoice and original box included.,Bose,Sneakers,246.28,USD,23,4.36,108,0,US,10,0
Louis Vuitton Audio premium discounted luxury deal,"DM for wholesale and better price, limited details.",Louis Vuitton,Audio,823.32,USD,169,3.82,92,19,US,7,1
Rolex Audio premium wholesale lot deal,No receipt available. Perfect copy and hard to tell.,Rolex,Audio,13555.91,USD,210,2.79,58,46,DE,8,1
Luxury Adidas factory surplus item,"Factory source stock, no box but same quality as original.",Adidas,Watches,70.72,USD,1,4.12,0,0,US,9,1
Original Samsung Handbags with full packaging,Serial number available. Fast shipping and returns accepted.,Samsung,Handbags,1193.54,USD,723,4.52,363,373,GB,19,0
Original Canon Electronics with full packaging,Minimal wear. Verified authenticity by trusted reseller.,Canon,Electronics,133.06,USD,0,2.9,0,18,US,3,1
Verified Rolex Electronics listing,Purchased from official store. Invoice and original box included.,Rolex,Electronics,9185.44,USD,926,4.59,303,43,GB,12,0
Samsung Cameras in excellent condition,Minimal wear. Verified authenticity by trusted reseller.,Samsung,Cameras,671.35,USD,1093,4.34,1198,526,AE,17,0
Adidas Cameras in excellent condition,Purchased from official store. Invoice and original box included.,Adidas,Cameras,62.34,USD,501,3.92,160,347,JP,16,0
Original Gucci Sneakers with full packaging,Minimal wear. Verified authenticity by trusted reseller.,Gucci,Sneakers,2048.53,USD,1163,4.1,228,343,TR,14,0
Luxury Adidas inspired item,"Factory source stock, no box but same quality as original.",Adidas,Audio,43.0,USD,0,2.51,0,28,IN,10,1
Louis Vuitton Watches in excellent condition,Minimal wear. Verified authenticity by trusted reseller.,Louis Vuitton,Watches,311.8,USD,0,2.71,0,17,TR,11,1
Louis Vuitton Watches in excellent condition,Purchased from official store. Invoice and original box included.,Louis Vuitton,Watches,1794.81,USD,921,4.29,959,334,TR,11,0
Verified Gucci Electronics listing,Serial number available. Fast shipping and returns accepted.,Gucci,Electronics,408.55,USD,32,2.26,13,60,DE,6,1
Verified Rolex Handbags listing,Minimal wear. Verified authenticity by trusted reseller.,Rolex,Handbags,11652.89,USD,80,3.86,518,199,DE,22,0
Verified Bose Cameras listing,Purchased from official store. Invoice and original box included.,Bose,Cameras,93.78,USD,355,4.78,435,332,JP,24,0
Verified Samsung Audio listing,Minimal wear. Verified authenticity by trusted reseller.,Samsung,Audio,866.96,USD,727,4.42,556,41,IN,23,0
Original Sony Electronics with full packaging,Purchased from official store. Invoice and original box included.,Sony,Electronics,537.85,USD,389,3.66,809,113,CN,6,0
Nike Watches in excellent condition,Minimal wear. Verified authenticity by trusted reseller.,Nike,Watches,232.91,USD,122,3.68,157,0,CN,0,1
Luxury Bose no box item,"DM for wholesale and better price, limited details.",Bose,Watches,292.81,USD,690,4.31,284,539,JP,33,0
Bose Sneakers factory surplus,No receipt available. Perfect copy and hard to tell.,Bose,Sneakers,200.12,USD,156,3.0,3,39,US,9,1
Verified Nike Handbags listing,Minimal wear. Verified authenticity by trusted reseller.,Nike,Handbags,138.15,USD,1268,3.8,562,459,IN,23,0
Gucci Watches in excellent condition,Serial number available. Fast shipping and returns accepted.,Gucci,Watches,310.82,USD,0,3.01,0,20,JP,0,1
Apple Handbags in excellent condition,Serial number available. Fast shipping and returns accepted.,Apple,Handbags,380.93,USD,47,4.48,113,39,GB,14,1
Apple Watches premium without receipt deal,"Factory source stock, no box but same quality as original.",Apple,Watches,831.51,USD,472,4.42,0,292,DE,12,0
Verified Canon Electronics listing,Minimal wear. Verified authenticity by trusted reseller.,Canon,Electronics,831.14,USD,0,3.96,1222,517,TR,28,0
Luxury Samsung factory surplus item,"DM for wholesale and better price, limited details.",Samsung,Cameras,361.15,USD,81,3.07,199,49,DE,11,1
Luxury Adidas dm for more item,No receipt available. Perfect copy and hard to tell.,Adidas,Sneakers,280.67,USD,0,2.57,0,52,US,1,1
Canon Watches in excellent condition,Minimal wear. Verified authenticity by trusted reseller.,Canon,Watches,817.32,USD,116,1.9,199,7,IN,5,1
Verified Gucci Electronics listing,Serial number available. Fast shipping and returns accepted.,Gucci,Electronics,1944.29,USD,1187,4.33,373,537,TR,0,0
Verified Louis Vuitton Audio listing,Serial number available. Fast shipping and returns accepted.,Louis Vuitton,Audio,1773.64,USD,914,5.0,1433,90,TR,16,0
Luxury Canon copy version item,"Factory source stock, no box but same quality as original.",Canon,Watches,341.43,USD,40,4.64,0,16,JP,0,1
Apple Electronics in excellent condition,Minimal wear. Verified authenticity by trusted reseller.,Apple,Electronics,742.98,USD,962,5.0,65,127,TR,32,0
Luxury Bose without receipt item,"DM for wholesale and better price, limited details.",Bose,Handbags,618.03,USD,0,3.86,54,0,CN,17,1
Original Apple Handbags with full packaging,Serial number available. Fast shipping and returns accepted.,Apple,Handbags,92.56,USD,131,3.23,0,24,GB,12,1
Louis Vuitton Handbags no box,"Factory source stock, no box but same quality as original.",Louis Vuitton,Handbags,793.18,USD,151,4.09,361,0,AE,1,1
Original Gucci Sneakers with full packaging,Serial number available. Fast shipping and returns accepted.,Gucci,Sneakers,1723.63,USD,491,3.99,682,134,JP,31,0
Louis Vuitton Sneakers in excellent condition,Serial number available. Fast shipping and returns accepted.,Louis Vuitton,Sneakers,1688.22,USD,445,4.24,405,276,GB,35,0
Verified Bose Cameras listing,Serial number available. Fast shipping and returns accepted.,Bose,Cameras,316.39,USD,570,4.35,362,238,GB,14,0
Bose Watches in excellent condition,Serial number available. Fast shipping and returns accepted.,Bose,Watches,241.67,USD,105,3.66,0,403,US,9,0
Rolex Handbags premium factory surplus deal,"Factory source stock, no box but same quality as original.",Rolex,Handbags,8786.51,USD,718,4.78,881,0,CN,27,0
Sony Handbags premium discounted luxury deal,"Factory source stock, no box but same quality as original.",Sony,Handbags,102.96,USD,45,3.68,0,50,TR,4,1
Apple Electronics in excellent condition,Purchased from official store. Invoice and original box included.,Apple,Electronics,537.44,USD,792,4.15,558,55,AE,49,0
Original Nike Sneakers with full packaging,Purchased from official store. Invoice and original box included.,Nike,Sneakers,133.08,USD,137,4.53,869,115,GB,33,0
Original Sony Cameras with full packaging,Purchased from official store. Invoice and original box included.,Sony,Cameras,286.54,USD,0,3.55,116,28,IN,9,1
Rolex Cameras premium looks original deal,No receipt available. Perfect copy and hard to tell.,Rolex,Cameras,12669.38,USD,0,3.66,0,27,CN,0,1
Luxury Samsung mirror quality item,No receipt available. Perfect copy and hard to tell.,Samsung,Electronics,1815.22,USD,181,3.44,120,22,AE,11,1
Verified Canon Sneakers listing,Purchased from official store. Invoice and original box included.,Canon,Sneakers,2656.29,USD,151,2.95,0,24,GB,9,1
Verified Samsung Electronics listing,Serial number available. Fast shipping and returns accepted.,Samsung,Electronics,740.26,USD,188,4.62,644,52,AE,34,0
Rolex Audio wholesale lot,"DM for wholesale and better price, limited details.",Rolex,Audio,11522.83,USD,1254,3.75,50,448,IN,39,0
Verified Sony Sneakers listing,Purchased from official store. Invoice and original box included.,Sony,Sneakers,612.09,USD,560,4.71,637,264,US,27,0
Original Adidas Handbags with full packaging,Purchased from official store. Invoice and original box included.,Adidas,Handbags,114.98,USD,536,4.15,945,254,JP,22,0
Bose Cameras in excellent condition,Minimal wear. Verified authenticity by trusted reseller.,Bose,Cameras,292.9,USD,671,4.61,836,114,US,30,0
Rolex Audio replica,"DM for wholesale and better price, limited details.",Rolex,Audio,2473.37,USD,0,2.66,104,16,US,7,1
Original Rolex Audio with full packaging,Minimal wear. Verified authenticity by trusted reseller.,Rolex,Audio,4940.44,USD,147,4.75,311,0,CN,15,0
Apple Cameras in excellent condition,Purchased from official store. Invoice and original box included.,Apple,Cameras,754.66,USD,94,4.34,369,483,TR,13,0
Samsung Watches in excellent condition,Serial number available. Fast shipping and returns accepted.,Samsung,Watches,521.22,USD,91,2.92,41,26,CN,5,1
Verified Gucci Cameras listing,Purchased from official store. Invoice and original box included.,Gucci,Cameras,596.17,USD,178,3.42,37,2,AE,13,1
Verified Gucci Watches listing,Serial number available. Fast shipping and returns accepted.,Gucci,Watches,855.7,USD,801,4.49,286,315,CN,5,0
Original Adidas Sneakers with full packaging,Serial number available. Fast shipping and returns accepted.,Adidas,Sneakers,75.87,USD,831,4.05,521,495,US,19,0
Canon Cameras in excellent condition,Minimal wear. Verified authenticity by trusted reseller.,Canon,Cameras,905.18,USD,424,4.56,816,291,DE,53,0
Verified Apple Cameras listing,Minimal wear. Verified authenticity by trusted reseller.,Apple,Cameras,745.8,USD,826,4.75,459,417,GB,34,0
Canon Cameras in excellent condition,Purchased from official store. Invoice and original box included.,Canon,Cameras,1090.81,USD,502,5.0,136,680,GB,11,0
Original Rolex Cameras with full packaging,Purchased from official store. Invoice and original box included.,Rolex,Cameras,12479.28,USD,550,4.63,470,544,GB,12,0
Luxury Samsung inspired item,No receipt available. Perfect copy and hard to tell.,Samsung,Audio,312.24,USD,163,2.63,84,0,AE,4,1
Louis Vuitton Electronics no box,No receipt available. Perfect copy and hard to tell.,Louis Vuitton,Electronics,2065.29,USD,57,3.85,21,28,TR,0,1
Verified Apple Handbags listing,Purchased from official store. Invoice and original box included.,Apple,Handbags,704.2,USD,0,3.88,927,422,DE,8,0
Verified Apple Handbags listing,Purchased from official store. Invoice and original box included.,Apple,Handbags,373.58,USD,50,2.19,81,76,IN,16,1
Original Sony Handbags with full packaging,Serial number available. Fast shipping and returns accepted.,Sony,Handbags,366.54,USD,680,4.41,491,103,US,28,0
Verified Canon Cameras listing,Purchased from official store. Invoice and original box included.,Canon,Cameras,902.05,USD,0,4.35,1225,370,GB,17,0
Sony Sneakers authentic style,"DM for wholesale and better price, limited details.",Sony,Sneakers,197.54,USD,51,2.79,78,9,AE,12,1
Rolex Audio premium replica deal,"Factory source stock, no box but same quality as original.",Rolex,Audio,4463.55,USD,0,3.89,107,79,TR,5,1
Verified Louis Vuitton Electronics listing,Minimal wear. Verified authenticity by trusted reseller.,Louis Vuitton,Electronics,2128.59,USD,640,4.55,1108,333,TR,24,0
Luxury Apple factory surplus item,"Factory source stock, no box but same quality as original.",Apple,Handbags,80.17,USD,48,4.52,0,0,GB,0,1
Original Canon Handbags with full packaging,Minimal wear. Verified authenticity by trusted reseller.,Canon,Handbags,439.37,USD,0,3.04,304,9,IN,0,1
Apple Watches in excellent condition,Serial number available. Fast shipping and returns accepted.,Apple,Watches,1004.05,USD,896,4.25,905,519,US,21,0
Gucci Watches in excellent condition,Serial number available. Fast shipping and returns accepted.,Gucci,Watches,886.19,USD,636,4.4,182,189,US,12,0
Luxury Samsung looks original item,No receipt available. Perfect copy and hard to tell.,Samsung,Sneakers,197.98,USD,0,2.67,0,19,TR,0,1
Adidas Sneakers in excellent condition,Purchased from official store. Invoice and original box included.,Adidas,Sneakers,107.01,USD,381,3.87,578,330,JP,15,0
Bose Sneakers in excellent condition,Minimal wear. Verified authenticity by trusted reseller.,Bose,Sneakers,388.52,USD,335,4.41,1058,337,JP,9,0
Verified Apple Watches listing,Serial number available. Fast shipping and returns accepted.,Apple,Watches,474.7,USD,244,3.85,54,0,AE,16,1
Original Louis Vuitton Cameras with full packaging,Minimal wear. Verified authenticity by trusted reseller.,Louis Vuitton,Cameras,298.31,USD,0,2.59,110,5,IN,14,1
Verified Bose Handbags listing,Purchased from official store. Invoice and original box included.,Bose,Handbags,296.81,USD,1059,4.27,570,159,TR,11,0
Original Apple Sneakers with full packaging,Purchased from official store. Invoice and original box included.,Apple,Sneakers,717.15,USD,411,4.57,760,68,DE,18,0
Original Sony Handbags with full packaging,Serial number available. Fast shipping and returns accepted.,Sony,Handbags,396.52,USD,717,4.75,295,149,CN,13,0
Luxury Bose authentic style item,"DM for wholesale and better price, limited details.",Bose,Watches,136.21,USD,174,3.14,0,36,CN,8,1
Adidas Handbags in excellent condition,Minimal wear. Verified authenticity by trusted reseller.,Adidas,Handbags,60.87,USD,466,4.15,917,0,US,3,0
Canon Sneakers premium looks original deal,"Factory source stock, no box but same quality as original.",Canon,Sneakers,869.22,USD,295,3.69,391,183,AE,25,0
Original Canon Watches with full packaging,Serial number available. Fast shipping and returns accepted.,Canon,Watches,871.12,USD,0,4.63,256,185,TR,20,0
Louis Vuitton Watches premium without receipt deal,No receipt available. Perfect copy and hard to tell.,Louis Vuitton,Watches,675.51,USD,19,3.36,60,11,GB,7,1
Verified Sony Audio listing,Serial number available. Fast shipping and returns accepted.,Sony,Audio,197.14,USD,380,5.0,826,526,TR,14,0
Apple Watches premium replica deal,No receipt available. Perfect copy and hard to tell.,Apple,Watches,441.23,USD,66,2.32,197,88,CN,0,1
Canon Electronics premium copy version deal,"Factory source stock, no box but same quality as original.",Canon,Electronics,322.98,USD,100,2.36,65,0,DE,10,1
Gucci Electronics premium factory surplus deal,No receipt available. Perfect copy and hard to tell.,Gucci,Electronics,593.96,USD,63,3.89,114,43,AE,3,1
Canon Handbags in excellent condition,Minimal wear. Verified authenticity by trusted reseller.,Canon,Handbags,1027.9,USD,670,4.78,0,445,US,14,0
Verified Nike Electronics listing,Purchased from official store. Invoice and original box included.,Nike,Electronics,119.1,USD,771,4.62,131,0,TR,18,0
Original Sony Sneakers with full packaging,Minimal wear. Verified authenticity by trusted reseller.,Sony,Sneakers,1459.42,USD,39,1.91,201,23,IN,8,1
Original Bose Sneakers with full packaging,Serial number available. Fast shipping and returns accepted.,Bose,Sneakers,134.31,USD,12,3.04,137,0,GB,13,1
Original Rolex Watches with full packaging,Minimal wear. Verified authenticity by trusted reseller.,Rolex,Watches,11037.67,USD,760,3.94,0,296,CN,19,0
Verified Apple Cameras listing,Serial number available. Fast shipping and returns accepted.,Apple,Cameras,681.39,USD,637,4.11,0,285,JP,35,0
Original Nike Cameras with full packaging,Minimal wear. Verified authenticity by trusted reseller.,Nike,Cameras,95.38,USD,551,4.3,1862,166,US,20,0
Verified Samsung Cameras listing,Purchased from official store. Invoice and original box included.,Samsung,Cameras,206.77,USD,116,3.08,106,49,TR,18,1
Verified Gucci Cameras listing,Purchased from official store. Invoice and original box included.,Gucci,Cameras,1669.06,USD,1089,4.29,299,161,TR,32,0
Samsung Electronics 1:1,"Factory source stock, no box but same quality as original.",Samsung,Electronics,1687.92,USD,0,2.0,0,28,IN,2,1
Adidas Cameras premium looks original deal,"DM for wholesale and better price, limited details.",Adidas,Cameras,35.35,USD,43,2.75,0,27,US,10,1
Samsung Cameras in excellent condition,Purchased from official store. Invoice and original box included.,Samsung,Cameras,526.36,USD,712,5.0,281,122,IN,20,0
Sony Cameras in excellent condition,Purchased from official store. Invoice and original box included.,Sony,Cameras,497.9,USD,0,4.9,1418,445,GB,0,0
Original Bose Watches with full packaging,Serial number available. Fast shipping and returns accepted.,Bose,Watches,345.91,USD,1005,3.81,786,434,IN,22,0
Verified Rolex Watches listing,Minimal wear. Verified authenticity by trusted reseller.,Rolex,Watches,2494.57,USD,65,2.8,166,36,IN,10,1
Original Rolex Cameras with full packaging,Serial number available. Fast shipping and returns accepted.,Rolex,Cameras,5402.77,USD,886,4.27,542,342,CN,12,0
Apple Watches in excellent condition,Purchased from official store. Invoice and original box included.,Apple,Watches,443.9,USD,0,4.13,881,336,TR,34,0
Sony Electronics discounted luxury,"Factory source stock, no box but same quality as original.",Sony,Electronics,285.46,USD,163,2.3,191,27,DE,10,1
Sony Electronics in excellent condition,Purchased from official store. Invoice and original box included.,Sony,Electronics,318.03,USD,246,4.4,794,224,AE,17,0
Louis Vuitton Sneakers in excellent condition,Purchased from official store. Invoice and original box included.,Louis Vuitton,Sneakers,2043.24,USD,475,4.39,273,124,GB,22,0
Verified Adidas Cameras listing,Purchased from official store. Invoice and original box included.,Adidas,Cameras,154.4,USD,385,4.53,1426,78,JP,18,0
Louis Vuitton Audio in excellent condition,Serial number available. Fast shipping and returns accepted.,Louis Vuitton,Audio,1300.47,USD,19,2.59,21,44,IN,7,1
Verified Nike Audio listing,Purchased from official store. Invoice and original box included.,Nike,Audio,119.17,USD,877,4.42,750,516,IN,16,0
Verified Samsung Handbags listing,Serial number available. Fast shipping and returns accepted.,Samsung,Handbags,534.74,USD,474,4.35,49,267,DE,28,0
Verified Gucci Sneakers listing,Minimal wear. Verified authenticity by trusted reseller.,Gucci,Sneakers,1804.97,USD,714,4.79,0,198,GB,23,0
Rolex Audio in excellent condition,Minimal wear. Verified authenticity by trusted reseller.,Rolex,Audio,5481.98,USD,0,3.77,5,28,TR,5,1
Adidas Watches in excellent condition,Serial number available. Fast shipping and returns accepted.,Adidas,Watches,102.64,USD,661,4.49,821,229,DE,29,0
Louis Vuitton Electronics copy version,No receipt available. Perfect copy and hard to tell.,Louis Vuitton,Electronics,1035.33,USD,119,4.02,0,41,GB,20,1
Original Gucci Cameras with full packaging,Serial number available. Fast shipping and returns accepted.,Gucci,Cameras,1739.91,USD,1106,4.69,110,282,CN,18,0
Sony Sneakers in excellent condition,Minimal wear. Verified authenticity by trusted reseller.,Sony,Sneakers,519.89,USD,369,3.84,980,132,AE,17,0
Apple Watches premium without receipt deal,"DM for wholesale and better price, limited details.",Apple,Watches,472.55,USD,134,4.25,882,109,AE,20,0
Louis Vuitton Audio in excellent condition,Minimal wear. Verified authenticity by trusted reseller.,Louis Vuitton,Audio,810.09,USD,84,2.78,272,39,CN,0,1
Verified Nike Cameras listing,Serial number available. Fast shipping and returns accepted.,Nike,Cameras,77.88,USD,973,4.24,1292,166,US,18,0
Verified Louis Vuitton Electronics listing,Serial number available. Fast shipping and returns accepted.,Louis Vuitton,Electronics,1872.9,USD,918,4.76,132,332,IN,36,0
Samsung Audio premium replica deal,No receipt available. Perfect copy and hard to tell.,Samsung,Audio,343.71,USD,168,3.12,208,34,AE,15,1
Bose Sneakers in excellent condition,Purchased from official store. Invoice and original box included.,Bose,Sneakers,478.91,USD,223,2.81,14,6,TR,3,1
Original Rolex Audio with full packaging,Serial number available. Fast shipping and returns accepted.,Rolex,Audio,4542.1,USD,781,4.2,688,530,TR,20,0
Original Nike Handbags with full packaging,Minimal wear. Verified authenticity by trusted reseller.,Nike,Handbags,90.0,USD,301,4.41,1295,173,IN,13,1
Verified Bose Watches listing,Minimal wear. Verified authenticity by trusted reseller.,Bose,Watches,248.32,USD,118,4.6,0,596,IN,17,0
Bose Audio in excellent condition,Serial number available. Fast shipping and returns accepted.,Bose,Audio,425.3,USD,48,3.59,167,10,TR,0,1
Original Apple Audio with full packaging,Purchased from official store. Invoice and original box included.,Apple,Audio,375.74,USD,166,4.54,200,43,CN,1,1
Bose Cameras in excellent condition,Serial number available. Fast shipping and returns accepted.,Bose,Cameras,125.63,USD,65,2.45,37,23,TR,8,1
Adidas Watches in excellent condition,Minimal wear. Verified authenticity by trusted reseller.,Adidas,Watches,56.6,USD,69,2.61,112,80,CN,9,1
Luxury Gucci factory surplus item,"DM for wholesale and better price, limited details.",Gucci,Sneakers,996.32,USD,111,4.13,95,60,GB,15,1
Original Nike Handbags with full packaging,Purchased from official store. Invoice and original box included.,Nike,Handbags,102.51,USD,177,2.61,97,10,CN,21,1
Verified Apple Sneakers listing,Serial number available. Fast shipping and returns accepted.,Apple,Sneakers,155.31,USD,0,2.92,236,0,TR,6,1
Verified Louis Vuitton Watches listing,Serial number available. Fast shipping and returns accepted.,Louis Vuitton,Watches,1307.41,USD,729,3.93,442,453,IN,0,0
Original Adidas Watches with full packaging,Minimal wear. Verified authenticity by trusted reseller.,Adidas,Watches,74.27,USD,405,4.04,344,407,IN,28,0
Verified Canon Cameras listing,Minimal wear. Verified authenticity by trusted reseller.,Canon,Cameras,1020.88,USD,1118,4.35,261,475,DE,22,0
Verified Louis Vuitton Watches listing,Minimal wear. Verified authenticity by trusted reseller.,Louis Vuitton,Watches,1517.74,USD,654,4.73,607,113,IN,21,0
Apple Handbags in excellent condition,Serial number available. Fast shipping and returns accepted.,Apple,Handbags,463.61,USD,185,4.11,503,313,US,30,0
Verified Gucci Cameras listing,Minimal wear. Verified authenticity by trusted reseller.,Gucci,Cameras,1025.27,USD,828,4.45,893,40,CN,0,0
Bose Cameras premium replica deal,"DM for wholesale and better price, limited details.",Bose,Cameras,197.27,USD,0,3.13,0,17,CN,0,1
Verified Gucci Sneakers listing,Serial number available. Fast shipping and returns accepted.,Gucci,Sneakers,1382.29,USD,284,4.74,684,137,IN,32,0
Original Bose Handbags with full packaging,Purchased from official store. Invoice and original box included.,Bose,Handbags,330.0,USD,1211,3.85,789,192,JP,38,1
Original Apple Audio with full packaging,Purchased from official store. Invoice and original box included.,Apple,Audio,1134.7,USD,211,4.49,705,0,US,14,0
Canon Sneakers in excellent condition,Serial number available. Fast shipping and returns accepted.,Canon,Sneakers,894.48,USD,878,4.24,334,189,TR,49,0
Original Louis Vuitton Sneakers with full packaging,Serial number available. Fast shipping and returns accepted.,Louis Vuitton,Sneakers,1773.89,USD,522,3.98,371,122,IN,0,0
Verified Canon Electronics listing,Minimal wear. Verified authenticity by trusted reseller.,Canon,Electronics,844.41,USD,336,4.55,538,288,TR,13,0
Original Samsung Handbags with full packaging,Serial number available. Fast shipping and returns accepted.,Samsung,Handbags,658.88,USD,0,4.96,436,342,GB,41,0
Louis Vuitton Handbags copy version,No receipt available. Perfect copy and hard to tell.,Louis Vuitton,Handbags,1737.37,USD,1094,3.8,267,210,US,12,0
Gucci Audio premium inspired deal,"DM for wholesale and better price, limited details.",Gucci,Audio,560.2,USD,114,2.04,0,44,DE,18,1
Original Adidas Cameras with full packaging,Serial number available. Fast shipping and returns accepted.,Adidas,Cameras,76.04,USD,570,3.61,1149,0,AE,51,0
Original Adidas Handbags with full packaging,Serial number available. Fast shipping and returns accepted.,Adidas,Handbags,117.34,USD,551,3.98,1024,295,CN,25,0
Original Nike Audio with full packaging,Purchased from official store. Invoice and original box included.,Nike,Audio,116.59,USD,609,4.13,482,582,DE,27,0
Original Rolex Watches with full packaging,Purchased from official store. Invoice and original box included.,Rolex,Watches,3831.17,USD,0,2.03,196,37,JP,9,1
Samsung Electronics premium dm for more deal,No receipt available. Perfect copy and hard to tell.,Samsung,Electronics,644.33,USD,0,4.49,546,349,JP,32,0
Original Gucci Watches with full packaging,Purchased from official store. Invoice and original box included.,Gucci,Watches,541.28,USD,9,3.82,0,28,JP,5,1
Canon Cameras in excellent condition,Minimal wear. Verified authenticity by trusted reseller.,Canon,Cameras,455.18,USD,9,3.38,134,23,AE,7,1
Apple Audio in excellent condition,Purchased from official store. Invoice and original box included.,Apple,Audio,275.97,USD,141,1.79,219,0,CN,0,1
Nike Watches in excellent condition,Minimal wear. Verified authenticity by trusted reseller.,Nike,Watches,153.81,USD,0,4.64,644,131,TR,18,0
Luxury Nike copy version item,"Factory source stock, no box but same quality as original.",Nike,Audio,74.74,USD,0,3.4,102,0,DE,0,1
Adidas Handbags in excellent condition,Purchased from official store. Invoice and original box included.,Adidas,Handbags,78.01,USD,99,3.4,67,7,AE,12,1
Original Gucci Audio with full packaging,Serial number available. Fast shipping and returns accepted.,Gucci,Audio,305.57,USD,0,4.08,57,25,US,1,1
Sony Watches premium without receipt deal,"DM for wholesale and better price, limited details.",Sony,Watches,265.01,USD,234,2.72,115,53,IN,17,1
Original Adidas Audio with full packaging,Minimal wear. Verified authenticity by trusted reseller.,Adidas,Audio,109.46,USD,434,4.6,477,406,JP,11,0
Verified Bose Handbags listing,Minimal wear. Verified authenticity by trusted reseller.,Bose,Handbags,173.26,USD,1012,3.83,816,375,US,0,0
Verified Louis Vuitton Cameras listing,Minimal wear. Verified authenticity by trusted reseller.,Louis Vuitton,Cameras,1558.22,USD,719,4.2,534,178,CN,15,0
Adidas Watches in excellent condition,Purchased from official store. Invoice and original box included.,Adidas,Watches,77.31,USD,422,4.73,137,133,AE,15,0
Verified Canon Audio listing,Serial number available. Fast shipping and returns accepted.,Canon,Audio,691.54,USD,130,3.88,96,57,US,0,1
Sony Watches in excellent condition,Purchased from official store. Invoice and original box included.,Sony,Watches,496.32,USD,277,5.0,0,96,IN,24,0
Original Sony Electronics with full packaging,Serial number available. Fast shipping and returns accepted.,Sony,Electronics,552.86,USD,983,4.3,573,131,AE,19,0
Original Nike Cameras with full packaging,Minimal wear. Verified authenticity by trusted reseller.,Nike,Cameras,193.28,USD,0,5.0,1021,115,CN,44,0
Verified Canon Cameras listing,Minimal wear. Verified authenticity by trusted reseller.,Canon,Cameras,492.51,USD,196,4.29,579,821,DE,28,0
Original Bose Handbags with full packaging,Minimal wear. Verified authenticity by trusted reseller.,Bose,Handbags,260.13,USD,903,4.32,1055,110,CN,13,0
Luxury Nike no box item,No receipt available. Perfect copy and hard to tell.,Nike,Audio,65.19,USD,0,2.52,216,53,DE,6,1
Verified Gucci Sneakers listing,Minimal wear. Verified authenticity by trusted reseller.,Gucci,Sneakers,673.78,USD,702,4.68,1251,332,TR,18,0
Original Bose Handbags with full packaging,Serial number available. Fast shipping and returns accepted.,Bose,Handbags,310.06,USD,370,4.84,934,364,JP,20,0
Nike Electronics premium dm for more deal,"Factory source stock, no box but same quality as original.",Nike,Electronics,81.25,USD,0,2.89,0,3,DE,6,1
Bose Watches in excellent condition,Serial number available. Fast shipping and returns accepted.,Bose,Watches,93.82,USD,166,4.25,0,5,GB,0,1
Canon Sneakers copy version,"Factory source stock, no box but same quality as original.",Canon,Sneakers,367.28,USD,0,3.67,207,26,DE,10,1
Original Gucci Handbags with full packaging,Minimal wear. Verified authenticity by trusted reseller.,Gucci,Handbags,989.31,USD,113,1.94,249,0,US,9,1
Verified Gucci Watches listing,Purchased from official store. Invoice and original box included.,Gucci,Watches,1780.91,USD,325,4.07,627,265,JP,23,0
Verified Sony Sneakers listing,Purchased from official store. Invoice and original box included.,Sony,Sneakers,326.23,USD,120,2.59,1,0,DE,0,1
Louis Vuitton Watches in excellent condition,Purchased from official store. Invoice and original box included.,Louis Vuitton,Watches,298.47,USD,0,1.8,85,62,TR,3,1
Luxury Samsung looks original item,"DM for wholesale and better price, limited details.",Samsung,Handbags,534.44,USD,55,3.68,273,0,IN,5,1
Original Apple Cameras with full packaging,Serial number available. Fast shipping and returns accepted.,Apple,Cameras,858.12,USD,859,3.58,331,76,AE,37,0
Original Adidas Sneakers with full packaging,Serial number available. Fast shipping and returns accepted.,Adidas,Sneakers,112.17,USD,886,4.76,617,214,AE,6,0
Verified Samsung Watches listing,Minimal wear. Verified authenticity by trusted reseller.,Samsung,Watches,348.99,USD,933,5.0,429,102,US,18,0
Sony Cameras in excellent condition,Serial number available. Fast shipping and returns accepted.,Sony,Cameras,505.46,USD,391,3.86,671,530,GB,33,0
Verified Samsung Electronics listing,Serial number available. Fast shipping and returns accepted.,Samsung,Electronics,494.98,USD,109,3.87,841,184,AE,36,0
Original Canon Audio with full packaging,Purchased from official store. Invoice and original box included.,Canon,Audio,379.29,USD,0,2.06,201,0,TR,17,1
Verified Canon Watches listing,Serial number available. Fast shipping and returns accepted.,Canon,Watches,2484.78,USD,1,4.02,0,0,TR,0,1
Verified Rolex Audio listing,Serial number available. Fast shipping and returns accepted.,Rolex,Audio,3502.79,USD,0,2.11,0,0,TR,8,1
Verified Nike Watches listing,Purchased from official store. Invoice and original box included.,Nike,Watches,96.61,USD,976,4.63,320,209,DE,8,0
Nike Cameras in excellent condition,Minimal wear. Verified authenticity by trusted reseller.,Nike,Cameras,109.08,USD,424,4.21,646,185,AE,32,0
Nike Audio without receipt,"DM for wholesale and better price, limited details.",Nike,Audio,100.22,USD,0,2.74,0,0,TR,0,1
Nike Audio in excellent condition,Minimal wear. Verified authenticity by trusted reseller.,Nike,Audio,103.12,USD,304,4.45,997,229,IN,25,0
Luxury Apple without receipt item,No receipt available. Perfect copy and hard to tell.,Apple,Electronics,1325.7,USD,896,4.93,818,304,GB,23,0
Original Apple Electronics with full packaging,Purchased from official store. Invoice and original box included.,Apple,Electronics,757.95,USD,321,4.41,394,261,DE,5,0
Original Gucci Audio with full packaging,Minimal wear. Verified authenticity by trusted reseller.,Gucci,Audio,688.88,USD,201,2.78,42,24,TR,5,1
Verified Adidas Audio listing,Serial number available. Fast shipping and returns accepted.,Adidas,Audio,92.74,USD,879,4.54,556,0,US,9,0
Verified Gucci Electronics listing,Serial number available. Fast shipping and returns accepted.,Gucci,Electronics,1644.04,USD,1020,4.19,900,358,JP,10,0
Rolex Handbags in excellent condition,Serial number available. Fast shipping and returns accepted.,Rolex,Handbags,7786.01,USD,418,4.36,1325,368,IN,12,0
Verified Rolex Cameras listing,Purchased from official store. Invoice and original box included.,Rolex,Cameras,11200.77,USD,609,4.7,13,43,GB,29,0
Luxury Samsung mirror quality item,"Factory source stock, no box but same quality as original.",Samsung,Handbags,1482.84,USD,186,3.41,0,0,IN,0,1
Verified Apple Handbags listing,Serial number available. Fast shipping and returns accepted.,Apple,Handbags,889.38,USD,114,4.15,647,371,JP,19,0
Canon Handbags in excellent condition,Serial number available. Fast shipping and returns accepted.,Canon,Handbags,864.0,USD,421,4.42,1125,460,AE,26,0
Original Canon Audio with full packaging,Purchased from official store. Invoice and original box included.,Canon,Audio,792.36,USD,462,3.83,272,620,CN,7,0
Sony Sneakers wholesale lot,No receipt available. Perfect copy and hard to tell.,Sony,Sneakers,141.87,USD,117,4.0,209,10,AE,11,1
Apple Watches in excellent condition,Serial number available. Fast shipping and returns accepted.,Apple,Watches,782.1,USD,0,4.17,283,0,TR,12,0
Luxury Canon mirror quality item,"DM for wholesale and better price, limited details.",Canon,Audio,2173.35,USD,118,3.55,175,51,IN,0,1
Sony Audio in excellent condition,Purchased from official store. Invoice and original box included.,Sony,Audio,503.24,USD,924,4.41,2054,199,CN,6,0
Adidas Handbags premium looks original deal,"Factory source stock, no box but same quality as original.",Adidas,Handbags,151.81,USD,48,4.26,49,61,IN,10,1
Bose Handbags premium without receipt deal,"DM for wholesale and better price, limited details.",Bose,Handbags,673.15,USD,146,2.8,8,27,TR,20,1
Adidas Sneakers 1:1,"DM for wholesale and better price, limited details.",Adidas,Sneakers,207.96,USD,172,3.24,0,20,AE,0,1
Luxury Sony looks original item,No receipt available. Perfect copy and hard to tell.,Sony,Watches,190.33,USD,23,3.92,157,0,GB,5,1
Verified Samsung Audio listing,Purchased from official store. Invoice and original box included.,Samsung,Audio,970.71,USD,358,4.18,706,244,DE,33,0
Luxury Sony replica item,"DM for wholesale and better price, limited details.",Sony,Watches,119.02,USD,0,2.91,197,0,JP,2,1
Luxury Apple inspired item,"Factory source stock, no box but same quality as original.",Apple,Watches,296.99,USD,119,2.87,186,24,CN,14,1
Louis Vuitton Watches in excellent condition,Serial number available. Fast shipping and returns accepted.,Louis Vuitton,Watches,1623.26,USD,0,4.92,1194,269,AE,25,0
Original Nike Audio with full packaging,Minimal wear. Verified authenticity by trusted reseller.,Nike,Audio,97.66,USD,58,4.4,669,463,JP,43,0
Bose Electronics premium replica deal,No receipt available. Perfect copy and hard to tell.,Bose,Electronics,86.1,USD,102,3.48,16,53,CN,8,1
Original Adidas Electronics with full packaging,Purchased from official store. Invoice and original box included.,Adidas,Electronics,127.64,USD,0,4.53,931,0,GB,25,0
Verified Samsung Cameras listing,Serial number available. Fast shipping and returns accepted.,Samsung,Cameras,297.71,USD,304,4.49,765,275,GB,19,0
Sony Handbags premium discounted luxury deal,No receipt available. Perfect copy and hard to tell.,Sony,Handbags,347.61,USD,462,5.0,816,306,IN,28,0
Apple Handbags in excellent condition,Minimal wear. Verified authenticity by trusted reseller.,Apple,Handbags,403.74,USD,1334,5.0,1361,160,GB,24,0
Original Gucci Audio with full packaging,Purchased from official store. Invoice and original box included.,Gucci,Audio,2432.15,USD,777,4.36,389,132,JP,22,0
Verified Adidas Handbags listing,Purchased from official store. Invoice and original box included.,Adidas,Handbags,58.6,USD,69,3.61,139,0,CN,19,1
Original Canon Watches with full packaging,Serial number available. Fast shipping and returns accepted.,Canon,Watches,1167.23,USD,605,4.38,601,469,US,23,0
Verified Louis Vuitton Audio listing,Serial number available. Fast shipping and returns accepted.,Louis Vuitton,Audio,1853.37,USD,1072,3.96,565,143,CN,26,0
Rolex Watches in excellent condition,Serial number available. Fast shipping and returns accepted.,Rolex,Watches,6433.42,USD,875,4.17,246,1023,AE,8,0
Original Apple Audio with full packaging,Minimal wear. Verified authenticity by trusted reseller.,Apple,Audio,720.65,USD,755,4.08,1294,402,DE,3,0
Original Nike Audio with full packaging,Serial number available. Fast shipping and returns accepted.,Nike,Audio,109.98,USD,953,4.05,1082,272,GB,43,0
Original Bose Cameras with full packaging,Purchased from official store. Invoice and original box included.,Bose,Cameras,467.09,USD,168,3.61,0,37,US,0,1
Original Louis Vuitton Handbags with full packaging,Purchased from official store. Invoice and original box included.,Louis Vuitton,Handbags,2075.21,USD,227,3.88,1185,407,US,26,0
Louis Vuitton Watches factory surplus,"Factory source stock, no box but same quality as original.",Louis Vuitton,Watches,5801.57,USD,46,2.84,78,4,US,22,1
Verified Nike Watches listing,Purchased from official store. Invoice and original box included.,Nike,Watches,81.59,USD,0,4.0,922,206,TR,24,0
Sony Handbags in excellent condition,Serial number available. Fast shipping and returns accepted.,Sony,Handbags,394.0,USD,138,4.34,952,559,IN,8,0
Original Bose Sneakers with full packaging,Serial number available. Fast shipping and returns accepted.,Bose,Sneakers,182.93,USD,291,3.57,856,361,TR,20,0
Nike Handbags in excellent condition,Purchased from official store. Invoice and original box included.,Nike,Handbags,172.13,USD,685,4.38,1199,319,JP,27,0
Original Samsung Sneakers with full packaging,Serial number available. Fast shipping and returns accepted.,Samsung,Sneakers,944.42,USD,17,3.0,107,16,CN,4,1
Louis Vuitton Electronics premium 1:1 deal,No receipt available. Perfect copy and hard to tell.,Louis Vuitton,Electronics,172.1,USD,106,3.72,138,12,IN,13,1
Luxury Louis Vuitton discounted luxury item,"Factory source stock, no box but same quality as original.",Louis Vuitton,Electronics,4041.51,USD,173,1.79,0,66,TR,0,1
Bose Cameras in excellent condition,Minimal wear. Verified authenticity by trusted reseller.,Bose,Cameras,122.7,USD,211,2.86,30,40,DE,3,1
Sony Cameras in excellent condition,Serial number available. Fast shipping and returns accepted.,Sony,Cameras,390.57,USD,628,4.85,810,316,US,11,0
Apple Watches in excellent condition,Purchased from official store. Invoice and original box included.,Apple,Watches,123.22,USD,41,2.67,54,11,AE,7,1
Original Samsung Sneakers with full packaging,Serial number available. Fast shipping and returns accepted.,Samsung,Sneakers,654.4,USD,663,4.09,441,308,CN,18,0
Verified Canon Electronics listing,Minimal wear. Verified authenticity by trusted reseller.,Canon,Electronics,2042.25,USD,151,2.84,0,0,JP,17,1
Bose Sneakers in excellent condition,Purchased from official store. Invoice and original box included.,Bose,Sneakers,281.86,USD,522,4.04,85,236,GB,19,0
Verified Adidas Handbags listing,Minimal wear. Verified authenticity by trusted reseller.,Adidas,Handbags,52.26,USD,796,3.87,753,178,GB,29,0
Samsung Cameras in excellent condition,Purchased from official store. Invoice and original box included.,Samsung,Cameras,738.34,USD,657,4.26,1009,260,AE,16,0
Verified Nike Sneakers listing,Serial number available. Fast shipping and returns accepted.,Nike,Sneakers,93.81,USD,515,3.55,913,243,IN,16,0
Verified Bose Handbags listing,Purchased from official store. Invoice and original box included.,Bose,Handbags,131.36,USD,220,3.3,188,30,CN,3,1
Original Apple Audio with full packaging,Serial number available. Fast shipping and returns accepted.,Apple,Audio,749.78,USD,1494,5.0,765,13,TR,9,0
Verified Gucci Sneakers listing,Minimal wear. Verified authenticity by trusted reseller.,Gucci,Sneakers,1387.22,USD,99,4.97,520,0,AE,24,0
Verified Canon Sneakers listing,Minimal wear. Verified authenticity by trusted reseller.,Canon,Sneakers,845.91,USD,694,4.15,146,366,IN,0,0
Rolex Sneakers in excellent condition,Serial number available. Fast shipping and returns accepted.,Rolex,Sneakers,3006.36,USD,40,2.91,320,14,GB,5,1
Luxury Nike copy version item,"Factory source stock, no box but same quality as original.",Nike,Handbags,226.76,USD,150,2.67,0,28,DE,15,1
Nike Sneakers copy version,"DM for wholesale and better price, limited details.",Nike,Sneakers,103.79,USD,265,4.09,1705,195,IN,11,0
Verified Nike Sneakers listing,Minimal wear. Verified authenticity by trusted reseller.,Nike,Sneakers,81.1,USD,778,4.77,472,94,AE,32,0
Original Gucci Handbags with full packaging,Purchased from official store. Invoice and original box included.,Gucci,Handbags,1533.08,USD,424,4.26,551,106,TR,21,0
Verified Canon Cameras listing,Minimal wear. Verified authenticity by trusted reseller.,Canon,Cameras,916.0,USD,391,4.86,298,171,JP,26,0
Rolex Cameras in excellent condition,Minimal wear. Verified authenticity by trusted reseller.,Rolex,Cameras,6519.03,USD,185,4.47,280,398,JP,12,0
Apple Electronics mirror quality,No receipt available. Perfect copy and hard to tell.,Apple,Electronics,282.23,USD,52,2.72,67,0,DE,5,1
Canon Electronics premium wholesale lot deal,"DM for wholesale and better price, limited details.",Canon,Electronics,1708.79,USD,124,1.75,274,47,US,0,1
Samsung Watches factory surplus,No receipt available. Perfect copy and hard to tell.,Samsung,Watches,357.13,USD,86,2.8,246,39,CN,11,1
Louis Vuitton Sneakers in excellent condition,Purchased from official store. Invoice and original box included.,Louis Vuitton,Sneakers,1533.18,USD,879,4.4,911,68,AE,0,0
Verified Nike Handbags listing,Purchased from official store. Invoice and original box included.,Nike,Handbags,105.87,USD,0,3.91,725,187,US,18,0
Luxury Nike no box item,"DM for wholesale and better price, limited details.",Nike,Electronics,81.04,USD,494,3.56,328,310,DE,26,0
Louis Vuitton Watches in excellent condition,Serial number available. Fast shipping and returns accepted.,Louis Vuitton,Watches,1739.03,USD,768,3.51,1033,102,JP,23,1
Bose Watches in excellent condition,Serial number available. Fast shipping and returns accepted.,Bose,Watches,208.43,USD,822,4.6,202,241,TR,14,0
Verified Louis Vuitton Cameras listing,Minimal wear. Verified authenticity by trusted reseller.,Louis Vuitton,Cameras,1908.57,USD,717,4.21,244,277,US,25,0
Verified Nike Sneakers listing,Serial number available. Fast shipping and returns accepted.,Nike,Sneakers,164.68,USD,721,4.22,0,257,JP,17,0
Verified Rolex Audio listing,Purchased from official store. Invoice and original box included.,Rolex,Audio,2427.82,USD,0,3.02,0,5,AE,0,1
Louis Vuitton Audio replica,No receipt available. Perfect copy and hard to tell.,Louis Vuitton,Audio,696.69,USD,0,3.26,0,0,JP,11,1
Original Bose Handbags with full packaging,Serial number available. Fast shipping and returns accepted.,Bose,Handbags,304.14,USD,715,4.22,139,489,DE,5,0
Original Rolex Handbags with full packaging,Serial number available. Fast shipping and returns accepted.,Rolex,Handbags,27583.19,USD,0,3.84,181,0,IN,10,1
Verified Gucci Sneakers listing,Serial number available. Fast shipping and returns accepted.,Gucci,Sneakers,1951.35,USD,825,5.0,293,165,TR,11,0
Verified Rolex Handbags listing,Minimal wear. Verified authenticity by trusted reseller.,Rolex,Handbags,10475.58,USD,101,4.3,1209,240,AE,12,0
Luxury Rolex wholesale lot item,"Factory source stock, no box but same quality as original.",Rolex,Electronics,4858.47,USD,268,3.52,0,82,JP,6,1
Verified Adidas Cameras listing,Serial number available. Fast shipping and returns accepted.,Adidas,Cameras,57.35,USD,478,4.62,55,232,DE,13,0
Bose Electronics no box,"Factory source stock, no box but same quality as original.",Bose,Electronics,127.9,USD,138,3.75,59,29,DE,8,1
Gucci Electronics inspired,"Factory source stock, no box but same quality as original.",Gucci,Electronics,1858.9,USD,1116,4.55,328,42,IN,50,0
Verified Gucci Watches listing,Minimal wear. Verified authenticity by trusted reseller.,Gucci,Watches,739.92,USD,269,2.98,0,18,US,0,1
Original Bose Electronics with full packaging,Serial number available. Fast shipping and returns accepted.,Bose,Electronics,229.55,USD,134,3.74,155,0,AE,6,1
Original Rolex Watches with full packaging,Purchased from official store. Invoice and original box included.,Rolex,Watches,8385.08,USD,446,4.2,0,711,CN,13,0
Verified Sony Handbags listing,Serial number available. Fast shipping and returns accepted.,Sony,Handbags,338.57,USD,524,5.0,1287,419,JP,24,0
Verified Samsung Watches listing,Minimal wear. Verified authenticity by trusted reseller.,Samsung,Watches,489.54,USD,143,4.09,1480,151,TR,37,0
Original Louis Vuitton Cameras with full packaging,Minimal wear. Verified authenticity by trusted reseller.,Louis Vuitton,Cameras,1522.03,USD,331,4.23,592,387,JP,19,1
Original Louis Vuitton Handbags with full packaging,Serial number available. Fast shipping and returns accepted.,Louis Vuitton,Handbags,2276.27,USD,175,4.01,666,122,DE,19,0
Adidas Sneakers in excellent condition,Minimal wear. Verified authenticity by trusted reseller.,Adidas,Sneakers,88.96,USD,644,3.92,242,79,IN,5,0
Gucci Watches in excellent condition,Serial number available. Fast shipping and returns accepted.,Gucci,Watches,1418.17,USD,197,4.13,361,130,CN,17,0
Original Rolex Cameras with full packaging,Minimal wear. Verified authenticity by trusted reseller.,Rolex,Cameras,7227.46,USD,1123,4.21,131,150,TR,22,0
Rolex Cameras discounted luxury,"Factory source stock, no box but same quality as original.",Rolex,Cameras,4289.28,USD,194,1.88,97,26,DE,9,1
Adidas Audio in excellent condition,Minimal wear. Verified authenticity by trusted reseller.,Adidas,Audio,38.95,USD,180,4.54,0,0,GB,12,0
Verified Gucci Sneakers listing,Purchased from official store. Invoice and original box included.,Gucci,Sneakers,2121.94,USD,1285,4.62,610,172,GB,18,0
Gucci Audio premium no box deal,No receipt available. Perfect copy and hard to tell.,Gucci,Audio,603.71,USD,0,3.99,130,25,US,5,1
Original Rolex Sneakers with full packaging,Purchased from official store. Invoice and original box included.,Rolex,Sneakers,3758.76,USD,662,4.23,296,114,TR,0,0
Apple Electronics in excellent condition,Purchased from official store. Invoice and original box included.,Apple,Electronics,845.29,USD,688,4.51,1080,411,CN,6,0
Luxury Canon looks original item,No receipt available. Perfect copy and hard to tell.,Canon,Audio,1215.96,USD,124,4.54,0,195,DE,29,0
Gucci Cameras in excellent condition,Purchased from official store. Invoice and original box included.,Gucci,Cameras,1389.8,USD,401,4.62,413,347,GB,26,0
Original Adidas Electronics with full packaging,Serial number available. Fast shipping and returns accepted.,Adidas,Electronics,140.02,USD,1022,4.6,553,436,TR,27,0
Verified Louis Vuitton Handbags listing,Minimal wear. Verified authenticity by trusted reseller.,Louis Vuitton,Handbags,268.42,USD,226,3.01,0,0,DE,4,1
Original Gucci Cameras with full packaging,Purchased from official store. Invoice and original box included.,Gucci,Cameras,2069.26,USD,571,4.36,465,425,JP,21,0
Verified Bose Sneakers listing,Minimal wear. Verified authenticity by trusted reseller.,Bose,Sneakers,217.84,USD,606,4.17,1444,139,CN,9,0
Luxury Apple authentic style item,"DM for wholesale and better price, limited details.",Apple,Watches,355.87,USD,17,1.87,204,42,GB,3,1
Original Nike Watches with full packaging,Minimal wear. Verified authenticity by trusted reseller.,Nike,Watches,86.64,USD,771,4.54,0,174,CN,18,0
Bose Electronics premium discounted luxury deal,"DM for wholesale and better price, limited details.",Bose,Electronics,208.53,USD,90,3.46,0,55,US,6,1
Original Gucci Cameras with full packaging,Purchased from official store. Invoice and original box included.,Gucci,Cameras,691.15,USD,118,3.05,125,31,GB,15,1
Apple Sneakers premium 1:1 deal,"DM for wholesale and better price, limited details.",Apple,Sneakers,690.75,USD,608,4.27,143,351,US,31,0
Verified Nike Electronics listing,Minimal wear. Verified authenticity by trusted reseller.,Nike,Electronics,92.34,USD,265,3.92,517,400,CN,21,0
Bose Sneakers in excellent condition,Purchased from official store. Invoice and original box included.,Bose,Sneakers,154.35,USD,153,3.49,32,8,JP,6,1
Original Adidas Handbags with full packaging,Serial number available. Fast shipping and returns accepted.,Adidas,Handbags,92.74,USD,26,4.49,589,346,JP,29,0
Adidas Audio in excellent condition,Minimal wear. Verified authenticity by trusted reseller.,Adidas,Audio,82.68,USD,557,3.65,1109,213,CN,22,0
Original Nike Cameras with full packaging,Minimal wear. Verified authenticity by trusted reseller.,Nike,Cameras,141.07,USD,913,4.49,0,279,JP,26,0
Apple Sneakers in excellent condition,Serial number available. Fast shipping and returns accepted.,Apple,Sneakers,1104.13,USD,448,3.66,265,0,US,12,0
Verified Adidas Audio listing,Minimal wear. Verified authenticity by trusted reseller.,Adidas,Audio,123.07,USD,555,4.87,0,0,GB,18,0
Apple Sneakers authentic style,No receipt available. Perfect copy and hard to tell.,Apple,Sneakers,659.44,USD,874,4.81,1030,266,TR,14,0
Verified Gucci Sneakers listing,Purchased from official store. Invoice and original box included.,Gucci,Sneakers,1486.04,USD,338,4.33,179,108,US,28,0
Rolex Handbags in excellent condition,Serial number available. Fast shipping and returns accepted.,Rolex,Handbags,11687.81,USD,323,4.18,842,71,AE,27,0
Adidas Audio in excellent condition,Serial number available. Fast shipping and returns accepted.,Adidas,Audio,89.53,USD,413,3.93,834,353,JP,30,0
Verified Nike Electronics listing,Minimal wear. Verified authenticity by trusted reseller.,Nike,Electronics,55.6,USD,73,3.11,191,0,GB,5,1
Original Sony Audio with full packaging,Purchased from official store. Invoice and original box included.,Sony,Audio,482.8,USD,840,4.57,43,394,GB,13,0
Original Samsung Electronics with full packaging,Purchased from official store. Invoice and original box included.,Samsung,Electronics,477.78,USD,820,3.88,1397,237,JP,45,0
Original Louis Vuitton Cameras with full packaging,Purchased from official store. Invoice and original box included.,Louis Vuitton,Cameras,2429.8,USD,831,4.53,209,154,DE,14,0
Verified Adidas Electronics listing,Minimal wear. Verified authenticity by trusted reseller.,Adidas,Electronics,245.29,USD,0,2.57,35,56,GB,15,1
Adidas Sneakers premium factory surplus deal,"DM for wholesale and better price, limited details.",Adidas,Sneakers,50.52,USD,135,4.24,146,64,CN,7,1
Verified Samsung Watches listing,Purchased from official store. Invoice and original box included.,Samsung,Watches,416.11,USD,826,4.19,240,321,TR,40,0
Original Sony Audio with full packaging,Serial number available. Fast shipping and returns accepted.,Sony,Audio,371.07,USD,113,4.16,105,0,JP,21,0
Bose Sneakers in excellent condition,Purchased from official store. Invoice and original box included.,Bose,Sneakers,333.72,USD,274,3.35,1083,25,IN,26,0
Adidas Audio in excellent condition,Minimal wear. Verified authenticity by trusted reseller.,Adidas,Audio,90.09,USD,0,3.78,507,151,CN,39,0
Original Louis Vuitton Watches with full packaging,Serial number available. Fast shipping and returns accepted.,Louis Vuitton,Watches,886.91,USD,0,3.28,0,1,US,8,1
Nike Cameras no box,"Factory source stock, no box but same quality as original.",Nike,Cameras,61.13,USD,32,3.25,0,57,US,17,0
Gucci Audio in excellent condition,Serial number available. Fast shipping and returns accepted.,Gucci,Audio,1249.58,USD,435,3.58,1034,344,GB,30,0
Gucci Audio in excellent condition,Serial number available. Fast shipping and returns accepted.,Gucci,Audio,1152.7,USD,605,4.86,1128,311,DE,7,0
Sony Cameras authentic style,"DM for wholesale and better price, limited details.",Sony,Cameras,243.63,USD,53,2.32,0,52,AE,15,1
Verified Adidas Electronics listing,Serial number available. Fast shipping and returns accepted.,Adidas,Electronics,117.33,USD,1306,4.87,1172,97,CN,12,0
Luxury Canon replica item,"Factory source stock, no box but same quality as original.",Canon,Audio,426.86,USD,50,2.45,57,23,JP,0,1
Verified Apple Sneakers listing,Minimal wear. Verified authenticity by trusted reseller.,Apple,Sneakers,956.87,USD,679,4.06,441,348,AE,21,0
Gucci Electronics in excellent condition,Serial number available. Fast shipping and returns accepted.,Gucci,Electronics,430.66,USD,65,3.86,10,7,AE,0,1
Verified Canon Handbags listing,Minimal wear. Verified authenticity by trusted reseller.,Canon,Handbags,423.02,USD,126,4.34,783,338,GB,12,0
Verified Sony Watches listing,Serial number available. Fast shipping and returns accepted.,Sony,Watches,81.61,USD,0,2.99,0,0,TR,0,1
Original Samsung Sneakers with full packaging,Purchased from official store. Invoice and original box included.,Samsung,Sneakers,801.53,USD,265,4.57,668,77,US,29,0
Nike Handbags wholesale lot,No receipt available. Perfect copy and hard to tell.,Nike,Handbags,74.71,USD,101,3.82,205,11,TR,8,1
Canon Cameras in excellent condition,Minimal wear. Verified authenticity by trusted reseller.,Canon,Cameras,834.07,USD,598,4.86,1081,385,IN,46,0
Nike Sneakers premium wholesale lot deal,"DM for wholesale and better price, limited details.",Nike,Sneakers,52.56,USD,11,2.55,0,9,US,13,1
Adidas Sneakers in excellent condition,Purchased from official store. Invoice and original box included.,Adidas,Sneakers,15.81,USD,59,3.4,71,41,IN,0,1
Gucci Watches in excellent condition,Purchased from official store. Invoice and original box included.,Gucci,Watches,1765.81,USD,402,4.68,854,188,AE,34,0
Louis Vuitton Watches in excellent condition,Purchased from official store. Invoice and original box included.,Louis Vuitton,Watches,1902.07,USD,148,4.46,1368,23,DE,21,0
Original Canon Watches with full packaging,Serial number available. Fast shipping and returns accepted.,Canon,Watches,608.23,USD,213,4.52,975,612,AE,18,0
Verified Louis Vuitton Audio listing,Minimal wear. Verified authenticity by trusted reseller.,Louis Vuitton,Audio,504.09,USD,68,4.22,165,100,CN,38,0
Luxury Apple mirror quality item,"DM for wholesale and better price, limited details.",Apple,Sneakers,465.69,USD,190,3.63,102,48,CN,12,1
Original Sony Audio with full packaging,Purchased from official store. Invoice and original box included.,Sony,Audio,442.43,USD,389,3.91,404,283,GB,12,0
Rolex Handbags premium mirror quality deal,No receipt available. Perfect copy and hard to tell.,Rolex,Handbags,6511.21,USD,0,4.11,0,18,AE,1,1
Verified Sony Watches listing,Minimal wear. Verified authenticity by trusted reseller.,Sony,Watches,287.83,USD,261,4.56,361,375,DE,13,0
Verified Apple Electronics listing,Minimal wear. Verified authenticity by trusted reseller.,Apple,Electronics,846.96,USD,877,4.58,233,156,AE,33,0
Original Sony Audio with full packaging,Minimal wear. Verified authenticity by trusted reseller.,Sony,Audio,549.88,USD,350,3.43,188,130,JP,0,0
Apple Watches in excellent condition,Serial number available. Fast shipping and returns accepted.,Apple,Watches,699.39,USD,722,4.03,1521,360,GB,28,0
Original Bose Handbags with full packaging,Purchased from official store. Invoice and original box included.,Bose,Handbags,217.82,USD,345,4.31,151,215,AE,26,0
Original Louis Vuitton Audio with full packaging,Serial number available. Fast shipping and returns accepted.,Louis Vuitton,Audio,2567.26,USD,1283,4.74,450,326,IN,37,0
Verified Canon Electronics listing,Minimal wear. Verified authenticity by trusted reseller.,Canon,Electronics,905.64,USD,1133,4.4,798,236,DE,7,0
Verified Canon Sneakers listing,Minimal wear. Verified authenticity by trusted reseller.,Canon,Sneakers,920.87,USD,527,4.64,239,268,JP,29,0
Apple Electronics premium without receipt deal,"DM for wholesale and better price, limited details.",Apple,Electronics,221.39,USD,17,2.97,326,0,US,9,1
Rolex Electronics in excellent condition,Minimal wear. Verified authenticity by trusted reseller.,Rolex,Electronics,5773.04,USD,1049,4.78,937,349,DE,36,0
Verified Nike Watches listing,Serial number available. Fast shipping and returns accepted.,Nike,Watches,117.19,USD,253,5.0,677,17,CN,18,0
Rolex Cameras in excellent condition,Serial number available. Fast shipping and returns accepted.,Rolex,Cameras,12075.34,USD,344,4.32,983,257,AE,28,0
Original Canon Handbags with full packaging,Minimal wear. Verified authenticity by trusted reseller.,Canon,Handbags,656.4,USD,1181,5.0,127,96,CN,0,0
Verified Apple Audio listing,Minimal wear. Verified authenticity by trusted reseller.,Apple,Audio,862.67,USD,1225,4.33,0,212,US,37,0
Gucci Audio replica,"DM for wholesale and better price, limited details.",Gucci,Audio,683.86,USD,136,4.5,0,43,CN,6,1
Verified Samsung Watches listing,Serial number available. Fast shipping and returns accepted.,Samsung,Watches,940.51,USD,781,4.31,932,225,US,0,0
Gucci Sneakers premium mirror quality deal,"Factory source stock, no box but same quality as original.",Gucci,Sneakers,191.52,USD,72,2.98,60,8,IN,0,1
Original Rolex Watches with full packaging,Serial number available. Fast shipping and returns accepted.,Rolex,Watches,7419.94,USD,927,3.99,1233,162,US,27,0
Original Nike Electronics with full packaging,Purchased from official store. Invoice and original box included.,Nike,Electronics,45.71,USD,27,3.46,55,0,JP,7,1
Verified Gucci Cameras listing,Minimal wear. Verified authenticity by trusted reseller.,Gucci,Cameras,1246.38,USD,1298,4.72,150,408,US,26,0
Luxury Louis Vuitton mirror quality item,"Factory source stock, no box but same quality as original.",Louis Vuitton,Handbags,777.51,USD,725,4.51,0,430,JP,42,0
Sony Cameras in excellent condition,Minimal wear. Verified authenticity by trusted reseller.,Sony,Cameras,502.3,USD,1158,4.62,408,176,TR,30,0
Original Adidas Handbags with full packaging,Purchased from official store. Invoice and original box included.,Adidas,Handbags,76.02,USD,286,3.55,523,0,AE,31,0
Apple Audio in excellent condition,Minimal wear. Verified authenticity by trusted reseller.,Apple,Audio,739.19,USD,294,4.46,1565,391,DE,12,0
Adidas Watches no box,No receipt available. Perfect copy and hard to tell.,Adidas,Watches,36.22,USD,105,1.37,145,1,CN,0,1
Nike Electronics in excellent condition,Minimal wear. Verified authenticity by trusted reseller.,Nike,Electronics,43.22,USD,168,3.4,270,3,AE,9,1
Original Samsung Watches with full packaging,Minimal wear. Verified authenticity by trusted reseller.,Samsung,Watches,1582.37,USD,28,1.84,43,0,AE,3,1
Original Samsung Electronics with full packaging,Purchased from official store. Invoice and original box included.,Samsung,Electronics,618.01,USD,356,4.94,639,285,IN,14,0
Bose Electronics in excellent condition,Serial number available. Fast shipping and returns accepted.,Bose,Electronics,591.7,USD,0,3.44,0,38,IN,1,1
Luxury Apple no box item,No receipt available. Perfect copy and hard to tell.,Apple,Watches,459.63,USD,0,3.28,125,34,AE,8,0
Bose Handbags in excellent condition,Serial number available. Fast shipping and returns accepted.,Bose,Handbags,154.07,USD,628,3.84,543,127,DE,14,0
Canon Electronics no box,No receipt available. Perfect copy and hard to tell.,Canon,Electronics,333.55,USD,70,3.4,101,0,TR,5,1
Gucci Watches in excellent condition,Serial number available. Fast shipping and returns accepted.,Gucci,Watches,2327.16,USD,0,3.34,37,13,DE,0,1
Nike Electronics in excellent condition,Purchased from official store. Invoice and original box included.,Nike,Electronics,174.02,USD,708,4.49,727,22,US,11,0
Adidas Sneakers replica,No receipt available. Perfect copy and hard to tell.,Adidas,Sneakers,90.43,USD,477,4.5,731,298,AE,37,0
Verified Rolex Audio listing,Purchased from official store. Invoice and original box included.,Rolex,Audio,2359.66,USD,62,3.15,0,19,IN,7,1
Apple Electronics no box,No receipt available. Perfect copy and hard to tell.,Apple,Electronics,285.05,USD,17,3.54,163,4,GB,6,1
Original Rolex Audio with full packaging,Minimal wear. Verified authenticity by trusted reseller.,Rolex,Audio,4996.46,USD,332,4.51,660,0,AE,19,0
Apple Watches factory surplus,"DM for wholesale and better price, limited details.",Apple,Watches,771.32,USD,1101,4.59,205,379,US,42,0
Nike Audio in excellent condition,Serial number available. Fast shipping and returns accepted.,Nike,Audio,122.56,USD,874,4.88,237,0,JP,33,0
Sony Audio in excellent condition,Purchased from official store. Invoice and original box included.,Sony,Audio,454.85,USD,156,4.73,1006,416,US,18,0
Original Apple Watches with full packaging,Serial number available. Fast shipping and returns accepted.,Apple,Watches,369.06,USD,182,3.16,77,23,GB,9,1
Verified Gucci Watches listing,Minimal wear. Verified authenticity by trusted reseller.,Gucci,Watches,1033.64,USD,74,2.5,0,5,CN,9,1
Original Sony Sneakers with full packaging,Minimal wear. Verified authenticity by trusted reseller.,Sony,Sneakers,472.5,USD,318,4.32,1222,0,CN,14,0
Apple Cameras in excellent condition,Purchased from official store. Invoice and original box included.,Apple,Cameras,861.15,USD,642,4.09,54,420,US,62,0
Adidas Handbags in excellent condition,Minimal wear. Verified authenticity by trusted reseller.,Adidas,Handbags,40.78,USD,283,2.64,3,20,JP,10,1
Original Nike Electronics with full packaging,Minimal wear. Verified authenticity by trusted reseller.,Nike,Electronics,94.78,USD,745,4.1,803,340,GB,33,0
Verified Adidas Handbags listing,Serial number available. Fast shipping and returns accepted.,Adidas,Handbags,55.85,USD,499,4.52,230,0,JP,17,0
Verified Sony Sneakers listing,Serial number available. Fast shipping and returns accepted.,Sony,Sneakers,451.75,USD,682,4.21,737,327,AE,39,0
Rolex Cameras discounted luxury,"DM for wholesale and better price, limited details.",Rolex,Cameras,9611.81,USD,287,4.42,70,378,IN,18,0
Sony Electronics premium dm for more deal,No receipt available. Perfect copy and hard to tell.,Sony,Electronics,1317.74,USD,124,3.48,0,19,AE,12,1
Original Louis Vuitton Cameras with full packaging,Purchased from official store. Invoice and original box included.,Louis Vuitton,Cameras,305.78,USD,86,3.77,4,0,DE,0,1
Verified Apple Audio listing,Minimal wear. Verified authenticity by trusted reseller.,Apple,Audio,413.55,USD,400,4.6,487,274,AE,0,0
Sony Audio in excellent condition,Minimal wear. Verified authenticity by trusted reseller.,Sony,Audio,541.35,USD,105,4.43,1186,221,US,9,0
Louis Vuitton Watches in excellent condition,Serial number available. Fast shipping and returns accepted.,Louis Vuitton,Watches,2147.41,USD,883,4.46,798,0,IN,38,0
Verified Canon Cameras listing,Serial number available. Fast shipping and returns accepted.,Canon,Cameras,452.39,USD,0,3.73,63,32,TR,1,1
Rolex Handbags in excellent condition,Minimal wear. Verified authenticity by trusted reseller.,Rolex,Handbags,8654.31,USD,258,3.99,1538,321,IN,6,0
Nike Audio in excellent condition,Purchased from official store. Invoice and original box included.,Nike,Audio,124.84,USD,818,4.7,140,261,TR,0,0
Original Canon Cameras with full packaging,Serial number available. Fast shipping and returns accepted.,Canon,Cameras,189.58,USD,106,2.94,208,0,JP,22,1
Verified Sony Sneakers listing,Serial number available. Fast shipping and returns accepted.,Sony,Sneakers,101.67,USD,244,2.35,46,54,JP,10,1
Original Apple Sneakers with full packaging,Serial number available. Fast shipping and returns accepted.,Apple,Sneakers,667.99,USD,939,4.37,462,366,JP,16,0
Bose Audio in excellent condition,Minimal wear. Verified authenticity by trusted reseller.,Bose,Audio,280.09,USD,1235,4.27,1240,391,GB,24,0
Verified Rolex Watches listing,Minimal wear. Verified authenticity by trusted reseller.,Rolex,Watches,7224.26,USD,293,4.17,1103,395,TR,20,0
Verified Gucci Audio listing,Minimal wear. Verified authenticity by trusted reseller.,Gucci,Audio,1615.77,USD,0,4.47,0,88,CN,27,0
Verified Nike Electronics listing,Serial number available. Fast shipping and returns accepted.,Nike,Electronics,93.56,USD,228,3.19,591,670,TR,15,0
Luxury Samsung no box item,No receipt available. Perfect copy and hard to tell.,Samsung,Audio,202.57,USD,118,3.14,102,30,US,0,1
Nike Sneakers in excellent condition,Serial number available. Fast shipping and returns accepted.,Nike,Sneakers,49.77,USD,150,3.04,181,0,AE,9,1
Louis Vuitton Cameras in excellent condition,Serial number available. Fast shipping and returns accepted.,Louis Vuitton,Cameras,2307.24,USD,239,4.09,206,295,IN,30,0
Original Rolex Handbags with full packaging,Purchased from official store. Invoice and original box included.,Rolex,Handbags,9712.32,USD,841,5.0,741,301,CN,33,0
Samsung Handbags premium without receipt deal,"Factory source stock, no box but same quality as original.",Samsung,Handbags,334.86,USD,242,4.25,0,28,TR,11,1
Samsung Electronics premium copy version deal,"DM for wholesale and better price, limited details.",Samsung,Electronics,2448.58,USD,106,2.47,177,31,IN,2,1
Canon Handbags discounted luxury,"Factory source stock, no box but same quality as original.",Canon,Handbags,520.3,USD,94,2.72,0,48,CN,10,1
Luxury Samsung replica item,No receipt available. Perfect copy and hard to tell.,Samsung,Sneakers,295.95,USD,70,2.79,72,9,AE,6,1
Original Apple Electronics with full packaging,Serial number available. Fast shipping and returns accepted.,Apple,Electronics,813.21,USD,500,4.24,717,345,TR,8,0
Canon Handbags 1:1,"Factory source stock, no box but same quality as original.",Canon,Handbags,461.18,USD,89,3.58,77,0,DE,0,1
Verified Sony Electronics listing,Purchased from official store. Invoice and original box included.,Sony,Electronics,508.62,USD,0,4.14,891,285,AE,12,0
Apple Audio in excellent condition,Serial number available. Fast shipping and returns accepted.,Apple,Audio,550.6,USD,552,4.08,568,277,CN,16,0
Original Louis Vuitton Sneakers with full packaging,Serial number available. Fast shipping and returns accepted.,Louis Vuitton,Sneakers,1227.88,USD,0,4.38,991,457,AE,32,0
Original Apple Watches with full packaging,Serial number available. Fast shipping and returns accepted.,Apple,Watches,1005.31,USD,227,4.84,1398,464,IN,29,0
Verified Canon Cameras listing,Purchased from official store. Invoice and original box included.,Canon,Cameras,910.71,USD,0,4.23,391,354,CN,24,0
Samsung Electronics in excellent condition,Serial number available. Fast shipping and returns accepted.,Samsung,Electronics,90.24,USD,144,2.68,3,55,GB,9,1
Original Canon Handbags with full packaging,Purchased from official store. Invoice and original box included.,Canon,Handbags,1080.7,USD,811,4.01,175,0,JP,39,0
Rolex Cameras in excellent condition,Serial number available. Fast shipping and returns accepted.,Rolex,Cameras,11728.14,USD,968,4.37,1710,758,IN,27,0
Canon Cameras in excellent condition,Serial number available. Fast shipping and returns accepted.,Canon,Cameras,425.38,USD,157,3.69,136,48,DE,12,1
Apple Audio premium dm for more deal,No receipt available. Perfect copy and hard to tell.,Apple,Audio,895.89,USD,400,4.5,0,399,TR,9,0
Sony Electronics in excellent condition,Serial number available. Fast shipping and returns accepted.,Sony,Electronics,71.35,USD,70,2.45,0,15,JP,11,1
Verified Gucci Cameras listing,Serial number available. Fast shipping and returns accepted.,Gucci,Cameras,1198.69,USD,58,4.93,259,437,JP,10,0
Apple Sneakers in excellent condition,Purchased from official store. Invoice and original box included.,Apple,Sneakers,514.37,USD,1051,5.0,859,381,US,20,0
Original Canon Handbags with full packaging,Serial number available. Fast shipping and returns accepted.,Canon,Handbags,302.8,USD,38,2.77,75,0,JP,22,1
Verified Rolex Watches listing,Serial number available. Fast shipping and returns accepted.,Rolex,Watches,5048.88,USD,89,2.41,33,22,US,7,1
Original Canon Watches with full packaging,Serial number available. Fast shipping and returns accepted.,Canon,Watches,845.83,USD,840,4.91,0,192,GB,14,0
Verified Rolex Electronics listing,Serial number available. Fast shipping and returns accepted.,Rolex,Electronics,15313.4,USD,632,4.5,0,241,CN,33,0
Original Gucci Audio with full packaging,Serial number available. Fast shipping and returns accepted.,Gucci,Audio,2291.81,USD,493,4.83,258,132,CN,42,0
Bose Cameras in excellent condition,Serial number available. Fast shipping and returns accepted.,Bose,Cameras,328.75,USD,117,4.8,367,96,AE,21,0
Luxury Nike mirror quality item,No receipt available. Perfect copy and hard to tell.,Nike,Audio,79.05,USD,132,4.58,219,38,GB,10,1
Original Nike Handbags with full packaging,Serial number available. Fast shipping and returns accepted.,Nike,Handbags,75.37,USD,471,4.33,1315,153,US,22,0
Verified Canon Sneakers listing,Minimal wear. Verified authenticity by trusted reseller.,Canon,Sneakers,567.09,USD,0,4.57,437,598,US,7,0
Original Adidas Handbags with full packaging,Purchased from official store. Invoice and original box included.,Adidas,Handbags,106.25,USD,729,5.0,140,419,CN,21,0
Verified Rolex Sneakers listing,Serial number available. Fast shipping and returns accepted.,Rolex,Sneakers,3994.3,USD,182,4.17,773,406,GB,22,0
Verified Rolex Handbags listing,Purchased from official store. Invoice and original box included.,Rolex,Handbags,10451.36,USD,289,3.6,915,175,CN,24,0
Original Canon Cameras with full packaging,Serial number available. Fast shipping and returns accepted.,Canon,Cameras,871.86,USD,577,4.85,1176,251,AE,19,0
Verified Canon Sneakers listing,Purchased from official store. Invoice and original box included.,Canon,Sneakers,653.73,USD,318,4.15,540,482,GB,29,0
Gucci Audio premium replica deal,No receipt available. Perfect copy and hard to tell.,Gucci,Audio,791.8,USD,0,3.21,252,55,IN,0,1
Luxury Sony 1:1 item,No receipt available. Perfect copy and hard to tell.,Sony,Audio,185.64,USD,0,2.59,302,7,DE,4,1
Verified Sony Cameras listing,Minimal wear. Verified authenticity by trusted reseller.,Sony,Cameras,315.53,USD,1009,4.35,416,0,JP,36,0
Sony Cameras in excellent condition,Serial number available. Fast shipping and returns accepted.,Sony,Cameras,99.13,USD,39,3.6,229,11,TR,1,1
Verified Gucci Audio listing,Minimal wear. Verified authenticity by trusted reseller.,Gucci,Audio,1012.53,USD,762,5.0,743,329,IN,31,0
Verified Gucci Electronics listing,Minimal wear. Verified authenticity by trusted reseller.,Gucci,Electronics,392.22,USD,0,2.87,208,21,JP,3,1
Rolex Watches in excellent condition,Minimal wear. Verified authenticity by trusted reseller.,Rolex,Watches,9767.06,USD,256,4.16,1210,624,AE,25,0
Apple Handbags in excellent condition,Serial number available. Fast shipping and returns accepted.,Apple,Handbags,729.29,USD,1157,3.84,391,289,AE,18,0
Original Canon Sneakers with full packaging,Serial number available. Fast shipping and returns accepted.,Canon,Sneakers,684.61,USD,685,4.57,1086,180,DE,8,0
Canon Handbags in excellent condition,Minimal wear. Verified authenticity by trusted reseller.,Canon,Handbags,3455.59,USD,154,2.32,158,0,DE,4,1
Adidas Watches in excellent condition,Purchased from official store. Invoice and original box included.,Adidas,Watches,45.32,USD,787,4.14,1076,63,IN,27,0
Verified Sony Handbags listing,Serial number available. Fast shipping and returns accepted.,Sony,Handbags,556.75,USD,1030,4.7,634,283,CN,37,0
Gucci Electronics looks original,No receipt available. Perfect copy and hard to tell.,Gucci,Electronics,701.27,USD,31,2.82,33,30,JP,12,1
Apple Watches in excellent condition,Purchased from official store. Invoice and original box included.,Apple,Watches,747.29,USD,157,4.44,390,502,IN,12,0
Verified Louis Vuitton Electronics listing,Minimal wear. Verified authenticity by trusted reseller.,Louis Vuitton,Electronics,1021.47,USD,0,3.23,0,0,JP,8,1
Luxury Adidas inspired item,"DM for wholesale and better price, limited details.",Adidas,Handbags,183.78,USD,0,3.25,0,30,US,0,1
Louis Vuitton Handbags premium looks original deal,"Factory source stock, no box but same quality as original.",Louis Vuitton,Handbags,1175.95,USD,961,4.08,351,525,GB,28,0
Rolex Sneakers in excellent condition,Purchased from official store. Invoice and original box included.,Rolex,Sneakers,13627.48,USD,0,3.81,826,57,IN,29,0
Louis Vuitton Cameras in excellent condition,Minimal wear. Verified authenticity by trusted reseller.,Louis Vuitton,Cameras,1506.55,USD,619,4.17,410,197,DE,39,0
Sony Electronics copy version,No receipt available. Perfect copy and hard to tell.,Sony,Electronics,199.7,USD,0,3.74,17,0,CN,21,1
Original Louis Vuitton Handbags with full packaging,Minimal wear. Verified authenticity by trusted reseller.,Louis Vuitton,Handbags,1885.15,USD,924,3.19,44,273,TR,25,0
Rolex Sneakers in excellent condition,Serial number available. Fast shipping and returns accepted.,Rolex,Sneakers,9408.37,USD,636,4.29,321,415,GB,2,0
Original Louis Vuitton Sneakers with full packaging,Purchased from official store. Invoice and original box included.,Louis Vuitton,Sneakers,1372.07,USD,89,4.14,943,245,JP,35,0
Verified Adidas Cameras listing,Purchased from official store. Invoice and original box included.,Adidas,Cameras,51.95,USD,686,4.06,1130,217,AE,12,0
Sony Cameras in excellent condition,Minimal wear. Verified authenticity by trusted reseller.,Sony,Cameras,359.22,USD,637,4.5,280,177,TR,27,0
Original Nike Cameras with full packaging,Purchased from official store. Invoice and original box included.,Nike,Cameras,54.86,USD,0,3.16,0,3,TR,9,1
Original Samsung Cameras with full packaging,Serial number available. Fast shipping and returns accepted.,Samsung,Cameras,573.42,USD,223,3.68,1414,345,IN,15,0
Luxury Gucci discounted luxury item,"DM for wholesale and better price, limited details.",Gucci,Handbags,547.17,USD,530,4.9,760,0,TR,51,0
Original Canon Watches with full packaging,Purchased from official store. Invoice and original box included.,Canon,Watches,488.9,USD,506,4.6,819,262,US,27,0
Original Bose Cameras with full packaging,Purchased from official store. Invoice and original box included.,Bose,Cameras,118.05,USD,133,3.76,131,0,TR,4,1
Samsung Watches in excellent condition,Minimal wear. Verified authenticity by trusted reseller.,Samsung,Watches,752.73,USD,483,3.82,707,128,DE,7,0
Original Louis Vuitton Sneakers with full packaging,Purchased from official store. Invoice and original box included.,Louis Vuitton,Sneakers,1353.97,USD,153,4.11,765,470,US,20,0
Sony Sneakers premium dm for more deal,"DM for wholesale and better price, limited details.",Sony,Sneakers,1017.7,USD,169,4.47,0,21,JP,0,1
Original Gucci Sneakers with full packaging,Minimal wear. Verified authenticity by trusted reseller.,Gucci,Sneakers,1340.23,USD,0,3.7,976,268,GB,39,0
Nike Handbags in excellent condition,Purchased from official store. Invoice and original box included.,Nike,Handbags,50.48,USD,85,2.59,40,4,GB,0,1
Gucci Cameras in excellent condition,Minimal wear. Verified authenticity by trusted reseller.,Gucci,Cameras,1937.52,USD,0,5.0,1220,136,US,8,0
Verified Louis Vuitton Electronics listing,Purchased from official store. Invoice and original box included.,Louis Vuitton,Electronics,1208.95,USD,813,4.84,384,465,CN,22,0
Sony Handbags in excellent condition,Purchased from official store. Invoice and original box included.,Sony,Handbags,271.77,USD,525,4.05,551,208,AE,18,0
Adidas Audio premium dm for more deal,"Factory source stock, no box but same quality as original.",Adidas,Audio,66.07,USD,72,3.11,95,12,GB,0,1
Original Bose Watches with full packaging,Serial number available. Fast shipping and returns accepted.,Bose,Watches,184.34,USD,606,4.13,646,55,GB,11,0
Original Adidas Electronics with full packaging,Minimal wear. Verified authenticity by trusted reseller.,Adidas,Electronics,81.23,USD,761,4.35,534,312,TR,13,0
Adidas Cameras in excellent condition,Purchased from official store. Invoice and original box included.,Adidas,Cameras,62.75,USD,659,4.5,191,130,GB,4,0
Sony Cameras premium wholesale lot deal,"Factory source stock, no box but same quality as original.",Sony,Cameras,1215.14,USD,62,3.14,0,0,DE,9,1
Original Canon Watches with full packaging,Serial number available. Fast shipping and returns accepted.,Canon,Watches,435.59,USD,93,2.71,135,17,DE,0,1
Sony Cameras in excellent condition,Purchased from official store. Invoice and original box included.,Sony,Cameras,444.67,USD,295,4.47,1660,351,DE,23,0
Apple Audio replica,"Factory source stock, no box but same quality as original.",Apple,Audio,1990.53,USD,344,3.8,206,19,TR,6,1
Verified Apple Handbags listing,Serial number available. Fast shipping and returns accepted.,Apple,Handbags,277.81,USD,95,3.26,176,0,CN,0,1
Verified Rolex Watches listing,Purchased from official store. Invoice and original box included.,Rolex,Watches,6450.85,USD,799,4.68,1014,251,US,8,0
Rolex Watches in excellent condition,Serial number available. Fast shipping and returns accepted.,Rolex,Watches,8600.21,USD,302,4.36,0,190,JP,9,0
Apple Sneakers in excellent condition,Minimal wear. Verified authenticity by trusted reseller.,Apple,Sneakers,286.31,USD,299,3.85,71,28,US,0,1
Verified Canon Audio listing,Serial number available. Fast shipping and returns accepted.,Canon,Audio,746.32,USD,422,3.67,422,0,GB,31,0
Verified Apple Handbags listing,Minimal wear. Verified authenticity by trusted reseller.,Apple,Handbags,860.63,USD,1057,4.66,119,355,JP,27,0
Verified Samsung Cameras listing,Minimal wear. Verified authenticity by trusted reseller.,Samsung,Cameras,632.95,USD,719,3.73,403,317,DE,15,0
Bose Cameras in excellent condition,Purchased from official store. Invoice and original box included.,Bose,Cameras,158.17,USD,149,3.74,0,39,CN,3,1
Rolex Cameras in excellent condition,Purchased from official store. Invoice and original box included.,Rolex,Cameras,3266.12,USD,74,1.94,285,0,TR,1,1
Luxury Gucci mirror quality item,No receipt available. Perfect copy and hard to tell.,Gucci,Watches,416.65,USD,177,3.42,0,39,DE,13,1
Louis Vuitton Cameras wholesale lot,"Factory source stock, no box but same quality as original.",Louis Vuitton,Cameras,466.88,USD,162,2.8,200,0,CN,1,1
Sony Cameras in excellent condition,Serial number available. Fast shipping and returns accepted.,Sony,Cameras,578.78,USD,437,4.33,0,651,JP,6,1
Luxury Nike wholesale lot item,No receipt available. Perfect copy and hard to tell.,Nike,Sneakers,58.12,USD,231,3.7,61,47,JP,15,1
Luxury Apple no box item,"Factory source stock, no box but same quality as original.",Apple,Audio,319.59,USD,65,3.3,28,5,CN,13,1
Verified Louis Vuitton Sneakers listing,Serial number available. Fast shipping and returns accepted.,Louis Vuitton,Sneakers,1776.75,USD,384,4.54,1121,258,DE,35,0
Verified Gucci Audio listing,Serial number available. Fast shipping and returns accepted.,Gucci,Audio,417.0,USD,0,3.07,39,34,US,5,1
Original Nike Electronics with full packaging,Minimal wear. Verified authenticity by trusted reseller.,Nike,Electronics,74.36,USD,700,4.0,867,142,GB,6,0
Verified Canon Electronics listing,Minimal wear. Verified authenticity by trusted reseller.,Canon,Electronics,399.83,USD,0,4.21,42,0,JP,3,1
Luxury Gucci looks original item,"DM for wholesale and better price, limited details.",Gucci,Watches,2690.31,USD,323,2.54,137,0,AE,6,1
Verified Apple Sneakers listing,Purchased from official store. Invoice and original box included.,Apple,Sneakers,903.1,USD,686,4.62,325,500,IN,4,0
Gucci Watches premium factory surplus deal,"Factory source stock, no box but same quality as original.",Gucci,Watches,812.25,USD,168,2.67,176,40,TR,17,1
Verified Sony Audio listing,Minimal wear. Verified authenticity by trusted reseller.,Sony,Audio,403.49,USD,576,4.13,884,412,JP,21,0
Original Sony Cameras with full packaging,Purchased from official store. Invoice and original box included.,Sony,Cameras,496.74,USD,504,3.85,1223,492,DE,21,0
Verified Canon Cameras listing,Minimal wear. Verified authenticity by trusted reseller.,Canon,Cameras,751.56,USD,553,4.08,131,508,US,31,0
Sony Handbags premium discounted luxury deal,"DM for wholesale and better price, limited details.",Sony,Handbags,211.66,USD,164,2.74,221,54,GB,9,1
Original Louis Vuitton Handbags with full packaging,Serial number available. Fast shipping and returns accepted.,Louis Vuitton,Handbags,415.89,USD,171,2.87,27,0,DE,1,1
Original Gucci Handbags with full packaging,Purchased from official store. Invoice and original box included.,Gucci,Handbags,1525.22,USD,1248,4.51,359,115,JP,42,0
Canon Handbags premium looks original deal,No receipt available. Perfect copy and hard to tell.,Canon,Handbags,587.94,USD,101,3.77,103,5,GB,10,1
Adidas Sneakers premium copy version deal,"Factory source stock, no box but same quality as original.",Adidas,Sneakers,91.06,USD,540,4.78,306,234,IN,34,0
Canon Audio in excellent condition,Minimal wear. Verified authenticity by trusted reseller.,Canon,Audio,406.98,USD,73,3.37,0,0,AE,0,1
Luxury Gucci looks original item,"Factory source stock, no box but same quality as original.",Gucci,Handbags,1017.55,USD,88,3.15,232,0,GB,0,1
Nike Handbags in excellent condition,Minimal wear. Verified authenticity by trusted reseller.,Nike,Handbags,86.51,USD,584,4.02,1134,387,AE,26,1
Original Apple Sneakers with full packaging,Serial number available. Fast shipping and returns accepted.,Apple,Sneakers,453.21,USD,42,2.09,149,32,DE,9,1
Verified Canon Electronics listing,Serial number available. Fast shipping and returns accepted.,Canon,Electronics,772.47,USD,695,4.23,496,317,US,26,0
Luxury Rolex factory surplus item,No receipt available. Perfect copy and hard to tell.,Rolex,Cameras,2910.47,USD,0,2.57,196,23,US,9,1
Verified Nike Sneakers listing,Purchased from official store. Invoice and original box included.,Nike,Sneakers,82.62,USD,946,4.7,418,126,GB,33,0
Original Canon Electronics with full packaging,Purchased from official store. Invoice and original box included.,Canon,Electronics,485.97,USD,105,3.39,43,22,US,4,1
Gucci Cameras in excellent condition,Purchased from official store. Invoice and original box included.,Gucci,Cameras,666.21,USD,884,5.0,0,0,DE,24,0
Rolex Watches in excellent condition,Minimal wear. Verified authenticity by trusted reseller.,Rolex,Watches,16254.49,USD,54,4.51,0,0,US,24,0
Original Gucci Watches with full packaging,Minimal wear. Verified authenticity by trusted reseller.,Gucci,Watches,1190.53,USD,840,4.63,1152,394,JP,25,0
Apple Watches in excellent condition,Serial number available. Fast shipping and returns accepted.,Apple,Watches,952.17,USD,734,3.66,130,144,TR,24,0
Original Louis Vuitton Handbags with full packaging,Serial number available. Fast shipping and returns accepted.,Louis Vuitton,Handbags,1116.33,USD,517,4.66,652,370,JP,24,0
Verified Sony Cameras listing,Serial number available. Fast shipping and returns accepted.,Sony,Cameras,212.05,USD,312,2.64,57,0,IN,0,1
Original Nike Cameras with full packaging,Minimal wear. Verified authenticity by trusted reseller.,Nike,Cameras,141.52,USD,682,4.49,446,181,AE,26,0
Gucci Cameras in excellent condition,Minimal wear. Verified authenticity by trusted reseller.,Gucci,Cameras,1428.59,USD,630,4.63,881,530,TR,10,0
Luxury Canon inspired item,"Factory source stock, no box but same quality as original.",Canon,Electronics,569.42,USD,27,4.01,229,29,CN,9,1
Samsung Watches in excellent condition,Serial number available. Fast shipping and returns accepted.,Samsung,Watches,679.3,USD,346,4.61,717,431,TR,26,0
Gucci Audio premium wholesale lot deal,"DM for wholesale and better price, limited details.",Gucci,Audio,4189.11,USD,0,2.85,0,29,JP,11,1
Verified Adidas Audio listing,Minimal wear. Verified authenticity by trusted reseller.,Adidas,Audio,93.68,USD,1106,4.61,341,0,JP,22,0
Samsung Cameras in excellent condition,Serial number available. Fast shipping and returns accepted.,Samsung,Cameras,664.9,USD,1207,4.84,394,261,IN,0,0
Original Rolex Electronics with full packaging,Purchased from official store. Invoice and original box included.,Rolex,Electronics,10713.48,USD,1006,3.97,63,146,DE,13,0
Apple Cameras premium copy version deal,"DM for wholesale and better price, limited details.",Apple,Cameras,351.12,USD,0,2.63,182,0,IN,10,1
Apple Audio in excellent condition,Minimal wear. Verified authenticity by trusted reseller.,Apple,Audio,748.81,USD,1128,4.44,326,0,TR,17,0
Bose Audio premium wholesale lot deal,"Factory source stock, no box but same quality as original.",Bose,Audio,143.96,USD,68,3.16,73,0,JP,12,1
Gucci Audio in excellent condition,Serial number available. Fast shipping and returns accepted.,Gucci,Audio,1470.41,USD,281,4.34,592,644,US,18,0
Verified Adidas Handbags listing,Purchased from official store. Invoice and original box included.,Adidas,Handbags,54.72,USD,260,2.78,0,0,DE,11,1
Verified Canon Handbags listing,Purchased from official store. Invoice and original box included.,Canon,Handbags,1436.63,USD,159,2.86,259,0,US,14,1
Luxury Sony without receipt item,No receipt available. Perfect copy and hard to tell.,Sony,Watches,600.97,USD,125,3.29,0,61,US,4,1
Sony Electronics in excellent condition,Minimal wear. Verified authenticity by trusted reseller.,Sony,Electronics,395.69,USD,214,4.08,1015,398,AE,30,0
Verified Adidas Cameras listing,Minimal wear. Verified authenticity by trusted reseller.,Adidas,Cameras,87.01,USD,247,3.12,256,376,US,5,0
Rolex Audio in excellent condition,Serial number available. Fast shipping and returns accepted.,Rolex,Audio,13785.94,USD,931,4.49,715,113,AE,31,0
Verified Nike Handbags listing,Minimal wear. Verified authenticity by trusted reseller.,Nike,Handbags,31.82,USD,162,3.14,79,0,US,0,1
Verified Adidas Handbags listing,Purchased from official store. Invoice and original box included.,Adidas,Handbags,42.08,USD,1048,4.66,104,230,CN,39,0
Original Rolex Handbags with full packaging,Minimal wear. Verified authenticity by trusted reseller.,Rolex,Handbags,9070.69,USD,550,4.39,1531,271,CN,9,0
Rolex Watches premium copy version deal,No receipt available. Perfect copy and hard to tell.,Rolex,Watches,27362.88,USD,126,2.01,0,14,GB,10,1
Nike Sneakers premium no box deal,"DM for wholesale and better price, limited details.",Nike,Sneakers,64.48,USD,25,5.0,18,7,US,4,1
Adidas Watches premium inspired deal,"Factory source stock, no box but same quality as original.",Adidas,Watches,53.21,USD,31,2.89,137,24,DE,1,1
Verified Canon Electronics listing,Serial number available. Fast shipping and returns accepted.,Canon,Electronics,1083.44,USD,346,4.52,1125,188,GB,0,0
Verified Apple Audio listing,Purchased from official store. Invoice and original box included.,Apple,Audio,725.63,USD,996,4.04,724,200,AE,24,0
Verified Samsung Handbags listing,Serial number available. Fast shipping and returns accepted.,Samsung,Handbags,438.53,USD,110,3.05,156,0,US,10,1
Bose Cameras premium discounted luxury deal,No receipt available. Perfect copy and hard to tell.,Bose,Cameras,53.23,USD,62,2.17,197,61,GB,0,1
Original Sony Cameras with full packaging,Minimal wear. Verified authenticity by trusted reseller.,Sony,Cameras,203.24,USD,2,2.72,31,0,JP,12,1
Sony Cameras in excellent condition,Serial number available. Fast shipping and returns accepted.,Sony,Cameras,145.05,USD,184,4.38,0,4,DE,6,1
Canon Sneakers in excellent condition,Serial number available. Fast shipping and returns accepted.,Canon,Sneakers,614.12,USD,137,4.7,1017,350,CN,30,0
Original Gucci Sneakers with full packaging,Serial number available. Fast shipping and returns accepted.,Gucci,Sneakers,1319.78,USD,641,3.5,827,560,AE,24,0
Gucci Cameras in excellent condition,Serial number available. Fast shipping and returns accepted.,Gucci,Cameras,620.29,USD,59,2.24,75,0,CN,3,1
Verified Nike Watches listing,Serial number available. Fast shipping and returns accepted.,Nike,Watches,17.16,USD,229,2.61,103,0,GB,9,1
Canon Cameras in excellent condition,Minimal wear. Verified authenticity by trusted reseller.,Canon,Cameras,1163.0,USD,716,3.3,283,126,US,17,0
Gucci Audio premium 1:1 deal,No receipt available. Perfect copy and hard to tell.,Gucci,Audio,10.0,USD,52,2.86,221,34,US,5,1
Original Rolex Audio with full packaging,Minimal wear. Verified authenticity by trusted reseller.,Rolex,Audio,5112.66,USD,652,4.22,1086,119,IN,18,0
Original Apple Handbags with full packaging,Minimal wear. Verified authenticity by trusted reseller.,Apple,Handbags,858.86,USD,570,3.87,166,115,DE,19,0
Louis Vuitton Cameras premium dm for more deal,No receipt available. Perfect copy and hard to tell.,Louis Vuitton,Cameras,1067.16,USD,187,3.52,77,29,GB,8,1
Verified Louis Vuitton Watches listing,Minimal wear. Verified authenticity by trusted reseller.,Louis Vuitton,Watches,1809.33,USD,851,4.04,0,127,US,13,0
Original Adidas Audio with full packaging,Minimal wear. Verified authenticity by trusted reseller.,Adidas,Audio,113.65,USD,396,4.46,578,174,DE,1,1
Original Apple Watches with full packaging,Serial number available. Fast shipping and returns accepted.,Apple,Watches,335.51,USD,145,2.55,46,16,AE,14,1
Luxury Apple factory surplus item,No receipt available. Perfect copy and hard to tell.,Apple,Cameras,1177.05,USD,535,4.32,457,324,GB,10,0
Rolex Handbags premium copy version deal,"Factory source stock, no box but same quality as original.",Rolex,Handbags,6849.72,USD,288,3.6,115,15,TR,7,1
Sony Watches discounted luxury,"DM for wholesale and better price, limited details.",Sony,Watches,130.58,USD,225,3.21,154,0,AE,6,1
Verified Adidas Audio listing,Serial number available. Fast shipping and returns accepted.,Adidas,Audio,50.08,USD,0,3.05,46,29,JP,5,1
Original Nike Audio with full packaging,Purchased from official store. Invoice and original box included.,Nike,Audio,100.47,USD,0,4.16,157,13,TR,5,1
Bose Handbags in excellent condition,Minimal wear. Verified authenticity by trusted reseller.,Bose,Handbags,140.06,USD,333,3.86,888,115,DE,25,0
Luxury Bose wholesale lot item,No receipt available. Perfect copy and hard to tell.,Bose,Electronics,93.72,USD,104,3.44,209,39,AE,16,1
Apple Electronics in excellent condition,Minimal wear. Verified authenticity by trusted reseller.,Apple,Electronics,333.58,USD,29,3.75,0,40,IN,7,1
Bose Watches in excellent condition,Serial number available. Fast shipping and returns accepted.,Bose,Watches,256.28,USD,965,3.59,509,487,JP,22,0
Luxury Louis Vuitton factory surplus item,"DM for wholesale and better price, limited details.",Louis Vuitton,Audio,2013.66,USD,760,5.0,183,485,GB,0,0
Luxury Apple no box item,No receipt available. Perfect copy and hard to tell.,Apple,Cameras,386.31,USD,45,3.28,0,42,DE,8,1
Verified Nike Audio listing,Purchased from official store. Invoice and original box included.,Nike,Audio,45.72,USD,124,4.31,0,0,AE,8,1
Original Sony Watches with full packaging,Purchased from official store. Invoice and original box included.,Sony,Watches,266.11,USD,535,4.75,530,215,US,32,0
Samsung Watches premium looks original deal,"Factory source stock, no box but same quality as original.",Samsung,Watches,118.22,USD,120,1.96,99,43,US,0,1
Verified Sony Cameras listing,Minimal wear. Verified authenticity by trusted reseller.,Sony,Cameras,327.06,USD,639,4.11,741,369,GB,7,0
Original Samsung Watches with full packaging,Purchased from official store. Invoice and original box included.,Samsung,Watches,817.5,USD,261,4.24,401,560,US,32,0
Original Louis Vuitton Sneakers with full packaging,Minimal wear. Verified authenticity by trusted reseller.,Louis Vuitton,Sneakers,1580.91,USD,893,4.34,642,339,JP,18,0
Canon Electronics in excellent condition,Minimal wear. Verified authenticity by trusted reseller.,Canon,Electronics,509.75,USD,424,4.51,676,335,CN,23,0
Verified Samsung Sneakers listing,Serial number available. Fast shipping and returns accepted.,Samsung,Sneakers,683.01,USD,0,3.83,1039,206,IN,24,0
Gucci Sneakers no box,"Factory source stock, no box but same quality as original.",Gucci,Sneakers,750.49,USD,282,2.87,253,0,US,10,1
Original Bose Cameras with full packaging,Minimal wear. Verified authenticity by trusted reseller.,Bose,Cameras,116.39,USD,542,4.04,238,334,IN,25,0
Verified Samsung Handbags listing,Minimal wear. Verified authenticity by trusted reseller.,Samsung,Handbags,950.57,USD,909,4.58,345,108,DE,8,0
Rolex Electronics in excellent condition,Purchased from official store. Invoice and original box included.,Rolex,Electronics,2936.12,USD,188,2.79,80,10,JP,0,1
Canon Cameras in excellent condition,Purchased from official store. Invoice and original box included.,Canon,Cameras,954.13,USD,303,4.12,914,213,AE,20,0
Nike Watches in excellent condition,Purchased from official store. Invoice and original box included.,Nike,Watches,134.1,USD,1115,4.5,1040,155,CN,35,0
Luxury Louis Vuitton no box item,"DM for wholesale and better price, limited details.",Louis Vuitton,Watches,673.36,USD,159,3.83,0,55,DE,23,1
Luxury Samsung without receipt item,"DM for wholesale and better price, limited details.",Samsung,Watches,262.85,USD,62,4.07,77,17,JP,20,1
Verified Nike Cameras listing,Minimal wear. Verified authenticity by trusted reseller.,Nike,Cameras,81.75,USD,642,4.48,891,177,TR,38,0
Verified Rolex Electronics listing,Minimal wear. Verified authenticity by trusted reseller.,Rolex,Electronics,6789.06,USD,722,4.07,873,249,GB,10,0
Sony Watches in excellent condition,Serial number available. Fast shipping and returns accepted.,Sony,Watches,196.41,USD,52,2.46,187,41,CN,1,1
Sony Electronics in excellent condition,Purchased from official store. Invoice and original box included.,Sony,Electronics,326.23,USD,212,4.67,926,264,AE,13,0
Louis Vuitton Sneakers in excellent condition,Purchased from official store. Invoice and original box included.,Louis Vuitton,Sneakers,1920.72,USD,908,4.45,457,103,IN,33,0
Original Apple Electronics with full packaging,Minimal wear. Verified authenticity by trusted reseller.,Apple,Electronics,521.83,USD,558,4.0,537,374,AE,18,0
Original Apple Cameras with full packaging,Purchased from official store. Invoice and original box included.,Apple,Cameras,389.62,USD,0,4.11,48,41,DE,4,1
Rolex Electronics in excellent condition,Purchased from official store. Invoice and original box included.,Rolex,Electronics,9620.16,USD,729,4.31,675,90,GB,20,0
Bose Handbags premium wholesale lot deal,"Factory source stock, no box but same quality as original.",Bose,Handbags,120.8,USD,65,3.49,96,20,AE,8,0
Original Gucci Audio with full packaging,Serial number available. Fast shipping and returns accepted.,Gucci,Audio,1794.72,USD,723,4.51,118,7,AE,14,0
Original Gucci Sneakers with full packaging,Serial number available. Fast shipping and returns accepted.,Gucci,Sneakers,1546.07,USD,904,4.8,797,0,GB,23,0
Rolex Electronics in excellent condition,Minimal wear. Verified authenticity by trusted reseller.,Rolex,Electronics,11405.9,USD,0,4.89,504,380,TR,23,0
Original Louis Vuitton Electronics with full packaging,Purchased from official store. Invoice and original box included.,Louis Vuitton,Electronics,846.06,USD,879,4.62,553,176,DE,18,0
Gucci Electronics in excellent condition,Purchased from official store. Invoice and original box included.,Gucci,Electronics,1812.81,USD,0,4.84,770,541,AE,10,0
Samsung Electronics in excellent condition,Minimal wear. Verified authenticity by trusted reseller.,Samsung,Electronics,897.02,USD,0,4.44,748,297,IN,22,0
Adidas Sneakers factory surplus,"DM for wholesale and better price, limited details.",Adidas,Sneakers,227.79,USD,104,3.08,0,23,CN,8,1
Original Gucci Sneakers with full packaging,Serial number available. Fast shipping and returns accepted.,Gucci,Sneakers,1125.26,USD,540,4.09,1007,113,DE,25,0
Sony Electronics in excellent condition,Serial number available. Fast shipping and returns accepted.,Sony,Electronics,279.2,USD,732,4.15,796,259,GB,18,0
Verified Nike Electronics listing,Serial number available. Fast shipping and returns accepted.,Nike,Electronics,102.26,USD,482,4.2,259,0,DE,12,0
Nike Handbags factory surplus,No receipt available. Perfect copy and hard to tell.,Nike,Handbags,365.99,USD,174,3.48,157,32,TR,0,1
Original Canon Cameras with full packaging,Serial number available. Fast shipping and returns accepted.,Canon,Cameras,829.04,USD,577,4.34,433,281,US,29,0
Verified Adidas Electronics listing,Serial number available. Fast shipping and returns accepted.,Adidas,Electronics,116.59,USD,1012,4.19,428,458,IN,12,0
Apple Watches in excellent condition,Purchased from official store. Invoice and original box included.,Apple,Watches,313.08,USD,0,3.85,0,13,US,13,1
Verified Adidas Audio listing,Minimal wear. Verified authenticity by trusted reseller.,Adidas,Audio,78.72,USD,813,3.62,1376,429,JP,13,0
Original Gucci Cameras with full packaging,Minimal wear. Verified authenticity by trusted reseller.,Gucci,Cameras,1483.92,USD,2,4.47,1167,162,DE,33,0
Verified Louis Vuitton Cameras listing,Purchased from official store. Invoice and original box included.,Louis Vuitton,Cameras,1170.04,USD,0,3.13,149,39,IN,4,1
Original Apple Electronics with full packaging,Purchased from official store. Invoice and original box included.,Apple,Electronics,616.32,USD,1036,4.42,332,41,US,6,0
Adidas Sneakers in excellent condition,Minimal wear. Verified authenticity by trusted reseller.,Adidas,Sneakers,91.49,USD,276,4.4,491,269,GB,25,0
Verified Nike Audio listing,Purchased from official store. Invoice and original box included.,Nike,Audio,98.04,USD,181,4.46,1004,119,CN,0,0
Sony Sneakers in excellent condition,Minimal wear. Verified authenticity by trusted reseller.,Sony,Sneakers,361.18,USD,904,4.32,0,267,GB,16,0
Verified Sony Cameras listing,Purchased from official store. Invoice and original box included.,Sony,Cameras,160.56,USD,0,2.18,145,40,IN,14,1
Luxury Samsung discounted luxury item,"DM for wholesale and better price, limited details.",Samsung,Cameras,238.93,USD,65,2.12,138,12,CN,2,1
Bose Electronics premium discounted luxury deal,"DM for wholesale and better price, limited details.",Bose,Electronics,563.95,USD,0,2.25,0,0,US,3,1
Samsung Watches factory surplus,No receipt available. Perfect copy and hard to tell.,Samsung,Watches,194.32,USD,170,4.42,198,0,CN,10,1
Original Canon Electronics with full packaging,Minimal wear. Verified authenticity by trusted reseller.,Canon,Electronics,857.68,USD,269,4.25,343,106,GB,42,0
Canon Audio in excellent condition,Serial number available. Fast shipping and returns accepted.,Canon,Audio,522.21,USD,0,3.69,99,0,GB,4,1
Verified Sony Watches listing,Serial number available. Fast shipping and returns accepted.,Sony,Watches,312.19,USD,295,4.58,290,227,TR,27,0
Rolex Sneakers in excellent condition,Minimal wear. Verified authenticity by trusted reseller.,Rolex,Sneakers,11651.1,USD,1034,4.16,188,394,IN,21,0
Original Samsung Handbags with full packaging,Purchased from official store. Invoice and original box included.,Samsung,Handbags,565.06,USD,1083,4.4,563,400,TR,28,0
Bose Handbags premium replica deal,"DM for wholesale and better price, limited details.",Bose,Handbags,175.24,USD,118,2.47,43,63,GB,8,1
Verified Nike Audio listing,Minimal wear. Verified authenticity by trusted reseller.,Nike,Audio,43.04,USD,0,2.59,0,37,US,5,1
Gucci Audio in excellent condition,Purchased from official store. Invoice and original box included.,Gucci,Audio,1250.97,USD,561,4.75,928,183,US,26,0
Sony Sneakers in excellent condition,Minimal wear. Verified authenticity by trusted reseller.,Sony,Sneakers,211.01,USD,1,2.67,33,0,DE,5,1
Nike Electronics in excellent condition,Serial number available. Fast shipping and returns accepted.,Nike,Electronics,115.89,USD,760,3.94,434,128,GB,8,0
Original Rolex Sneakers with full packaging,Serial number available. Fast shipping and returns accepted.,Rolex,Sneakers,12562.6,USD,812,4.53,785,0,US,9,0
Apple Handbags in excellent condition,Serial number available. Fast shipping and returns accepted.,Apple,Handbags,333.66,USD,100,1.73,125,19,DE,5,1
Verified Bose Handbags listing,Serial number available. Fast shipping and returns accepted.,Bose,Handbags,295.29,USD,701,4.27,358,85,JP,0,0
Verified Samsung Cameras listing,Minimal wear. Verified authenticity by trusted reseller.,Samsung,Cameras,579.18,USD,87,4.4,548,364,GB,13,0
Luxury Louis Vuitton no box item,"DM for wholesale and better price, limited details.",Louis Vuitton,Electronics,716.73,USD,21,2.09,0,28,DE,5,0
Original Louis Vuitton Handbags with full packaging,Serial number available. Fast shipping and returns accepted.,Louis Vuitton,Handbags,1647.12,USD,388,4.68,0,216,GB,30,0
Verified Bose Cameras listing,Purchased from official store. Invoice and original box included.,Bose,Cameras,332.31,USD,638,4.39,1020,137,CN,18,0
Sony Electronics in excellent condition,Minimal wear. Verified authenticity by trusted reseller.,Sony,Electronics,190.27,USD,179,2.68,178,6,JP,7,1
Original Gucci Sneakers with full packaging,Purchased from official store. Invoice and original box included.,Gucci,Sneakers,495.66,USD,89,3.13,224,13,CN,16,1
Verified Samsung Handbags listing,Serial number available. Fast shipping and returns accepted.,Samsung,Handbags,198.81,USD,133,2.53,184,41,AE,2,1
Rolex Sneakers inspired,"DM for wholesale and better price, limited details.",Rolex,Sneakers,2601.12,USD,0,2.45,0,0,JP,13,1
Verified Apple Electronics listing,Minimal wear. Verified authenticity by trusted reseller.,Apple,Electronics,687.67,USD,501,4.3,744,268,AE,36,0
Luxury Bose replica item,"DM for wholesale and better price, limited details.",Bose,Sneakers,579.89,USD,68,2.16,0,14,CN,16,1
Verified Samsung Audio listing,Serial number available. Fast shipping and returns accepted.,Samsung,Audio,920.0,USD,1000,4.2,751,517,US,40,0
Luxury Canon factory surplus item,No receipt available. Perfect copy and hard to tell.,Canon,Cameras,438.75,USD,163,4.07,0,0,IN,13,1
Verified Sony Cameras listing,Purchased from official store. Invoice and original box included.,Sony,Cameras,305.86,USD,899,3.99,1466,176,TR,32,0
Gucci Audio 1:1,"DM for wholesale and better price, limited details.",Gucci,Audio,626.28,USD,0,2.51,0,0,IN,8,1
Verified Rolex Electronics listing,Purchased from official store. Invoice and original box included.,Rolex,Electronics,11258.37,USD,0,4.27,315,185,GB,3,0
Sony Cameras in excellent condition,Minimal wear. Verified authenticity by trusted reseller.,Sony,Cameras,198.74,USD,0,3.11,44,0,DE,1,1
Adidas Watches in excellent condition,Minimal wear. Verified authenticity by trusted reseller.,Adidas,Watches,86.51,USD,376,4.4,528,451,CN,11,0
Verified Nike Cameras listing,Purchased from official store. Invoice and original box included.,Nike,Cameras,153.9,USD,580,4.23,812,290,US,9,0
Gucci Cameras in excellent condition,Serial number available. Fast shipping and returns accepted.,Gucci,Cameras,169.34,USD,87,3.67,159,0,AE,0,1
Verified Adidas Sneakers listing,Serial number available. Fast shipping and returns accepted.,Adidas,Sneakers,69.22,USD,409,4.79,373,0,CN,14,0
Original Adidas Watches with full packaging,Purchased from official store. Invoice and original box included.,Adidas,Watches,94.8,USD,439,3.72,345,135,US,29,0
Original Louis Vuitton Cameras with full packaging,Purchased from official store. Invoice and original box included.,Louis Vuitton,Cameras,1871.71,USD,11,3.9,1102,370,CN,15,0
Sony Electronics inspired,"DM for wholesale and better price, limited details.",Sony,Electronics,108.62,USD,0,2.1,59,73,TR,0,1
Luxury Nike mirror quality item,"DM for wholesale and better price, limited details.",Nike,Handbags,335.91,USD,0,3.56,0,38,CN,1,1
Verified Nike Handbags listing,Minimal wear. Verified authenticity by trusted reseller.,Nike,Handbags,132.48,USD,941,3.98,1009,0,GB,22,0
Luxury Rolex authentic style item,No receipt available. Perfect copy and hard to tell.,Rolex,Electronics,5664.41,USD,293,4.1,517,181,CN,22,0
Samsung Sneakers in excellent condition,Minimal wear. Verified authenticity by trusted reseller.,Samsung,Sneakers,612.34,USD,455,4.42,985,403,DE,24,0
Gucci Sneakers in excellent condition,Minimal wear. Verified authenticity by trusted reseller.,Gucci,Sneakers,3115.02,USD,160,2.56,0,0,JP,16,1
Samsung Electronics inspired,"DM for wholesale and better price, limited details.",Samsung,Electronics,316.46,USD,68,3.63,18,28,DE,5,1
Original Apple Cameras with full packaging,Minimal wear. Verified authenticity by trusted reseller.,Apple,Cameras,336.11,USD,0,3.05,10,49,TR,0,1
Gucci Audio in excellent condition,Purchased from official store. Invoice and original box included.,Gucci,Audio,997.26,USD,674,4.06,1305,275,AE,27,0
Luxury Rolex 1:1 item,"Factory source stock, no box but same quality as original.",Rolex,Watches,3243.18,USD,0,1.67,0,48,GB,1,1
Nike Cameras in excellent condition,Minimal wear. Verified authenticity by trusted reseller.,Nike,Cameras,107.82,USD,326,3.5,702,202,US,13,0
Bose Watches without receipt,"Factory source stock, no box but same quality as original.",Bose,Watches,42.78,USD,72,3.75,59,0,DE,3,1
Adidas Sneakers in excellent condition,Minimal wear. Verified authenticity by trusted reseller.,Adidas,Sneakers,132.83,USD,415,5.0,1010,342,JP,7,0
Adidas Electronics premium no box deal,"DM for wholesale and better price, limited details.",Adidas,Electronics,33.65,USD,115,2.74,119,0,JP,4,1
Rolex Handbags no box,"DM for wholesale and better price, limited details.",Rolex,Handbags,13679.03,USD,237,4.5,212,258,TR,25,0
Verified Gucci Audio listing,Serial number available. Fast shipping and returns accepted.,Gucci,Audio,1250.36,USD,516,4.1,1287,299,AE,20,0
Verified Adidas Watches listing,Purchased from official store. Invoice and original box included.,Adidas,Watches,84.53,USD,524,4.1,829,544,TR,31,0
Bose Watches looks original,"Factory source stock, no box but same quality as original.",Bose,Watches,177.16,USD,136,2.48,22,27,CN,5,1
Rolex Handbags in excellent condition,Minimal wear. Verified authenticity by trusted reseller.,Rolex,Handbags,8987.47,USD,495,3.48,589,429,AE,21,0
Bose Handbags in excellent condition,Minimal wear. Verified authenticity by trusted reseller.,Bose,Handbags,303.34,USD,261,4.28,552,287,TR,27,0
Original Bose Electronics with full packaging,Minimal wear. Verified authenticity by trusted reseller.,Bose,Electronics,180.88,USD,175,3.76,48,77,GB,14,1
Sony Electronics premium mirror quality deal,No receipt available. Perfect copy and hard to tell.,Sony,Electronics,218.15,USD,141,3.07,0,24,JP,11,1
Verified Apple Sneakers listing,Serial number available. Fast shipping and returns accepted.,Apple,Sneakers,1035.29,USD,804,4.08,586,370,CN,24,0
Original Louis Vuitton Audio with full packaging,Serial number available. Fast shipping and returns accepted.,Louis Vuitton,Audio,1909.98,USD,674,4.61,493,79,TR,27,0
Verified Gucci Audio listing,Minimal wear. Verified authenticity by trusted reseller.,Gucci,Audio,597.66,USD,75,2.37,45,24,CN,6,1
Original Sony Sneakers with full packaging,Minimal wear. Verified authenticity by trusted reseller.,Sony,Sneakers,285.13,USD,562,4.34,700,647,US,23,0
Verified Gucci Audio listing,Serial number available. Fast shipping and returns accepted.,Gucci,Audio,982.81,USD,388,4.43,785,66,GB,31,0
Luxury Nike without receipt item,"Factory source stock, no box but same quality as original.",Nike,Sneakers,162.97,USD,1087,4.18,193,278,IN,18,0
Nike Handbags premium copy version deal,"Factory source stock, no box but same quality as original.",Nike,Handbags,58.61,USD,29,2.74,0,33,AE,8,1
Verified Apple Cameras listing,Minimal wear. Verified authenticity by trusted reseller.,Apple,Cameras,809.72,USD,179,4.4,1104,306,TR,41,0
Verified Apple Cameras listing,Serial number available. Fast shipping and returns accepted.,Apple,Cameras,704.05,USD,0,4.54,807,284,CN,7,0
Original Bose Cameras with full packaging,Minimal wear. Verified authenticity by trusted reseller.,Bose,Cameras,123.72,USD,16,3.24,84,50,JP,0,1
Verified Samsung Audio listing,Serial number available. Fast shipping and returns accepted.,Samsung,Audio,759.63,USD,668,4.14,1695,198,US,16,0
Adidas Handbags premium mirror quality deal,"Factory source stock, no box but same quality as original.",Adidas,Handbags,53.4,USD,144,2.21,114,0,TR,3,1
Bose Watches copy version,No receipt available. Perfect copy and hard to tell.,Bose,Watches,117.43,USD,71,3.66,154,41,CN,0,1
Verified Louis Vuitton Audio listing,Minimal wear. Verified authenticity by trusted reseller.,Louis Vuitton,Audio,1936.89,USD,566,3.91,335,476,DE,0,0
Samsung Electronics 1:1,"Factory source stock, no box but same quality as original.",Samsung,Electronics,1020.5,USD,211,4.15,176,458,US,23,0
Original Rolex Audio with full packaging,Minimal wear. Verified authenticity by trusted reseller.,Rolex,Audio,8649.59,USD,522,3.99,710,109,DE,23,0
Verified Gucci Handbags listing,Serial number available. Fast shipping and returns accepted.,Gucci,Handbags,5092.18,USD,105,3.99,0,0,JP,0,1
Luxury Canon no box item,"Factory source stock, no box but same quality as original.",Canon,Cameras,1053.62,USD,441,4.19,137,576,US,10,0
Gucci Watches in excellent condition,Purchased from official store. Invoice and original box included.,Gucci,Watches,1664.87,USD,426,4.69,251,531,GB,18,0
Verified Apple Sneakers listing,Minimal wear. Verified authenticity by trusted reseller.,Apple,Sneakers,629.42,USD,162,4.46,572,0,TR,45,1
Luxury Bose discounted luxury item,No receipt available. Perfect copy and hard to tell.,Bose,Handbags,96.2,USD,0,3.6,0,52,US,1,1
Verified Adidas Cameras listing,Serial number available. Fast shipping and returns accepted.,Adidas,Cameras,106.63,USD,0,3.98,1422,813,IN,22,0
Samsung Audio in excellent condition,Purchased from official store. Invoice and original box included.,Samsung,Audio,728.68,USD,44,4.53,1265,129,TR,14,0
Verified Samsung Electronics listing,Serial number available. Fast shipping and returns accepted.,Samsung,Electronics,838.17,USD,285,4.98,166,470,JP,41,0
Verified Adidas Handbags listing,Minimal wear. Verified authenticity by trusted reseller.,Adidas,Handbags,73.4,USD,1037,4.49,83,85,CN,6,0
Verified Gucci Audio listing,Minimal wear. Verified authenticity by trusted reseller.,Gucci,Audio,991.41,USD,90,4.12,451,457,JP,30,0
Rolex Sneakers looks original,No receipt available. Perfect copy and hard to tell.,Rolex,Sneakers,1469.7,USD,0,2.46,31,0,JP,11,1
Original Samsung Electronics with full packaging,Minimal wear. Verified authenticity by trusted reseller.,Samsung,Electronics,760.46,USD,641,4.4,369,114,US,20,0
Original Sony Watches with full packaging,Serial number available. Fast shipping and returns accepted.,Sony,Watches,246.1,USD,0,2.7,127,14,IN,9,1
Sony Electronics in excellent condition,Serial number available. Fast shipping and returns accepted.,Sony,Electronics,358.56,USD,327,4.39,0,308,JP,2,0
Gucci Electronics looks original,"DM for wholesale and better price, limited details.",Gucci,Electronics,1962.13,USD,750,4.37,1279,308,IN,11,0
Sony Handbags premium copy version deal,"DM for wholesale and better price, limited details.",Sony,Handbags,97.09,USD,0,3.63,45,3,CN,0,1
Verified Adidas Cameras listing,Serial number available. Fast shipping and returns accepted.,Adidas,Cameras,94.73,USD,0,4.51,1273,531,DE,8,0
Bose Handbags premium copy version deal,"Factory source stock, no box but same quality as original.",Bose,Handbags,257.91,USD,1064,4.13,295,375,US,36,0
Verified Rolex Electronics listing,Serial number available. Fast shipping and returns accepted.,Rolex,Electronics,6914.93,USD,868,3.94,362,412,CN,15,0
Original Apple Handbags with full packaging,Serial number available. Fast shipping and returns accepted.,Apple,Handbags,976.7,USD,666,4.55,396,454,AE,35,0
Nike Handbags in excellent condition,Serial number available. Fast shipping and returns accepted.,Nike,Handbags,148.52,USD,684,4.33,700,309,GB,25,0
Nike Handbags in excellent condition,Minimal wear. Verified authenticity by trusted reseller.,Nike,Handbags,151.9,USD,508,4.49,1221,177,JP,26,0
Apple Audio discounted luxury,"DM for wholesale and better price, limited details.",Apple,Audio,2272.4,USD,82,3.53,253,47,US,9,1
Original Bose Handbags with full packaging,Serial number available. Fast shipping and returns accepted.,Bose,Handbags,289.8,USD,483,3.76,1734,281,TR,36,0
Luxury Samsung no box item,"Factory source stock, no box but same quality as original.",Samsung,Cameras,580.42,USD,630,4.64,1225,575,CN,17,0
Verified Samsung Watches listing,Minimal wear. Verified authenticity by trusted reseller.,Samsung,Watches,717.48,USD,42,4.01,665,347,TR,0,0
Luxury Samsung no box item,No receipt available. Perfect copy and hard to tell.,Samsung,Watches,522.9,USD,16,3.94,87,92,TR,2,1
Gucci Sneakers in excellent condition,Purchased from official store. Invoice and original box included.,Gucci,Sneakers,1246.48,USD,1163,4.23,159,63,CN,14,0
Sony Sneakers in excellent condition,Purchased from official store. Invoice and original box included.,Sony,Sneakers,10.0,USD,34,2.27,0,24,JP,5,1
Adidas Audio premium wholesale lot deal,No receipt available. Perfect copy and hard to tell.,Adidas,Audio,53.98,USD,0,4.55,100,70,GB,5,1
Verified Bose Cameras listing,Minimal wear. Verified authenticity by trusted reseller.,Bose,Cameras,102.03,USD,195,4.55,0,40,TR,0,1
Verified Samsung Sneakers listing,Serial number available. Fast shipping and returns accepted.,Samsung,Sneakers,916.08,USD,449,4.57,785,395,JP,25,0
Original Sony Handbags with full packaging,Minimal wear. Verified authenticity by trusted reseller.,Sony,Handbags,471.43,USD,1047,4.37,528,240,CN,7,0
Verified Sony Electronics listing,Minimal wear. Verified authenticity by trusted reseller.,Sony,Electronics,544.79,USD,1149,4.23,1048,0,TR,7,0
Luxury Canon authentic style item,"Factory source stock, no box but same quality as original.",Canon,Electronics,2007.75,USD,299,3.46,133,31,TR,0,1
Luxury Gucci replica item,No receipt available. Perfect copy and hard to tell.,Gucci,Cameras,894.73,USD,45,3.72,0,64,US,5,1
Original Samsung Cameras with full packaging,Minimal wear. Verified authenticity by trusted reseller.,Samsung,Cameras,374.4,USD,708,4.14,1085,324,AE,23,0
Apple Audio premium discounted luxury deal,"DM for wholesale and better price, limited details.",Apple,Audio,256.33,USD,0,3.5,0,0,DE,16,1
Rolex Cameras in excellent condition,Minimal wear. Verified authenticity by trusted reseller.,Rolex,Cameras,7924.36,USD,129,5.0,1113,293,DE,20,0
Original Sony Electronics with full packaging,Serial number available. Fast shipping and returns accepted.,Sony,Electronics,348.07,USD,1287,3.83,741,520,JP,17,0
Bose Audio in excellent condition,Serial number available. Fast shipping and returns accepted.,Bose,Audio,224.02,USD,308,4.38,1316,369,US,31,0
Original Samsung Sneakers with full packaging,Serial number available. Fast shipping and returns accepted.,Samsung,Sneakers,445.79,USD,70,3.35,7,18,US,17,1
Adidas Electronics in excellent condition,Minimal wear. Verified authenticity by trusted reseller.,Adidas,Electronics,91.64,USD,875,4.43,1016,380,GB,17,0
Original Adidas Electronics with full packaging,Purchased from official store. Invoice and original box included.,Adidas,Electronics,93.2,USD,0,4.65,521,469,CN,24,0
Sony Handbags in excellent condition,Serial number available. Fast shipping and returns accepted.,Sony,Handbags,63.55,USD,45,1.9,108,24,CN,7,1
Adidas Sneakers mirror quality,"DM for wholesale and better price, limited details.",Adidas,Sneakers,183.86,USD,41,3.19,0,41,JP,15,1
Canon Electronics wholesale lot,"DM for wholesale and better price, limited details.",Canon,Electronics,277.29,USD,0,3.96,9,0,TR,12,1
Gucci Handbags copy version,No receipt available. Perfect copy and hard to tell.,Gucci,Handbags,1310.88,USD,462,4.34,515,479,GB,9,0
Rolex Handbags in excellent condition,Purchased from official store. Invoice and original box included.,Rolex,Handbags,8437.69,USD,0,3.95,1198,303,DE,15,0
Original Samsung Audio with full packaging,Serial number available. Fast shipping and returns accepted.,Samsung,Audio,434.48,USD,609,4.86,369,364,GB,15,0
Verified Samsung Watches listing,Serial number available. Fast shipping and returns accepted.,Samsung,Watches,472.61,USD,730,4.39,121,188,DE,44,0
Original Nike Electronics with full packaging,Minimal wear. Verified authenticity by trusted reseller.,Nike,Electronics,27.33,USD,233,2.84,242,28,US,11,1
Bose Audio authentic style,No receipt available. Perfect copy and hard to tell.,Bose,Audio,135.71,USD,0,3.11,155,21,TR,4,1
Original Samsung Handbags with full packaging,Serial number available. Fast shipping and returns accepted.,Samsung,Handbags,831.98,USD,595,4.14,613,0,AE,31,0
Bose Watches in excellent condition,Minimal wear. Verified authenticity by trusted reseller.,Bose,Watches,677.47,USD,0,2.88,84,9,JP,2,1
Verified Adidas Audio listing,Minimal wear. Verified authenticity by trusted reseller.,Adidas,Audio,62.61,USD,1168,4.42,339,275,US,51,0
Apple Watches premium 1:1 deal,No receipt available. Perfect copy and hard to tell.,Apple,Watches,256.76,USD,59,3.31,215,0,CN,18,1
Louis Vuitton Cameras in excellent condition,Purchased from official store. Invoice and original box included.,Louis Vuitton,Cameras,853.89,USD,698,4.28,861,609,AE,25,0
Bose Electronics in excellent condition,Minimal wear. Verified authenticity by trusted reseller.,Bose,Electronics,278.88,USD,1196,4.67,350,181,GB,0,0
Original Louis Vuitton Sneakers with full packaging,Purchased from official store. Invoice and original box included.,Louis Vuitton,Sneakers,1358.75,USD,253,4.33,359,723,CN,32,0
Nike Sneakers in excellent condition,Purchased from official store. Invoice and original box included.,Nike,Sneakers,150.7,USD,670,4.35,368,20,JP,26,0
Nike Handbags in excellent condition,Purchased from official store. Invoice and original box included.,Nike,Handbags,153.91,USD,287,4.04,1155,628,GB,20,0
Original Samsung Watches with full packaging,Serial number available. Fast shipping and returns accepted.,Samsung,Watches,513.4,USD,156,5.0,1421,279,US,16,0
Luxury Sony wholesale lot item,No receipt available. Perfect copy and hard to tell.,Sony,Electronics,262.58,USD,266,3.61,0,60,US,9,1
Verified Bose Cameras listing,Serial number available. Fast shipping and returns accepted.,Bose,Cameras,58.47,USD,184,3.15,60,21,AE,0,1
Original Samsung Electronics with full packaging,Purchased from official store. Invoice and original box included.,Samsung,Electronics,708.77,USD,480,4.05,1293,147,CN,10,0
Verified Samsung Handbags listing,Purchased from official store. Invoice and original box included.,Samsung,Handbags,276.57,USD,98,3.85,0,0,GB,13,1
Original Louis Vuitton Electronics with full packaging,Purchased from official store. Invoice and original box included.,Louis Vuitton,Electronics,2240.14,USD,949,4.46,693,82,US,37,0
Verified Gucci Handbags listing,Purchased from official store. Invoice and original box included.,Gucci,Handbags,1691.52,USD,479,5.0,719,501,US,16,0
Luxury Gucci replica item,"Factory source stock, no box but same quality as original.",Gucci,Sneakers,1372.83,USD,1226,4.47,1430,237,GB,8,0
Verified Apple Sneakers listing,Minimal wear. Verified authenticity by trusted reseller.,Apple,Sneakers,1060.58,USD,0,4.0,551,154,DE,28,0
Verified Louis Vuitton Cameras listing,Purchased from official store. Invoice and original box included.,Louis Vuitton,Cameras,1302.86,USD,0,3.52,4,31,TR,0,1
Canon Watches in excellent condition,Minimal wear. Verified authenticity by trusted reseller.,Canon,Watches,871.85,USD,0,4.72,906,222,GB,18,0
Verified Sony Handbags listing,Serial number available. Fast shipping and returns accepted.,Sony,Handbags,244.38,USD,308,4.45,572,310,TR,29,0
Original Louis Vuitton Sneakers with full packaging,Serial number available. Fast shipping and returns accepted.,Louis Vuitton,Sneakers,2150.38,USD,462,4.5,352,471,GB,27,0
Apple Sneakers in excellent condition,Minimal wear. Verified authenticity by trusted reseller.,Apple,Sneakers,318.08,USD,0,2.21,55,15,AE,18,1
Luxury Sony looks original item,"Factory source stock, no box but same quality as original.",Sony,Watches,63.09,USD,203,2.85,168,62,US,4,1
Verified Rolex Watches listing,Minimal wear. Verified authenticity by trusted reseller.,Rolex,Watches,6892.92,USD,528,4.05,499,106,IN,34,0
Verified Adidas Audio listing,Purchased from official store. Invoice and original box included.,Adidas,Audio,50.19,USD,285,2.93,38,51,CN,9,1
Verified Rolex Audio listing,Serial number available. Fast shipping and returns accepted.,Rolex,Audio,14824.13,USD,848,4.42,330,110,GB,28,0
Adidas Handbags factory surplus,"Factory source stock, no box but same quality as original.",Adidas,Handbags,71.96,USD,97,2.62,40,54,US,15,1
Louis Vuitton Cameras premium replica deal,No receipt available. Perfect copy and hard to tell.,Louis Vuitton,Cameras,1412.17,USD,94,3.73,0,24,CN,8,1
Original Canon Sneakers with full packaging,Purchased from official store. Invoice and original box included.,Canon,Sneakers,684.95,USD,370,4.29,984,243,TR,22,0
Original Samsung Handbags with full packaging,Minimal wear. Verified authenticity by trusted reseller.,Samsung,Handbags,888.13,USD,521,4.3,1190,533,AE,38,0
Apple Cameras in excellent condition,Minimal wear. Verified authenticity by trusted reseller.,Apple,Cameras,500.5,USD,281,4.05,68,204,AE,0,0
Gucci Electronics in excellent condition,Purchased from official store. Invoice and original box included.,Gucci,Electronics,735.03,USD,15,3.52,240,0,TR,12,1
Samsung Cameras in excellent condition,Purchased from official store. Invoice and original box included.,Samsung,Cameras,832.94,USD,143,4.53,1247,122,IN,10,0
Canon Audio premium copy version deal,"Factory source stock, no box but same quality as original.",Canon,Audio,496.21,USD,0,3.07,0,29,TR,13,1
Bose Audio premium 1:1 deal,"DM for wholesale and better price, limited details.",Bose,Audio,68.95,USD,125,4.7,170,34,US,5,1
Gucci Cameras in excellent condition,Purchased from official store. Invoice and original box included.,Gucci,Cameras,1318.64,USD,645,3.96,487,253,GB,3,0
Original Rolex Audio with full packaging,Minimal wear. Verified authenticity by trusted reseller.,Rolex,Audio,7809.23,USD,690,3.64,550,456,CN,16,0
Sony Sneakers without receipt,No receipt available. Perfect copy and hard to tell.,Sony,Sneakers,201.7,USD,72,3.2,123,73,US,10,1
Verified Rolex Handbags listing,Serial number available. Fast shipping and returns accepted.,Rolex,Handbags,8250.06,USD,1021,4.35,1762,199,AE,58,0
Original Rolex Audio with full packaging,Serial number available. Fast shipping and returns accepted.,Rolex,Audio,9022.51,USD,299,4.5,876,310,GB,26,0
Original Bose Cameras with full packaging,Minimal wear. Verified authenticity by trusted reseller.,Bose,Cameras,97.88,USD,916,5.0,701,0,US,30,0
Verified Samsung Watches listing,Purchased from official store. Invoice and original box included.,Samsung,Watches,961.15,USD,361,4.43,1174,138,AE,23,0
Verified Nike Cameras listing,Purchased from official store. Invoice and original box included.,Nike,Cameras,21.47,USD,66,2.8,0,48,AE,0,1
Original Rolex Watches with full packaging,Purchased from official store. Invoice and original box included.,Rolex,Watches,11484.85,USD,606,4.4,0,386,CN,29,0
Verified Canon Audio listing,Serial number available. Fast shipping and returns accepted.,Canon,Audio,743.56,USD,682,5.0,115,447,AE,32,0
Gucci Cameras in excellent condition,Serial number available. Fast shipping and returns accepted.,Gucci,Cameras,1555.03,USD,313,4.4,989,419,DE,49,0
Louis Vuitton Audio in excellent condition,Purchased from official store. Invoice and original box included.,Louis Vuitton,Audio,1822.1,USD,0,3.37,380,98,JP,16,0
Original Louis Vuitton Watches with full packaging,Minimal wear. Verified authenticity by trusted reseller.,Louis Vuitton,Watches,2847.72,USD,1057,4.71,1238,322,AE,1,0
Original Gucci Audio with full packaging,Serial number available. Fast shipping and returns accepted.,Gucci,Audio,1594.84,USD,485,4.17,604,119,TR,18,0
Original Sony Audio with full packaging,Serial number available. Fast shipping and returns accepted.,Sony,Audio,177.96,USD,157,2.91,82,0,JP,13,1
Sony Handbags premium authentic style deal,"DM for wholesale and better price, limited details.",Sony,Handbags,112.32,USD,127,3.32,0,52,IN,0,1
Verified Samsung Watches listing,Purchased from official store. Invoice and original box included.,Samsung,Watches,840.24,USD,744,4.69,268,74,GB,18,0
Verified Sony Handbags listing,Serial number available. Fast shipping and returns accepted.,Sony,Handbags,398.58,USD,323,4.88,167,345,DE,0,0
Luxury Canon authentic style item,"DM for wholesale and better price, limited details.",Canon,Cameras,635.01,USD,175,1.64,10,9,IN,9,1
Verified Adidas Sneakers listing,Serial number available. Fast shipping and returns accepted.,Adidas,Sneakers,98.76,USD,548,4.88,207,100,TR,9,0
Louis Vuitton Electronics in excellent condition,Minimal wear. Verified authenticity by trusted reseller.,Louis Vuitton,Electronics,2249.33,USD,978,4.19,592,255,GB,16,0
Original Bose Audio with full packaging,Purchased from official store. Invoice and original box included.,Bose,Audio,236.29,USD,649,4.71,0,134,CN,21,0
Bose Electronics in excellent condition,Serial number available. Fast shipping and returns accepted.,Bose,Electronics,251.79,USD,635,3.91,897,291,TR,11,0
Verified Adidas Sneakers listing,Minimal wear. Verified authenticity by trusted reseller.,Adidas,Sneakers,70.55,USD,1452,4.52,346,0,TR,31,0
Verified Rolex Cameras listing,Purchased from official store. Invoice and original box included.,Rolex,Cameras,6276.24,USD,770,4.41,1333,0,AE,21,0
Canon Watches in excellent condition,Purchased from official store. Invoice and original box included.,Canon,Watches,910.93,USD,263,3.76,132,241,GB,26,0
Samsung Audio in excellent condition,Purchased from official store. Invoice and original box included.,Samsung,Audio,550.37,USD,972,4.53,1164,55,CN,5,0
Luxury Louis Vuitton without receipt item,"DM for wholesale and better price, limited details.",Louis Vuitton,Watches,577.32,USD,175,2.58,100,49,JP,0,1
Original Adidas Cameras with full packaging,Serial number available. Fast shipping and returns accepted.,Adidas,Cameras,196.26,USD,66,1.91,165,71,US,3,1
Original Bose Cameras with full packaging,Minimal wear. Verified authenticity by trusted reseller.,Bose,Cameras,29.13,USD,122,4.37,0,2,US,16,1
Nike Cameras looks original,No receipt available. Perfect copy and hard to tell.,Nike,Cameras,50.05,USD,220,2.93,0,0,JP,0,1
Adidas Audio in excellent condition,Serial number available. Fast shipping and returns accepted.,Adidas,Audio,97.83,USD,551,4.48,82,263,JP,39,0
Samsung Audio premium replica deal,No receipt available. Perfect copy and hard to tell.,Samsung,Audio,358.09,USD,156,3.4,162,32,AE,11,1
Original Samsung Handbags with full packaging,Purchased from official store. Invoice and original box included.,Samsung,Handbags,693.44,USD,613,4.33,358,118,DE,34,0
Original Gucci Sneakers with full packaging,Minimal wear. Verified authenticity by trusted reseller.,Gucci,Sneakers,646.29,USD,0,1.97,0,32,TR,0,1
Original Louis Vuitton Electronics with full packaging,Minimal wear. Verified authenticity by trusted reseller.,Louis Vuitton,Electronics,1604.38,USD,617,3.87,1103,43,JP,1,0
Verified Gucci Cameras listing,Purchased from official store. Invoice and original box included.,Gucci,Cameras,450.23,USD,88,3.65,250,3,GB,3,1
Bose Cameras premium dm for more deal,"Factory source stock, no box but same quality as original.",Bose,Cameras,34.15,USD,0,2.03,202,32,IN,0,1
Louis Vuitton Audio inspired,No receipt available. Perfect copy and hard to tell.,Louis Vuitton,Audio,1845.78,USD,0,4.3,603,206,AE,20,0
Samsung Cameras in excellent condition,Minimal wear. Verified authenticity by trusted reseller.,Samsung,Cameras,484.99,USD,814,3.89,714,483,JP,33,0
Original Apple Cameras with full packaging,Minimal wear. Verified authenticity by trusted reseller.,Apple,Cameras,705.72,USD,450,4.49,24,384,DE,7,0
Original Nike Watches with full packaging,Purchased from official store. Invoice and original box included.,Nike,Watches,149.91,USD,1308,4.42,452,183,AE,39,0
Original Gucci Electronics with full packaging,Minimal wear. Verified authenticity by trusted reseller.,Gucci,Electronics,1353.16,USD,745,4.82,880,473,TR,9,0
Apple Electronics in excellent condition,Serial number available. Fast shipping and returns accepted.,Apple,Electronics,779.93,USD,511,4.02,460,66,AE,32,0
Verified Nike Cameras listing,Purchased from official store. Invoice and original box included.,Nike,Cameras,62.18,USD,42,2.87,123,23,GB,5,1
Sony Electronics inspired,"DM for wholesale and better price, limited details.",Sony,Electronics,144.54,USD,202,3.33,29,0,CN,5,1
Adidas Sneakers in excellent condition,Serial number available. Fast shipping and returns accepted.,Adidas,Sneakers,88.99,USD,655,4.77,582,232,JP,19,0
Nike Electronics in excellent condition,Minimal wear. Verified authenticity by trusted reseller.,Nike,Electronics,404.15,USD,82,4.18,185,0,JP,12,1
Canon Cameras premium wholesale lot deal,"Factory source stock, no box but same quality as original.",Canon,Cameras,1991.52,USD,1,1.98,55,52,IN,8,1
Original Sony Electronics with full packaging,Minimal wear. Verified authenticity by trusted reseller.,Sony,Electronics,172.57,USD,163,3.76,0,8,US,16,1
Verified Sony Sneakers listing,Minimal wear. Verified authenticity by trusted reseller.,Sony,Sneakers,420.93,USD,558,4.05,0,68,CN,28,0
Rolex Cameras premium no box deal,"DM for wholesale and better price, limited details.",Rolex,Cameras,4770.26,USD,144,3.74,72,18,IN,0,1
Verified Sony Sneakers listing,Purchased from official store. Invoice and original box included.,Sony,Sneakers,389.01,USD,534,3.66,467,93,DE,35,0
Apple Audio in excellent condition,Serial number available. Fast shipping and returns accepted.,Apple,Audio,695.91,USD,984,4.22,490,116,TR,18,0
Rolex Handbags premium inspired deal,"DM for wholesale and better price, limited details.",Rolex,Handbags,6558.46,USD,489,4.14,660,589,IN,3,0
Sony Sneakers in excellent condition,Purchased from official store. Invoice and original box included.,Sony,Sneakers,70.75,USD,41,1.33,43,0,AE,9,1
Original Adidas Electronics with full packaging,Minimal wear. Verified authenticity by trusted reseller.,Adidas,Electronics,81.27,USD,531,4.22,531,541,CN,23,0
Verified Rolex Cameras listing,Minimal wear. Verified authenticity by trusted reseller.,Rolex,Cameras,12676.5,USD,0,3.33,787,251,IN,39,0
Luxury Louis Vuitton copy version item,"Factory source stock, no box but same quality as original.",Louis Vuitton,Watches,83.95,USD,49,3.71,0,16,TR,7,1
Luxury Adidas authentic style item,"DM for wholesale and better price, limited details.",Adidas,Sneakers,54.53,USD,91,2.96,80,41,IN,8,1
Verified Adidas Sneakers listing,Serial number available. Fast shipping and returns accepted.,Adidas,Sneakers,55.31,USD,572,4.69,1192,528,IN,13,0
Rolex Audio wholesale lot,No receipt available. Perfect copy and hard to tell.,Rolex,Audio,4467.4,USD,16,1.0,0,0,AE,0,1
Verified Samsung Handbags listing,Minimal wear. Verified authenticity by trusted reseller.,Samsung,Handbags,695.92,USD,0,4.92,1464,304,AE,27,0
Original Sony Cameras with full packaging,Minimal wear. Verified authenticity by trusted reseller.,Sony,Cameras,440.61,USD,516,5.0,470,224,GB,17,0
Luxury Gucci without receipt item,"Factory source stock, no box but same quality as original.",Gucci,Electronics,4728.5,USD,152,3.4,0,7,GB,0,1
Verified Rolex Electronics listing,Minimal wear. Verified authenticity by trusted reseller.,Rolex,Electronics,10082.5,USD,253,3.78,1138,262,CN,20,0
Sony Sneakers authentic style,"Factory source stock, no box but same quality as original.",Sony,Sneakers,155.21,USD,69,3.03,216,30,TR,10,0
Original Bose Electronics with full packaging,Minimal wear. Verified authenticity by trusted reseller.,Bose,Electronics,317.52,USD,1000,5.0,855,308,IN,38,0
Verified Bose Electronics listing,Purchased from official store. Invoice and original box included.,Bose,Electronics,315.8,USD,485,4.44,647,184,CN,26,0
Verified Nike Audio listing,Serial number available. Fast shipping and returns accepted.,Nike,Audio,36.76,USD,24,3.2,70,0,US,4,1
Original Canon Cameras with full packaging,Minimal wear. Verified authenticity by trusted reseller.,Canon,Cameras,1078.43,USD,946,4.25,415,288,TR,33,0
Verified Apple Sneakers listing,Serial number available. Fast shipping and returns accepted.,Apple,Sneakers,470.55,USD,329,4.51,891,384,GB,21,0
Luxury Apple discounted luxury item,No receipt available. Perfect copy and hard to tell.,Apple,Sneakers,185.99,USD,252,3.07,59,9,US,8,1
Original Nike Electronics with full packaging,Minimal wear. Verified authenticity by trusted reseller.,Nike,Electronics,148.77,USD,373,4.43,642,350,CN,0,0
Verified Bose Sneakers listing,Minimal wear. Verified authenticity by trusted reseller.,Bose,Sneakers,330.38,USD,726,4.05,692,495,DE,28,0
Original Canon Handbags with full packaging,Minimal wear. Verified authenticity by trusted reseller.,Canon,Handbags,1793.57,USD,68,4.46,0,25,DE,11,1
Nike Cameras in excellent condition,Minimal wear. Verified authenticity by trusted reseller.,Nike,Cameras,128.66,USD,774,3.97,586,311,TR,3,0
Sony Electronics in excellent condition,Serial number available. Fast shipping and returns accepted.,Sony,Electronics,264.06,USD,912,4.19,444,728,IN,19,0
Verified Rolex Handbags listing,Minimal wear. Verified authenticity by trusted reseller.,Rolex,Handbags,5760.1,USD,201,3.66,0,30,TR,0,1
Apple Electronics mirror quality,"DM for wholesale and better price, limited details.",Apple,Electronics,2061.24,USD,92,3.19,67,45,JP,4,1
Adidas Sneakers premium no box deal,No receipt available. Perfect copy and hard to tell.,Adidas,Sneakers,125.06,USD,702,4.51,539,257,JP,16,0
Bose Sneakers in excellent condition,Minimal wear. Verified authenticity by trusted reseller.,Bose,Sneakers,174.18,USD,920,4.17,987,168,IN,28,0
Verified Adidas Watches listing,Purchased from official store. Invoice and original box included.,Adidas,Watches,98.52,USD,458,4.36,713,115,TR,5,0
Luxury Gucci copy version item,"DM for wholesale and better price, limited details.",Gucci,Cameras,3918.25,USD,162,4.54,11,0,TR,11,1
Sony Sneakers dm for more,No receipt available. Perfect copy and hard to tell.,Sony,Sneakers,140.92,USD,188,2.68,147,0,US,10,1
Original Apple Electronics with full packaging,Minimal wear. Verified authenticity by trusted reseller.,Apple,Electronics,914.29,USD,810,4.35,338,322,TR,33,0
Verified Samsung Audio listing,Purchased from official store. Invoice and original box included.,Samsung,Audio,793.92,USD,221,3.87,851,490,AE,24,0
Louis Vuitton Cameras premium no box deal,"DM for wholesale and better price, limited details.",Louis Vuitton,Cameras,768.71,USD,122,3.9,107,43,CN,5,1
Original Nike Watches with full packaging,Serial number available. Fast shipping and returns accepted.,Nike,Watches,54.7,USD,13,4.11,220,22,GB,19,1
Nike Watches in excellent condition,Purchased from official store. Invoice and original box included.,Nike,Watches,137.75,USD,732,4.0,768,357,CN,1,0
Louis Vuitton Handbags in excellent condition,Purchased from official store. Invoice and original box included.,Louis Vuitton,Handbags,2037.99,USD,0,4.64,795,547,IN,19,0
Verified Canon Audio listing,Serial number available. Fast shipping and returns accepted.,Canon,Audio,842.42,USD,989,4.16,1363,470,TR,26,0
Original Samsung Electronics with full packaging,Serial number available. Fast shipping and returns accepted.,Samsung,Electronics,580.32,USD,43,3.0,215,0,AE,0,1
Original Rolex Watches with full packaging,Serial number available. Fast shipping and returns accepted.,Rolex,Watches,8765.88,USD,778,4.79,322,463,GB,18,0
Verified Nike Audio listing,Minimal wear. Verified authenticity by trusted reseller.,Nike,Audio,114.16,USD,730,4.46,585,404,AE,30,0
Verified Nike Watches listing,Purchased from official store. Invoice and original box included.,Nike,Watches,127.7,USD,0,4.03,276,259,AE,39,0
Verified Louis Vuitton Sneakers listing,Minimal wear. Verified authenticity by trusted reseller.,Louis Vuitton,Sneakers,1474.95,USD,496,4.48,0,151,GB,13,0
Verified Bose Watches listing,Serial number available. Fast shipping and returns accepted.,Bose,Watches,139.73,USD,127,4.06,181,58,GB,15,1
Original Canon Handbags with full packaging,Minimal wear. Verified authenticity by trusted reseller.,Canon,Handbags,1044.98,USD,520,3.81,0,636,DE,10,0
Luxury Louis Vuitton wholesale lot item,No receipt available. Perfect copy and hard to tell.,Louis Vuitton,Sneakers,1382.32,USD,275,2.89,68,6,JP,6,1
Rolex Handbags in excellent condition,Purchased from official store. Invoice and original box included.,Rolex,Handbags,10004.78,USD,783,3.84,1257,295,IN,43,0
Louis Vuitton Audio no box,No receipt available. Perfect copy and hard to tell.,Louis Vuitton,Audio,1019.71,USD,101,3.11,73,58,IN,17,1
Luxury Gucci mirror quality item,"DM for wholesale and better price, limited details.",Gucci,Handbags,705.83,USD,0,2.06,158,3,US,3,1
Gucci Cameras in excellent condition,Minimal wear. Verified authenticity by trusted reseller.,Gucci,Cameras,1129.03,USD,304,4.03,831,238,JP,19,0
Sony Electronics premium dm for more deal,No receipt available. Perfect copy and hard to tell.,Sony,Electronics,292.74,USD,47,5.0,155,69,IN,13,1
Verified Gucci Cameras listing,Serial number available. Fast shipping and returns accepted.,Gucci,Cameras,707.17,USD,133,3.77,109,4,DE,14,1
Verified Nike Electronics listing,Minimal wear. Verified authenticity by trusted reseller.,Nike,Electronics,116.51,USD,637,4.39,368,22,TR,3,0
Luxury Canon 1:1 item,"Factory source stock, no box but same quality as original.",Canon,Sneakers,901.28,USD,561,4.18,176,215,JP,33,0
Apple Watches premium factory surplus deal,"DM for wholesale and better price, limited details.",Apple,Watches,605.5,USD,19,3.41,180,0,AE,8,1
Original Gucci Handbags with full packaging,Purchased from official store. Invoice and original box included.,Gucci,Handbags,1369.83,USD,931,3.8,790,0,GB,22,0
Gucci Sneakers in excellent condition,Minimal wear. Verified authenticity by trusted reseller.,Gucci,Sneakers,1349.36,USD,132,4.32,818,0,US,14,0
Gucci Handbags in excellent condition,Minimal wear. Verified authenticity by trusted reseller.,Gucci,Handbags,2042.35,USD,260,4.48,265,109,IN,0,0
Verified Apple Watches listing,Purchased from official store. Invoice and original box included.,Apple,Watches,458.33,USD,125,3.06,16,17,IN,17,1
Original Apple Sneakers with full packaging,Minimal wear. Verified authenticity by trusted reseller.,Apple,Sneakers,1420.99,USD,0,2.55,52,56,GB,3,1
Rolex Electronics premium factory surplus deal,"Factory source stock, no box but same quality as original.",Rolex,Electronics,9533.3,USD,1093,4.35,0,209,US,36,0
Sony Handbags in excellent condition,Purchased from official store. Invoice and original box included.,Sony,Handbags,535.28,USD,1234,5.0,1173,165,JP,32,0
Gucci Cameras in excellent condition,Serial number available. Fast shipping and returns accepted.,Gucci,Cameras,1510.76,USD,663,4.36,617,268,US,9,0
Luxury Louis Vuitton discounted luxury item,No receipt available. Perfect copy and hard to tell.,Louis Vuitton,Watches,591.25,USD,188,3.07,135,21,IN,4,1
Luxury Samsung factory surplus item,No receipt available. Perfect copy and hard to tell.,Samsung,Handbags,322.95,USD,136,2.14,165,0,JP,13,1
Original Samsung Audio with full packaging,Purchased from official store. Invoice and original box included.,Samsung,Audio,972.36,USD,660,3.96,1188,288,GB,23,0
Original Apple Electronics with full packaging,Purchased from official store. Invoice and original box included.,Apple,Electronics,1682.2,USD,0,2.98,122,35,IN,0,1
Adidas Handbags in excellent condition,Minimal wear. Verified authenticity by trusted reseller.,Adidas,Handbags,51.33,USD,529,3.87,688,463,AE,10,0
Original Nike Sneakers with full packaging,Purchased from official store. Invoice and original box included.,Nike,Sneakers,141.08,USD,669,3.0,1612,346,GB,35,0
Luxury Louis Vuitton 1:1 item,"Factory source stock, no box but same quality as original.",Louis Vuitton,Audio,689.01,USD,68,4.5,30,18,AE,0,1
Verified Canon Cameras listing,Minimal wear. Verified authenticity by trusted reseller.,Canon,Cameras,431.85,USD,554,3.59,383,0,US,49,0
Original Rolex Handbags with full packaging,Purchased from official store. Invoice and original box included.,Rolex,Handbags,12492.56,USD,542,4.47,331,128,IN,32,0
Sony Sneakers copy version,No receipt available. Perfect copy and hard to tell.,Sony,Sneakers,499.58,USD,21,2.7,77,39,AE,4,1
Original Gucci Audio with full packaging,Purchased from official store. Invoice and original box included.,Gucci,Audio,1140.17,USD,279,4.02,649,344,DE,26,0
Adidas Cameras in excellent condition,Serial number available. Fast shipping and returns accepted.,Adidas,Cameras,127.0,USD,905,4.54,1347,424,CN,38,0
Verified Canon Watches listing,Minimal wear. Verified authenticity by trusted reseller.,Canon,Watches,469.23,USD,52,4.62,73,0,AE,10,1
Original Rolex Watches with full packaging,Purchased from official store. Invoice and original box included.,Rolex,Watches,14337.88,USD,0,4.57,638,218,IN,0,0
Gucci Electronics in excellent condition,Purchased from official store. Invoice and original box included.,Gucci,Electronics,1371.33,USD,420,4.59,598,568,TR,29,0
Verified Adidas Watches listing,Minimal wear. Verified authenticity by trusted reseller.,Adidas,Watches,92.44,USD,848,4.22,1465,171,IN,13,0
Rolex Sneakers wholesale lot,No receipt available. Perfect copy and hard to tell.,Rolex,Sneakers,10.0,USD,6,2.26,85,0,JP,10,1
Original Rolex Watches with full packaging,Minimal wear. Verified authenticity by trusted reseller.,Rolex,Watches,6350.52,USD,934,4.88,1331,0,IN,12,0
Samsung Electronics authentic style,"Factory source stock, no box but same quality as original.",Samsung,Electronics,1158.72,USD,48,3.18,51,0,CN,0,1
Canon Sneakers premium authentic style deal,"DM for wholesale and better price, limited details.",Canon,Sneakers,1457.96,USD,123,2.7,132,0,JP,7,1
Nike Audio in excellent condition,Serial number available. Fast shipping and returns accepted.,Nike,Audio,86.9,USD,101,4.07,1112,530,CN,21,0
Verified Louis Vuitton Electronics listing,Serial number available. Fast shipping and returns accepted.,Louis Vuitton,Electronics,1345.47,USD,0,2.98,85,15,CN,5,1
Sony Electronics 1:1,"Factory source stock, no box but same quality as original.",Sony,Electronics,133.45,USD,271,2.98,17,2,IN,3,1
Verified Gucci Handbags listing,Minimal wear. Verified authenticity by trusted reseller.,Gucci,Handbags,3516.53,USD,110,4.04,142,25,AE,9,1
Verified Gucci Handbags listing,Serial number available. Fast shipping and returns accepted.,Gucci,Handbags,630.51,USD,0,3.01,78,0,DE,1,1
Original Louis Vuitton Electronics with full packaging,Minimal wear. Verified authenticity by trusted reseller.,Louis Vuitton,Electronics,1554.58,USD,820,4.0,858,343,AE,28,0
Verified Adidas Cameras listing,Purchased from official store. Invoice and original box included.,Adidas,Cameras,73.14,USD,1124,3.67,1186,0,CN,12,0
Gucci Audio in excellent condition,Serial number available. Fast shipping and returns accepted.,Gucci,Audio,644.82,USD,54,2.55,127,3,TR,5,1
Verified Bose Cameras listing,Serial number available. Fast shipping and returns accepted.,Bose,Cameras,194.88,USD,790,4.2,510,0,GB,33,0
Verified Rolex Audio listing,Serial number available. Fast shipping and returns accepted.,Rolex,Audio,1814.35,USD,57,3.74,25,48,US,0,1
Verified Bose Electronics listing,Serial number available. Fast shipping and returns accepted.,Bose,Electronics,63.64,USD,229,2.97,52,0,IN,4,1
Original Apple Cameras with full packaging,Purchased from official store. Invoice and original box included.,Apple,Cameras,388.77,USD,66,3.32,0,0,TR,15,1
Verified Rolex Electronics listing,Serial number available. Fast shipping and returns accepted.,Rolex,Electronics,11120.33,USD,0,4.67,947,83,GB,22,0
Original Nike Sneakers with full packaging,Purchased from official store. Invoice and original box included.,Nike,Sneakers,150.41,USD,1024,4.78,306,262,DE,30,0
Luxury Canon factory surplus item,No receipt available. Perfect copy and hard to tell.,Canon,Audio,504.26,USD,132,3.78,60,0,TR,15,1
Canon Cameras in excellent condition,Purchased from official store. Invoice and original box included.,Canon,Cameras,1725.06,USD,126,4.54,0,0,JP,15,1
Verified Rolex Sneakers listing,Minimal wear. Verified authenticity by trusted reseller.,Rolex,Sneakers,12080.71,USD,1153,4.67,255,341,JP,9,0
Original Adidas Handbags with full packaging,Minimal wear. Verified authenticity by trusted reseller.,Adidas,Handbags,31.58,USD,105,3.33,120,0,US,5,1
Verified Gucci Audio listing,Purchased from official store. Invoice and original box included.,Gucci,Audio,3040.1,USD,122,2.99,169,29,TR,6,1
Bose Handbags premium factory surplus deal,"Factory source stock, no box but same quality as original.",Bose,Handbags,133.15,USD,132,2.17,104,9,TR,12,1
Samsung Watches in excellent condition,Minimal wear. Verified authenticity by trusted reseller.,Samsung,Watches,575.88,USD,0,3.86,145,73,AE,11,1
Original Rolex Electronics with full packaging,Serial number available. Fast shipping and returns accepted.,Rolex,Electronics,29801.62,USD,213,2.63,26,66,CN,0,1
Canon Audio premium authentic style deal,"Factory source stock, no box but same quality as original.",Canon,Audio,446.82,USD,38,2.76,101,50,JP,7,1
Verified Nike Sneakers listing,Purchased from official store. Invoice and original box included.,Nike,Sneakers,218.48,USD,172,4.39,75,26,CN,0,1
Verified Louis Vuitton Handbags listing,Purchased from official store. Invoice and original box included.,Louis Vuitton,Handbags,2027.61,USD,0,4.77,1017,352,AE,25,0
Rolex Electronics replica,"Factory source stock, no box but same quality as original.",Rolex,Electronics,3655.71,USD,76,3.28,137,4,AE,6,1
Verified Apple Electronics listing,Minimal wear. Verified authenticity by trusted reseller.,Apple,Electronics,521.09,USD,629,4.48,1239,317,IN,18,0
Canon Electronics in excellent condition,Purchased from official store. Invoice and original box included.,Canon,Electronics,949.49,USD,712,4.94,979,418,DE,28,0
Louis Vuitton Sneakers in excellent condition,Purchased from official store. Invoice and original box included.,Louis Vuitton,Sneakers,1984.38,USD,739,4.79,861,439,AE,20,0
Verified Canon Electronics listing,Minimal wear. Verified authenticity by trusted reseller.,Canon,Electronics,1120.75,USD,550,3.82,635,90,DE,23,0
Original Canon Electronics with full packaging,Purchased from official store. Invoice and original box included.,Canon,Electronics,1008.38,USD,337,3.8,708,145,IN,19,0
Rolex Cameras in excellent condition,Serial number available. Fast shipping and returns accepted.,Rolex,Cameras,12642.0,USD,280,4.28,362,484,AE,26,0
Verified Gucci Watches listing,Minimal wear. Verified authenticity by trusted reseller.,Gucci,Watches,1153.88,USD,1041,4.28,169,211,TR,26,0
Adidas Handbags 1:1,No receipt available. Perfect copy and hard to tell.,Adidas,Handbags,21.3,USD,198,2.14,71,4,DE,2,1
Canon Audio looks original,No receipt available. Perfect copy and hard to tell.,Canon,Audio,439.22,USD,52,3.38,158,46,AE,9,1
Nike Cameras premium factory surplus deal,"Factory source stock, no box but same quality as original.",Nike,Cameras,39.62,USD,97,3.41,54,13,AE,0,1
Nike Watches in excellent condition,Minimal wear. Verified authenticity by trusted reseller.,Nike,Watches,110.32,USD,0,4.37,1081,85,US,44,0
Original Nike Cameras with full packaging,Serial number available. Fast shipping and returns accepted.,Nike,Cameras,160.42,USD,527,4.53,730,232,GB,21,0
Gucci Handbags in excellent condition,Minimal wear. Verified authenticity by trusted reseller.,Gucci,Handbags,3693.65,USD,143,3.34,71,38,GB,7,1
Original Apple Handbags with full packaging,Serial number available. Fast shipping and returns accepted.,Apple,Handbags,1027.39,USD,493,4.49,1107,232,US,28,0
Luxury Nike wholesale lot item,"DM for wholesale and better price, limited details.",Nike,Handbags,90.23,USD,66,4.07,0,31,IN,0,1
Verified Adidas Handbags listing,Serial number available. Fast shipping and returns accepted.,Adidas,Handbags,122.69,USD,0,5.0,885,5,US,38,0
Verified Sony Audio listing,Minimal wear. Verified authenticity by trusted reseller.,Sony,Audio,447.74,USD,392,4.26,182,68,JP,15,0
Rolex Sneakers premium inspired deal,No receipt available. Perfect copy and hard to tell.,Rolex,Sneakers,2783.34,USD,0,2.33,178,77,JP,10,1
Verified Canon Watches listing,Purchased from official store. Invoice and original box included.,Canon,Watches,1010.73,USD,864,3.97,1253,103,TR,42,0
Verified Apple Sneakers listing,Purchased from official store. Invoice and original box included.,Apple,Sneakers,453.69,USD,183,3.18,0,15,JP,2,1
Verified Louis Vuitton Electronics listing,Minimal wear. Verified authenticity by trusted reseller.,Louis Vuitton,Electronics,1514.05,USD,493,4.62,907,314,AE,12,0
Original Canon Cameras with full packaging,Purchased from official store. Invoice and original box included.,Canon,Cameras,629.53,USD,307,3.8,668,278,GB,45,0
Original Samsung Sneakers with full packaging,Serial number available. Fast shipping and returns accepted.,Samsung,Sneakers,624.29,USD,272,4.19,304,528,IN,25,0
Louis Vuitton Sneakers in excellent condition,Minimal wear. Verified authenticity by trusted reseller.,Louis Vuitton,Sneakers,1475.89,USD,224,4.62,1064,341,DE,16,0
Verified Apple Sneakers listing,Minimal wear. Verified authenticity by trusted reseller.,Apple,Sneakers,514.35,USD,0,4.19,890,474,AE,28,0
Luxury Louis Vuitton factory surplus item,"Factory source stock, no box but same quality as original.",Louis Vuitton,Watches,970.11,USD,162,3.32,47,13,US,11,1
Adidas Audio premium no box deal,"DM for wholesale and better price, limited details.",Adidas,Audio,56.89,USD,130,3.43,225,0,AE,0,1
Verified Canon Watches listing,Minimal wear. Verified authenticity by trusted reseller.,Canon,Watches,715.99,USD,1136,3.93,1066,201,AE,19,0
Verified Samsung Sneakers listing,Minimal wear. Verified authenticity by trusted reseller.,Samsung,Sneakers,619.81,USD,504,3.86,0,233,IN,40,0
Original Nike Handbags with full packaging,Serial number available. Fast shipping and returns accepted.,Nike,Handbags,112.84,USD,373,4.34,798,46,IN,19,0
Adidas Cameras in excellent condition,Serial number available. Fast shipping and returns accepted.,Adidas,Cameras,48.09,USD,0,3.78,586,99,IN,40,0
Rolex Audio in excellent condition,Serial number available. Fast shipping and returns accepted.,Rolex,Audio,3921.98,USD,360,3.45,933,246,GB,38,0
Canon Audio in excellent condition,Serial number available. Fast shipping and returns accepted.,Canon,Audio,591.13,USD,401,3.83,417,285,IN,34,0
Verified Sony Watches listing,Serial number available. Fast shipping and returns accepted.,Sony,Watches,393.38,USD,976,4.45,503,662,IN,11,0
Original Louis Vuitton Handbags with full packaging,Purchased from official store. Invoice and original box included.,Louis Vuitton,Handbags,526.92,USD,147,2.86,180,45,AE,6,1
Adidas Audio in excellent condition,Minimal wear. Verified authenticity by trusted reseller.,Adidas,Audio,119.69,USD,553,4.59,780,443,TR,28,0
Verified Samsung Electronics listing,Serial number available. Fast shipping and returns accepted.,Samsung,Electronics,704.16,USD,402,4.75,1045,467,JP,12,0
Verified Canon Cameras listing,Minimal wear. Verified authenticity by trusted reseller.,Canon,Cameras,1071.35,USD,673,3.21,474,594,US,27,0
Verified Rolex Handbags listing,Serial number available. Fast shipping and returns accepted.,Rolex,Handbags,13234.73,USD,44,4.76,0,0,DE,24,0
Verified Adidas Electronics listing,Purchased from official store. Invoice and original box included.,Adidas,Electronics,104.61,USD,1187,4.01,1020,138,US,3,0
Bose Handbags premium discounted luxury deal,"DM for wholesale and better price, limited details.",Bose,Handbags,33.33,USD,49,2.05,12,50,AE,10,1
Original Sony Watches with full packaging,Purchased from official store. Invoice and original box included.,Sony,Watches,130.65,USD,63,3.31,116,24,TR,0,1
Gucci Cameras in excellent condition,Serial number available. Fast shipping and returns accepted.,Gucci,Cameras,1268.9,USD,325,4.4,912,539,CN,0,0
Verified Bose Watches listing,Purchased from official store. Invoice and original box included.,Bose,Watches,293.26,USD,533,4.0,1151,260,US,29,0
Bose Sneakers in excellent condition,Purchased from official store. Invoice and original box included.,Bose,Sneakers,239.71,USD,280,5.0,673,39,AE,26,0
Louis Vuitton Electronics in excellent condition,Serial number available. Fast shipping and returns accepted.,Louis Vuitton,Electronics,1331.18,USD,4,3.96,735,107,DE,37,0
Original Louis Vuitton Electronics with full packaging,Serial number available. Fast shipping and returns accepted.,Louis Vuitton,Electronics,992.32,USD,0,4.08,139,6,TR,12,1
Verified Bose Sneakers listing,Serial number available. Fast shipping and returns accepted.,Bose,Sneakers,75.13,USD,863,4.92,859,318,DE,23,1
Luxury Bose discounted luxury item,"DM for wholesale and better price, limited details.",Bose,Watches,178.99,USD,19,3.98,205,36,CN,9,1
Luxury Sony discounted luxury item,"DM for wholesale and better price, limited details.",Sony,Handbags,96.53,USD,0,1.75,17,28,JP,10,1
Luxury Samsung replica item,"Factory source stock, no box but same quality as original.",Samsung,Audio,365.94,USD,19,3.41,0,18,IN,2,1
Nike Handbags in excellent condition,Purchased from official store. Invoice and original box included.,Nike,Handbags,160.62,USD,775,4.51,302,634,TR,0,0
Louis Vuitton Cameras in excellent condition,Serial number available. Fast shipping and returns accepted.,Louis Vuitton,Cameras,1941.39,USD,919,4.46,1050,258,AE,9,0
Verified Apple Sneakers listing,Minimal wear. Verified authenticity by trusted reseller.,Apple,Sneakers,629.13,USD,56,4.37,231,190,US,27,0
Original Bose Sneakers with full packaging,Serial number available. Fast shipping and returns accepted.,Bose,Sneakers,32.44,USD,55,3.91,0,13,IN,8,1
Gucci Sneakers in excellent condition,Serial number available. Fast shipping and returns accepted.,Gucci,Sneakers,1564.68,USD,111,4.31,80,157,IN,20,0
Original Rolex Cameras with full packaging,Minimal wear. Verified authenticity by trusted reseller.,Rolex,Cameras,5642.05,USD,1026,4.65,1069,173,US,16,0
Original Adidas Watches with full packaging,Minimal wear. Verified authenticity by trusted reseller.,Adidas,Watches,118.67,USD,392,4.15,180,86,IN,5,0
Bose Watches dm for more,"DM for wholesale and better price, limited details.",Bose,Watches,66.97,USD,0,3.42,273,4,TR,7,1
Sony Handbags in excellent condition,Minimal wear. Verified authenticity by trusted reseller.,Sony,Handbags,203.42,USD,527,4.01,0,102,JP,15,0
Verified Adidas Watches listing,Purchased from official store. Invoice and original box included.,Adidas,Watches,182.77,USD,212,2.67,123,0,CN,19,1
Verified Samsung Watches listing,Purchased from official store. Invoice and original box included.,Samsung,Watches,481.54,USD,774,3.95,1621,0,AE,3,0
Louis Vuitton Audio copy version,"Factory source stock, no box but same quality as original.",Louis Vuitton,Audio,1166.26,USD,97,3.21,3,28,IN,5,1
Rolex Watches in excellent condition,Purchased from official store. Invoice and original box included.,Rolex,Watches,13790.46,USD,566,4.57,223,0,US,30,0
Verified Sony Watches listing,Minimal wear. Verified authenticity by trusted reseller.,Sony,Watches,208.2,USD,1350,4.94,349,473,JP,38,1
Apple Watches no box,No receipt available. Perfect copy and hard to tell.,Apple,Watches,1044.96,USD,328,4.37,123,314,DE,22,0
Verified Adidas Electronics listing,Minimal wear. Verified authenticity by trusted reseller.,Adidas,Electronics,47.52,USD,741,4.56,923,158,AE,26,0
Rolex Cameras in excellent condition,Purchased from official store. Invoice and original box included.,Rolex,Cameras,7714.3,USD,477,3.85,838,89,AE,17,0
Apple Handbags in excellent condition,Purchased from official store. Invoice and original box included.,Apple,Handbags,751.96,USD,440,4.58,755,279,DE,41,0
Samsung Sneakers in excellent condition,Serial number available. Fast shipping and returns accepted.,Samsung,Sneakers,458.54,USD,182,3.79,125,137,AE,28,0
Luxury Samsung without receipt item,"Factory source stock, no box but same quality as original.",Samsung,Audio,731.11,USD,227,4.12,989,336,US,33,0
Verified Adidas Watches listing,Serial number available. Fast shipping and returns accepted.,Adidas,Watches,71.82,USD,516,4.42,452,97,AE,14,0
Verified Gucci Handbags listing,Purchased from official store. Invoice and original box included.,Gucci,Handbags,1600.56,USD,716,4.33,1036,518,AE,26,0
Verified Samsung Sneakers listing,Purchased from official store. Invoice and original box included.,Samsung,Sneakers,811.85,USD,801,4.78,219,317,IN,5,0
Verified Canon Sneakers listing,Serial number available. Fast shipping and returns accepted.,Canon,Sneakers,533.65,USD,69,3.92,88,56,US,4,1
Verified Samsung Cameras listing,Serial number available. Fast shipping and returns accepted.,Samsung,Cameras,148.77,USD,52,3.16,0,20,CN,10,1
Original Nike Audio with full packaging,Minimal wear. Verified authenticity by trusted reseller.,Nike,Audio,104.26,USD,266,4.11,689,182,IN,9,0
Samsung Handbags premium 1:1 deal,No receipt available. Perfect copy and hard to tell.,Samsung,Handbags,1831.22,USD,0,2.47,52,0,DE,12,1
Original Canon Cameras with full packaging,Purchased from official store. Invoice and original box included.,Canon,Cameras,439.32,USD,53,2.38,235,0,US,0,1
Gucci Sneakers in excellent condition,Minimal wear. Verified authenticity by trusted reseller.,Gucci,Sneakers,1939.58,USD,1180,3.94,1148,320,AE,14,0
Gucci Watches inspired,"Factory source stock, no box but same quality as original.",Gucci,Watches,1828.96,USD,242,4.5,235,218,TR,16,0
Nike Handbags mirror quality,"Factory source stock, no box but same quality as original.",Nike,Handbags,126.47,USD,370,3.97,141,51,TR,14,0
Luxury Canon replica item,"Factory source stock, no box but same quality as original.",Canon,Handbags,461.85,USD,0,3.26,111,46,IN,3,1
Luxury Nike no box item,"Factory source stock, no box but same quality as original.",Nike,Handbags,303.62,USD,0,2.29,109,75,US,11,1
Canon Sneakers in excellent condition,Purchased from official store. Invoice and original box included.,Canon,Sneakers,596.85,USD,720,4.81,1275,169,US,29,0
Verified Nike Handbags listing,Purchased from official store. Invoice and original box included.,Nike,Handbags,52.71,USD,0,4.12,80,8,US,8,1
Luxury Rolex looks original item,"DM for wholesale and better price, limited details.",Rolex,Audio,7701.88,USD,497,4.29,1168,538,GB,43,0
Original Canon Audio with full packaging,Minimal wear. Verified authenticity by trusted reseller.,Canon,Audio,416.72,USD,0,2.16,34,14,GB,0,1
Original Gucci Watches with full packaging,Minimal wear. Verified authenticity by trusted reseller.,Gucci,Watches,749.12,USD,0,1.78,107,13,IN,0,1
Verified Canon Cameras listing,Serial number available. Fast shipping and returns accepted.,Canon,Cameras,526.64,USD,715,3.83,152,45,TR,2,0
Luxury Bose mirror quality item,"DM for wholesale and better price, limited details.",Bose,Sneakers,102.03,USD,72,3.91,250,0,TR,24,1
Samsung Electronics in excellent condition,Serial number available. Fast shipping and returns accepted.,Samsung,Electronics,554.65,USD,171,3.49,183,27,IN,2,1
Louis Vuitton Audio mirror quality,"DM for wholesale and better price, limited details.",Louis Vuitton,Audio,774.36,USD,0,2.53,128,47,IN,10,1
Louis Vuitton Sneakers in excellent condition,Minimal wear. Verified authenticity by trusted reseller.,Louis Vuitton,Sneakers,1919.56,USD,585,4.05,976,282,CN,14,0
Sony Watches in excellent condition,Serial number available. Fast shipping and returns accepted.,Sony,Watches,294.31,USD,92,4.04,999,311,TR,0,0
Verified Adidas Sneakers listing,Minimal wear. Verified authenticity by trusted reseller.,Adidas,Sneakers,97.2,USD,241,4.21,79,283,US,20,0
Luxury Canon replica item,"Factory source stock, no box but same quality as original.",Canon,Watches,2285.79,USD,76,2.6,109,15,AE,13,1
Luxury Nike authentic style item,"DM for wholesale and better price, limited details.",Nike,Cameras,238.06,USD,164,3.81,0,0,JP,7,1
Original Gucci Electronics with full packaging,Serial number available. Fast shipping and returns accepted.,Gucci,Electronics,1038.9,USD,608,4.49,524,55,US,35,0
Original Gucci Electronics with full packaging,Serial number available. Fast shipping and returns accepted.,Gucci,Electronics,1952.2,USD,309,3.81,323,510,AE,29,0
Nike Audio in excellent condition,Purchased from official store. Invoice and original box included.,Nike,Audio,132.03,USD,1042,4.41,566,580,TR,30,0
Luxury Adidas inspired item,"DM for wholesale and better price, limited details.",Adidas,Handbags,32.14,USD,85,4.04,52,0,AE,0,1
Gucci Watches in excellent condition,Minimal wear. Verified authenticity by trusted reseller.,Gucci,Watches,1247.57,USD,0,3.79,666,126,US,12,0
Verified Sony Watches listing,Purchased from official store. Invoice and original box included.,Sony,Watches,442.15,USD,135,3.56,131,35,DE,10,1
Samsung Audio inspired,No receipt available. Perfect copy and hard to tell.,Samsung,Audio,374.85,USD,129,2.85,73,0,IN,0,1
Verified Sony Electronics listing,Purchased from official store. Invoice and original box included.,Sony,Electronics,326.47,USD,855,4.68,1125,0,GB,25,0
Gucci Electronics in excellent condition,Minimal wear. Verified authenticity by trusted reseller.,Gucci,Electronics,1697.55,USD,639,5.0,647,0,DE,19,0
Original Gucci Sneakers with full packaging,Minimal wear. Verified authenticity by trusted reseller.,Gucci,Sneakers,1045.36,USD,615,3.14,513,478,DE,5,0
Apple Sneakers in excellent condition,Purchased from official store. Invoice and original box included.,Apple,Sneakers,957.62,USD,1289,4.44,666,122,AE,34,0
Adidas Handbags inspired,"Factory source stock, no box but same quality as original.",Adidas,Handbags,165.51,USD,0,2.77,59,48,CN,12,1
Bose Sneakers in excellent condition,Minimal wear. Verified authenticity by trusted reseller.,Bose,Sneakers,261.78,USD,416,5.0,831,416,JP,36,0
Bose Electronics in excellent condition,Minimal wear. Verified authenticity by trusted reseller.,Bose,Electronics,71.65,USD,6,2.93,197,59,IN,22,1
Louis Vuitton Handbags in excellent condition,Purchased from official store. Invoice and original box included.,Louis Vuitton,Handbags,1783.9,USD,289,4.26,973,122,JP,33,0
Verified Adidas Watches listing,Purchased from official store. Invoice and original box included.,Adidas,Watches,98.07,USD,1251,4.17,547,338,US,14,0
Original Apple Audio with full packaging,Purchased from official store. Invoice and original box included.,Apple,Audio,1145.49,USD,429,4.61,304,0,CN,36,0
Verified Bose Watches listing,Serial number available. Fast shipping and returns accepted.,Bose,Watches,239.16,USD,335,4.28,244,391,GB,10,0
Original Sony Audio with full packaging,Serial number available. Fast shipping and returns accepted.,Sony,Audio,421.18,USD,693,4.5,1279,269,TR,47,0
Verified Gucci Watches listing,Purchased from official store. Invoice and original box included.,Gucci,Watches,1977.66,USD,1071,4.29,323,157,AE,26,0
Nike Audio in excellent condition,Purchased from official store. Invoice and original box included.,Nike,Audio,10.0,USD,0,4.71,199,1,AE,0,1
Louis Vuitton Electronics premium inspired deal,No receipt available. Perfect copy and hard to tell.,Louis Vuitton,Electronics,1432.52,USD,256,2.1,37,0,US,7,1
Louis Vuitton Watches in excellent condition,Serial number available. Fast shipping and returns accepted.,Louis Vuitton,Watches,1898.82,USD,721,4.08,303,322,US,14,0
Samsung Electronics in excellent condition,Purchased from official store. Invoice and original box included.,Samsung,Electronics,1083.52,USD,724,4.31,1185,460,AE,32,0
Verified Nike Cameras listing,Purchased from official store. Invoice and original box included.,Nike,Cameras,158.26,USD,802,4.34,25,16,CN,16,0
Verified Nike Audio listing,Purchased from official store. Invoice and original box included.,Nike,Audio,152.84,USD,0,4.42,255,607,AE,22,0
Luxury Nike mirror quality item,"DM for wholesale and better price, limited details.",Nike,Electronics,162.44,USD,194,4.74,246,486,GB,27,0
Verified Louis Vuitton Watches listing,Minimal wear. Verified authenticity by trusted reseller.,Louis Vuitton,Watches,1820.01,USD,347,4.78,90,243,CN,15,0
Verified Adidas Electronics listing,Minimal wear. Verified authenticity by trusted reseller.,Adidas,Electronics,104.81,USD,1181,4.32,472,131,TR,14,0
Original Rolex Electronics with full packaging,Serial number available. Fast shipping and returns accepted.,Rolex,Electronics,9579.21,USD,577,5.0,0,667,AE,36,0
Canon Handbags authentic style,No receipt available. Perfect copy and hard to tell.,Canon,Handbags,702.93,USD,13,3.04,0,1,DE,4,1
Verified Adidas Cameras listing,Minimal wear. Verified authenticity by trusted reseller.,Adidas,Cameras,119.91,USD,621,4.34,111,506,TR,10,0
Rolex Cameras in excellent condition,Serial number available. Fast shipping and returns accepted.,Rolex,Cameras,9566.24,USD,896,4.18,1178,79,GB,28,0
Adidas Handbags in excellent condition,Minimal wear. Verified authenticity by trusted reseller.,Adidas,Handbags,91.14,USD,80,4.9,1210,470,US,33,0
Verified Louis Vuitton Electronics listing,Purchased from official store. Invoice and original box included.,Louis Vuitton,Electronics,1797.43,USD,101,4.65,880,231,CN,43,0
Verified Nike Audio listing,Serial number available. Fast shipping and returns accepted.,Nike,Audio,97.6,USD,619,4.49,188,256,US,19,0
Gucci Sneakers in excellent condition,Minimal wear. Verified authenticity by trusted reseller.,Gucci,Sneakers,1686.02,USD,437,4.49,78,209,GB,11,0
Nike Audio without receipt,"DM for wholesale and better price, limited details.",Nike,Audio,57.11,USD,139,3.03,147,0,AE,0,1
Original Gucci Cameras with full packaging,Minimal wear. Verified authenticity by trusted reseller.,Gucci,Cameras,1535.65,USD,237,4.68,528,305,IN,0,0
Gucci Audio in excellent condition,Serial number available. Fast shipping and returns accepted.,Gucci,Audio,1974.74,USD,234,4.92,0,501,GB,0,0
Apple Watches authentic style,No receipt available. Perfect copy and hard to tell.,Apple,Watches,941.55,USD,599,3.91,1096,232,GB,25,0
Canon Sneakers 1:1,"Factory source stock, no box but same quality as original.",Canon,Sneakers,526.2,USD,158,3.96,146,0,US,6,1
Samsung Sneakers in excellent condition,Serial number available. Fast shipping and returns accepted.,Samsung,Sneakers,296.21,USD,0,3.69,119,91,GB,8,1
Original Sony Audio with full packaging,Serial number available. Fast shipping and returns accepted.,Sony,Audio,341.48,USD,458,4.62,268,368,US,15,0
Verified Canon Handbags listing,Serial number available. Fast shipping and returns accepted.,Canon,Handbags,165.74,USD,91,3.33,51,0,US,8,1
Luxury Gucci wholesale lot item,"Factory source stock, no box but same quality as original.",Gucci,Electronics,300.58,USD,85,2.31,43,0,JP,0,1
Original Nike Sneakers with full packaging,Serial number available. Fast shipping and returns accepted.,Nike,Sneakers,192.55,USD,539,4.83,947,373,CN,28,0
Original Samsung Electronics with full packaging,Serial number available. Fast shipping and returns accepted.,Samsung,Electronics,527.77,USD,153,3.79,95,0,IN,24,0
Verified Bose Handbags listing,Serial number available. Fast shipping and returns accepted.,Bose,Handbags,206.72,USD,134,4.21,886,304,US,21,0
Verified Rolex Watches listing,Minimal wear. Verified authenticity by trusted reseller.,Rolex,Watches,9286.66,USD,731,4.24,699,334,IN,7,0
Apple Audio no box,"DM for wholesale and better price, limited details.",Apple,Audio,425.85,USD,0,3.28,86,64,JP,5,1
Gucci Cameras in excellent condition,Minimal wear. Verified authenticity by trusted reseller.,Gucci,Cameras,1345.4,USD,1030,3.6,1336,434,TR,22,0
Adidas Sneakers in excellent condition,Purchased from official store. Invoice and original box included.,Adidas,Sneakers,50.07,USD,101,3.22,0,0,TR,14,1
Luxury Sony dm for more item,"DM for wholesale and better price, limited details.",Sony,Handbags,237.96,USD,0,3.6,119,55,US,0,1
Verified Samsung Electronics listing,Purchased from official store. Invoice and original box included.,Samsung,Electronics,523.35,USD,646,4.15,667,320,GB,6,0
Original Apple Audio with full packaging,Serial number available. Fast shipping and returns accepted.,Apple,Audio,1368.79,USD,42,4.25,115,0,TR,1,1
Nike Watches in excellent condition,Serial number available. Fast shipping and returns accepted.,Nike,Watches,110.61,USD,275,4.49,910,51,CN,17,0
Luxury Apple authentic style item,"Factory source stock, no box but same quality as original.",Apple,Sneakers,393.59,USD,26,2.62,69,16,IN,0,1
Luxury Bose without receipt item,"DM for wholesale and better price, limited details.",Bose,Handbags,150.41,USD,0,2.56,0,20,CN,13,1
Canon Handbags in excellent condition,Minimal wear. Verified authenticity by trusted reseller.,Canon,Handbags,650.04,USD,611,3.73,659,226,JP,0,0
Original Gucci Sneakers with full packaging,Purchased from official store. Invoice and original box included.,Gucci,Sneakers,624.78,USD,109,2.4,54,0,GB,5,1
Original Sony Electronics with full packaging,Serial number available. Fast shipping and returns accepted.,Sony,Electronics,237.58,USD,981,4.53,609,409,CN,22,0
Bose Watches premium no box deal,"DM for wholesale and better price, limited details.",Bose,Watches,92.6,USD,232,4.41,0,25,GB,8,1
Verified Nike Sneakers listing,Serial number available. Fast shipping and returns accepted.,Nike,Sneakers,97.56,USD,717,3.82,543,474,US,10,0
Apple Handbags in excellent condition,Serial number available. Fast shipping and returns accepted.,Apple,Handbags,753.66,USD,277,4.14,553,306,CN,17,0
Verified Adidas Sneakers listing,Serial number available. Fast shipping and returns accepted.,Adidas,Sneakers,86.22,USD,1018,4.02,1056,202,IN,43,0
Verified Adidas Watches listing,Minimal wear. Verified authenticity by trusted reseller.,Adidas,Watches,52.72,USD,470,4.14,633,295,CN,19,0
Bose Cameras premium dm for more deal,No receipt available. Perfect copy and hard to tell.,Bose,Cameras,83.52,USD,0,2.73,102,22,JP,13,1
Bose Sneakers copy version,No receipt available. Perfect copy and hard to tell.,Bose,Sneakers,91.34,USD,5,3.07,163,1,JP,11,1
Original Samsung Watches with full packaging,Minimal wear. Verified authenticity by trusted reseller.,Samsung,Watches,761.89,USD,0,4.74,245,571,DE,38,0
Verified Gucci Cameras listing,Serial number available. Fast shipping and returns accepted.,Gucci,Cameras,956.63,USD,691,4.75,176,131,GB,20,1
Bose Electronics in excellent condition,Serial number available. Fast shipping and returns accepted.,Bose,Electronics,200.58,USD,368,4.56,0,267,JP,27,0
Bose Handbags in excellent condition,Serial number available. Fast shipping and returns accepted.,Bose,Handbags,215.12,USD,556,3.99,37,190,IN,39,0
Verified Louis Vuitton Watches listing,Serial number available. Fast shipping and returns accepted.,Louis Vuitton,Watches,2192.87,USD,340,4.19,83,313,TR,33,0
Samsung Cameras premium discounted luxury deal,"DM for wholesale and better price, limited details.",Samsung,Cameras,336.77,USD,78,3.21,129,26,TR,2,1
Verified Canon Electronics listing,Purchased from official store. Invoice and original box included.,Canon,Electronics,662.38,USD,1063,4.02,0,275,JP,30,0
Original Adidas Audio with full packaging,Minimal wear. Verified authenticity by trusted reseller.,Adidas,Audio,65.2,USD,58,3.42,71,36,TR,12,1
Original Sony Sneakers with full packaging,Minimal wear. Verified authenticity by trusted reseller.,Sony,Sneakers,389.36,USD,646,4.66,1321,581,GB,41,0
Sony Watches in excellent condition,Purchased from official store. Invoice and original box included.,Sony,Watches,185.26,USD,0,2.88,165,11,GB,7,1
Verified Gucci Watches listing,Minimal wear. Verified authenticity by trusted reseller.,Gucci,Watches,1187.57,USD,539,3.9,334,310,JP,20,0
Samsung Handbags replica,"DM for wholesale and better price, limited details.",Samsung,Handbags,311.59,USD,106,2.75,222,10,IN,0,1
Verified Apple Sneakers listing,Serial number available. Fast shipping and returns accepted.,Apple,Sneakers,736.06,USD,176,1.98,0,0,AE,4,1
Sony Sneakers in excellent condition,Serial number available. Fast shipping and returns accepted.,Sony,Sneakers,218.31,USD,199,2.69,174,0,DE,6,1
Sony Cameras premium dm for more deal,"Factory source stock, no box but same quality as original.",Sony,Cameras,201.38,USD,61,3.19,238,0,DE,10,1
Samsung Handbags factory surplus,"Factory source stock, no box but same quality as original.",Samsung,Handbags,295.93,USD,50,3.35,123,55,US,15,1
Bose Watches replica,"DM for wholesale and better price, limited details.",Bose,Watches,81.34,USD,174,3.78,49,0,GB,5,1
Nike Cameras in excellent condition,Serial number available. Fast shipping and returns accepted.,Nike,Cameras,124.63,USD,451,4.55,793,182,TR,34,0
Nike Electronics in excellent condition,Minimal wear. Verified authenticity by trusted reseller.,Nike,Electronics,101.91,USD,514,3.72,456,228,CN,13,0
Adidas Cameras in excellent condition,Purchased from official store. Invoice and original box included.,Adidas,Cameras,103.81,USD,537,4.25,210,130,GB,17,0
Verified Rolex Sneakers listing,Minimal wear. Verified authenticity by trusted reseller.,Rolex,Sneakers,12207.49,USD,402,4.58,1177,312,DE,20,0
Verified Rolex Audio listing,Minimal wear. Verified authenticity by trusted reseller.,Rolex,Audio,8737.63,USD,464,4.22,452,554,US,1,0
Verified Canon Electronics listing,Purchased from official store. Invoice and original box included.,Canon,Electronics,506.4,USD,177,3.54,0,0,GB,15,1
Apple Handbags in excellent condition,Serial number available. Fast shipping and returns accepted.,Apple,Handbags,548.15,USD,360,4.43,851,200,IN,22,0
Verified Rolex Cameras listing,Serial number available. Fast shipping and returns accepted.,Rolex,Cameras,7313.21,USD,6,4.74,525,478,GB,39,0
Verified Bose Watches listing,Minimal wear. Verified authenticity by trusted reseller.,Bose,Watches,193.68,USD,129,4.79,782,0,DE,21,0
Louis Vuitton Sneakers in excellent condition,Minimal wear. Verified authenticity by trusted reseller.,Louis Vuitton,Sneakers,891.07,USD,0,2.49,292,28,TR,7,1
Verified Adidas Sneakers listing,Minimal wear. Verified authenticity by trusted reseller.,Adidas,Sneakers,76.71,USD,595,4.48,0,57,JP,40,0
Apple Watches in excellent condition,Minimal wear. Verified authenticity by trusted reseller.,Apple,Watches,308.14,USD,71,3.35,0,17,TR,1,1
Original Bose Watches with full packaging,Minimal wear. Verified authenticity by trusted reseller.,Bose,Watches,207.74,USD,0,2.93,151,14,GB,0,1
Gucci Electronics in excellent condition,Purchased from official store. Invoice and original box included.,Gucci,Electronics,1567.95,USD,71,4.06,501,362,JP,25,0
Verified Bose Cameras listing,Purchased from official store. Invoice and original box included.,Bose,Cameras,314.23,USD,272,4.55,206,645,DE,40,0
Verified Samsung Watches listing,Serial number available. Fast shipping and returns accepted.,Samsung,Watches,680.07,USD,0,3.88,1011,344,IN,28,0
Original Nike Watches with full packaging,Minimal wear. Verified authenticity by trusted reseller.,Nike,Watches,136.36,USD,369,4.36,697,292,CN,30,0
Bose Audio in excellent condition,Serial number available. Fast shipping and returns accepted.,Bose,Audio,241.56,USD,261,4.53,1847,79,DE,29,0
Bose Electronics premium authentic style deal,"DM for wholesale and better price, limited details.",Bose,Electronics,267.0,USD,784,4.46,400,491,CN,54,0
Verified Rolex Cameras listing,Minimal wear. Verified authenticity by trusted reseller.,Rolex,Cameras,34159.15,USD,40,3.55,132,62,TR,4,1
Canon Sneakers 1:1,No receipt available. Perfect copy and hard to tell.,Canon,Sneakers,1185.16,USD,934,3.78,764,422,US,9,0
Verified Gucci Handbags listing,Purchased from official store. Invoice and original box included.,Gucci,Handbags,1421.76,USD,968,4.45,1055,120,AE,7,0
Original Canon Electronics with full packaging,Minimal wear. Verified authenticity by trusted reseller.,Canon,Electronics,1146.94,USD,613,4.26,243,287,AE,19,0
Bose Cameras in excellent condition,Minimal wear. Verified authenticity by trusted reseller.,Bose,Cameras,284.98,USD,552,4.15,130,591,TR,22,0
Louis Vuitton Electronics looks original,No receipt available. Perfect copy and hard to tell.,Louis Vuitton,Electronics,864.02,USD,316,2.21,43,0,AE,6,1
Verified Bose Sneakers listing,Minimal wear. Verified authenticity by trusted reseller.,Bose,Sneakers,200.08,USD,599,4.49,600,83,CN,27,0
Original Gucci Watches with full packaging,Purchased from official store. Invoice and original box included.,Gucci,Watches,1400.32,USD,623,3.91,442,71,TR,9,0
Gucci Cameras in excellent condition,Serial number available. Fast shipping and returns accepted.,Gucci,Cameras,952.81,USD,115,3.19,151,28,CN,16,1
Verified Nike Audio listing,Serial number available. Fast shipping and returns accepted.,Nike,Audio,49.3,USD,0,3.25,154,63,AE,0,1
Bose Audio in excellent condition,Minimal wear. Verified authenticity by trusted reseller.,Bose,Audio,167.23,USD,691,4.18,265,322,IN,35,0
Verified Bose Watches listing,Serial number available. Fast shipping and returns accepted.,Bose,Watches,309.47,USD,307,3.9,172,355,AE,9,0
Verified Nike Audio listing,Serial number available. Fast shipping and returns accepted.,Nike,Audio,48.81,USD,93,3.76,88,39,CN,0,1
Nike Sneakers in excellent condition,Serial number available. Fast shipping and returns accepted.,Nike,Sneakers,72.03,USD,0,3.8,1833,624,IN,2,0
Apple Watches in excellent condition,Serial number available. Fast shipping and returns accepted.,Apple,Watches,871.87,USD,216,4.55,774,106,TR,7,0
Sony Electronics premium 1:1 deal,"DM for wholesale and better price, limited details.",Sony,Electronics,149.19,USD,0,3.66,0,0,CN,1,1
Louis Vuitton Watches no box,"DM for wholesale and better price, limited details.",Louis Vuitton,Watches,1402.88,USD,218,2.97,192,15,US,4,1
Verified Samsung Electronics listing,Minimal wear. Verified authenticity by trusted reseller.,Samsung,Electronics,399.24,USD,1,2.47,132,43,DE,15,1
Verified Bose Watches listing,Purchased from official store. Invoice and original box included.,Bose,Watches,303.98,USD,672,4.45,647,358,IN,15,0
Original Rolex Watches with full packaging,Minimal wear. Verified authenticity by trusted reseller.,Rolex,Watches,4243.0,USD,3,2.72,74,0,JP,19,1
Luxury Nike no box item,"Factory source stock, no box but same quality as original.",Nike,Watches,66.56,USD,98,2.24,0,0,AE,14,1
Adidas Audio in excellent condition,Serial number available. Fast shipping and returns accepted.,Adidas,Audio,108.32,USD,642,4.29,631,464,DE,9,0
Verified Apple Sneakers listing,Serial number available. Fast shipping and returns accepted.,Apple,Sneakers,930.44,USD,489,4.13,1063,0,DE,35,0
Original Canon Electronics with full packaging,Minimal wear. Verified authenticity by trusted reseller.,Canon,Electronics,723.33,USD,275,5.0,889,678,DE,23,0
Sony Audio dm for more,"DM for wholesale and better price, limited details.",Sony,Audio,164.89,USD,98,1.51,261,28,TR,6,1
Verified Samsung Sneakers listing,Serial number available. Fast shipping and returns accepted.,Samsung,Sneakers,313.1,USD,117,3.37,139,0,AE,15,1
Samsung Sneakers wholesale lot,"Factory source stock, no box but same quality as original.",Samsung,Sneakers,967.08,USD,964,4.53,916,302,GB,10,0
Verified Apple Audio listing,Minimal wear. Verified authenticity by trusted reseller.,Apple,Audio,424.25,USD,63,2.69,41,0,CN,0,1
Verified Louis Vuitton Watches listing,Purchased from official store. Invoice and original box included.,Louis Vuitton,Watches,1974.62,USD,1095,4.48,700,192,US,34,0
Rolex Electronics in excellent condition,Purchased from official store. Invoice and original box included.,Rolex,Electronics,25853.46,USD,1,4.0,132,51,AE,0,1
Apple Watches in excellent condition,Purchased from official store. Invoice and original box included.,Apple,Watches,2650.85,USD,0,3.81,18,0,JP,0,1
Adidas Cameras in excellent condition,Serial number available. Fast shipping and returns accepted.,Adidas,Cameras,128.03,USD,1036,4.31,672,222,AE,14,0
Verified Rolex Audio listing,Purchased from official store. Invoice and original box included.,Rolex,Audio,5339.25,USD,160,2.72,0,34,US,11,1
Bose Sneakers replica,No receipt available. Perfect copy and hard to tell.,Bose,Sneakers,107.85,USD,4,2.51,123,24,TR,9,1
Verified Gucci Audio listing,Minimal wear. Verified authenticity by trusted reseller.,Gucci,Audio,2003.9,USD,471,4.01,1469,271,CN,1,0
Apple Watches premium mirror quality deal,"Factory source stock, no box but same quality as original.",Apple,Watches,731.96,USD,0,2.64,15,3,CN,7,1
Original Nike Sneakers with full packaging,Serial number available. Fast shipping and returns accepted.,Nike,Sneakers,74.91,USD,51,4.22,411,131,IN,31,0
Original Apple Sneakers with full packaging,Minimal wear. Verified authenticity by trusted reseller.,Apple,Sneakers,134.46,USD,512,4.11,240,70,AE,13,0
Verified Canon Sneakers listing,Purchased from official store. Invoice and original box included.,Canon,Sneakers,652.57,USD,238,4.25,1071,462,IN,0,0
Verified Gucci Handbags listing,Purchased from official store. Invoice and original box included.,Gucci,Handbags,1383.05,USD,508,4.47,895,25,US,17,0
Bose Watches premium 1:1 deal,No receipt available. Perfect copy and hard to tell.,Bose,Watches,15.36,USD,0,3.27,162,60,AE,2,1
Luxury Apple replica item,"DM for wholesale and better price, limited details.",Apple,Cameras,319.33,USD,128,3.42,98,73,TR,8,1
Nike Cameras in excellent condition,Serial number available. Fast shipping and returns accepted.,Nike,Cameras,19.18,USD,0,3.22,137,0,DE,0,1
Verified Samsung Handbags listing,Purchased from official store. Invoice and original box included.,Samsung,Handbags,454.14,USD,15,2.94,51,29,DE,14,1
Canon Sneakers in excellent condition,Serial number available. Fast shipping and returns accepted.,Canon,Sneakers,342.63,USD,187,3.6,137,11,IN,0,1
Adidas Watches in excellent condition,Minimal wear. Verified authenticity by trusted reseller.,Adidas,Watches,85.25,USD,43,4.02,320,470,CN,17,0
Verified Sony Electronics listing,Purchased from official store. Invoice and original box included.,Sony,Electronics,357.49,USD,992,4.48,517,322,AE,35,0
Apple Sneakers in excellent condition,Serial number available. Fast shipping and returns accepted.,Apple,Sneakers,724.76,USD,452,4.02,91,397,AE,33,0
Canon Cameras premium factory surplus deal,"DM for wholesale and better price, limited details.",Canon,Cameras,237.34,USD,149,3.11,0,0,DE,14,1
Original Gucci Sneakers with full packaging,Minimal wear. Verified authenticity by trusted reseller.,Gucci,Sneakers,1104.57,USD,0,3.99,587,206,US,17,0
Verified Rolex Sneakers listing,Minimal wear. Verified authenticity by trusted reseller.,Rolex,Sneakers,6605.11,USD,340,4.26,0,255,US,29,0
Bose Electronics in excellent condition,Serial number available. Fast shipping and returns accepted.,Bose,Electronics,157.41,USD,313,2.48,0,0,DE,15,1
Original Louis Vuitton Audio with full packaging,Minimal wear. Verified authenticity by trusted reseller.,Louis Vuitton,Audio,1966.58,USD,451,4.45,1134,0,CN,37,0
Verified Samsung Audio listing,Serial number available. Fast shipping and returns accepted.,Samsung,Audio,714.13,USD,623,3.85,491,514,TR,21,0
Verified Sony Handbags listing,Purchased from official store. Invoice and original box included.,Sony,Handbags,162.2,USD,180,3.17,186,56,GB,5,1
Rolex Electronics in excellent condition,Purchased from official store. Invoice and original box included.,Rolex,Electronics,12482.94,USD,687,3.42,1457,0,CN,33,0
Original Samsung Electronics with full packaging,Serial number available. Fast shipping and returns accepted.,Samsung,Electronics,272.58,USD,111,1.81,150,29,GB,11,1
Original Nike Electronics with full packaging,Minimal wear. Verified authenticity by trusted reseller.,Nike,Electronics,158.37,USD,409,4.62,541,171,IN,10,0
Apple Sneakers in excellent condition,Purchased from official store. Invoice and original box included.,Apple,Sneakers,736.09,USD,777,3.55,0,297,JP,34,0
Original Rolex Electronics with full packaging,Purchased from official store. Invoice and original box included.,Rolex,Electronics,9472.63,USD,0,4.46,1098,94,US,0,0
Verified Canon Watches listing,Minimal wear. Verified authenticity by trusted reseller.,Canon,Watches,884.3,USD,503,4.81,1230,391,GB,34,0
Verified Louis Vuitton Cameras listing,Minimal wear. Verified authenticity by trusted reseller.,Louis Vuitton,Cameras,1819.99,USD,856,4.33,797,508,JP,25,0
Apple Cameras in excellent condition,Minimal wear. Verified authenticity by trusted reseller.,Apple,Cameras,728.52,USD,0,4.93,1781,188,GB,14,0
Luxury Rolex without receipt item,"Factory source stock, no box but same quality as original.",Rolex,Cameras,9640.04,USD,6,2.57,0,30,DE,9,1
Sony Sneakers premium inspired deal,No receipt available. Perfect copy and hard to tell.,Sony,Sneakers,227.33,USD,110,3.07,0,32,JP,9,1
Verified Rolex Audio listing,Minimal wear. Verified authenticity by trusted reseller.,Rolex,Audio,10633.88,USD,811,4.58,66,0,AE,22,0
Verified Louis Vuitton Audio listing,Minimal wear. Verified authenticity by trusted reseller.,Louis Vuitton,Audio,2376.04,USD,673,4.48,162,390,TR,10,0
Original Canon Cameras with full packaging,Purchased from official store. Invoice and original box included.,Canon,Cameras,971.54,USD,441,4.7,602,182,IN,17,0
Verified Gucci Cameras listing,Purchased from official store. Invoice and original box included.,Gucci,Cameras,1613.54,USD,862,4.31,309,243,US,12,0
Luxury Sony authentic style item,"DM for wholesale and better price, limited details.",Sony,Watches,1121.75,USD,164,3.51,112,39,CN,13,1
Verified Adidas Handbags listing,Serial number available. Fast shipping and returns accepted.,Adidas,Handbags,101.08,USD,1429,4.64,335,246,CN,19,0
Luxury Adidas replica item,No receipt available. Perfect copy and hard to tell.,Adidas,Sneakers,58.5,USD,0,3.1,29,17,TR,0,1
Original Louis Vuitton Electronics with full packaging,Minimal wear. Verified authenticity by trusted reseller.,Louis Vuitton,Electronics,1713.81,USD,482,4.29,1160,90,JP,0,0
Verified Adidas Electronics listing,Serial number available. Fast shipping and returns accepted.,Adidas,Electronics,85.53,USD,0,4.27,535,0,US,4,0
Verified Adidas Watches listing,Purchased from official store. Invoice and original box included.,Adidas,Watches,362.18,USD,107,2.71,33,0,AE,8,1
Verified Bose Cameras listing,Minimal wear. Verified authenticity by trusted reseller.,Bose,Cameras,155.55,USD,203,3.8,46,0,TR,4,1
Samsung Audio in excellent condition,Minimal wear. Verified authenticity by trusted reseller.,Samsung,Audio,935.69,USD,0,5.0,707,102,IN,26,0
Samsung Electronics wholesale lot,"Factory source stock, no box but same quality as original.",Samsung,Electronics,365.82,USD,56,3.48,163,22,IN,2,1
Canon Handbags no box,"Factory source stock, no box but same quality as original.",Canon,Handbags,424.96,USD,192,2.84,98,40,JP,17,1
Luxury Apple 1:1 item,"Factory source stock, no box but same quality as original.",Apple,Electronics,268.88,USD,0,3.18,89,8,IN,0,1
Original Gucci Sneakers with full packaging,Minimal wear. Verified authenticity by trusted reseller.,Gucci,Sneakers,1732.71,USD,1132,4.3,417,312,US,25,0
Original Apple Electronics with full packaging,Minimal wear. Verified authenticity by trusted reseller.,Apple,Electronics,1087.65,USD,847,4.43,690,371,DE,49,0
Verified Louis Vuitton Watches listing,Serial number available. Fast shipping and returns accepted.,Louis Vuitton,Watches,1694.57,USD,126,4.61,230,108,CN,6,0
Verified Apple Watches listing,Minimal wear. Verified authenticity by trusted reseller.,Apple,Watches,913.78,USD,717,3.83,672,153,AE,17,0
Louis Vuitton Audio in excellent condition,Minimal wear. Verified authenticity by trusted reseller.,Louis Vuitton,Audio,1655.57,USD,383,4.36,900,765,DE,42,0
Original Rolex Sneakers with full packaging,Serial number available. Fast shipping and returns accepted.,Rolex,Sneakers,8724.46,USD,611,4.72,564,121,JP,35,0
Verified Louis Vuitton Electronics listing,Minimal wear. Verified authenticity by trusted reseller.,Louis Vuitton,Electronics,310.5,USD,0,3.72,0,0,AE,1,1
Original Nike Handbags with full packaging,Minimal wear. Verified authenticity by trusted reseller.,Nike,Handbags,80.83,USD,267,5.0,1260,188,US,16,0
Original Rolex Watches with full packaging,Serial number available. Fast shipping and returns accepted.,Rolex,Watches,8427.91,USD,620,4.8,877,20,GB,27,0
Adidas Electronics in excellent condition,Minimal wear. Verified authenticity by trusted reseller.,Adidas,Electronics,98.27,USD,533,4.81,842,667,JP,8,0
Original Samsung Handbags with full packaging,Purchased from official store. Invoice and original box included.,Samsung,Handbags,194.0,USD,223,2.42,59,0,DE,11,1
Original Apple Sneakers with full packaging,Purchased from official store. Invoice and original box included.,Apple,Sneakers,320.5,USD,772,4.05,898,8,JP,39,0
Verified Gucci Handbags listing,Serial number available. Fast shipping and returns accepted.,Gucci,Handbags,825.74,USD,73,3.75,62,35,IN,0,1
Verified Gucci Sneakers listing,Minimal wear. Verified authenticity by trusted reseller.,Gucci,Sneakers,2634.29,USD,310,4.57,847,456,JP,21,0
Verified Bose Sneakers listing,Minimal wear. Verified authenticity by trusted reseller.,Bose,Sneakers,177.48,USD,110,4.74,1360,269,US,20,0
Original Gucci Handbags with full packaging,Purchased from official store. Invoice and original box included.,Gucci,Handbags,770.02,USD,127,4.35,1069,192,DE,18,0
Verified Louis Vuitton Watches listing,Minimal wear. Verified authenticity by trusted reseller.,Louis Vuitton,Watches,1814.66,USD,1067,4.96,1275,239,US,16,0
Verified Samsung Electronics listing,Minimal wear. Verified authenticity by trusted reseller.,Samsung,Electronics,277.8,USD,745,3.9,640,0,AE,20,0
Rolex Cameras premium authentic style deal,"Factory source stock, no box but same quality as original.",Rolex,Cameras,4102.63,USD,0,3.23,0,20,AE,6,1
Bose Handbags mirror quality,"DM for wholesale and better price, limited details.",Bose,Handbags,549.95,USD,32,3.39,253,14,AE,10,1
Verified Gucci Sneakers listing,Minimal wear. Verified authenticity by trusted reseller.,Gucci,Sneakers,1741.57,USD,801,4.3,707,383,CN,28,0
Rolex Watches premium factory surplus deal,No receipt available. Perfect copy and hard to tell.,Rolex,Watches,1496.04,USD,141,4.01,180,10,US,0,1
Luxury Adidas mirror quality item,No receipt available. Perfect copy and hard to tell.,Adidas,Cameras,20.03,USD,152,2.67,0,22,JP,11,1
Gucci Audio replica,"Factory source stock, no box but same quality as original.",Gucci,Audio,453.58,USD,0,2.96,108,12,US,0,1
Verified Louis Vuitton Cameras listing,Serial number available. Fast shipping and returns accepted.,Louis Vuitton,Cameras,1371.85,USD,902,4.78,766,191,AE,25,0
Original Samsung Cameras with full packaging,Minimal wear. Verified authenticity by trusted reseller.,Samsung,Cameras,421.64,USD,282,4.91,693,316,US,29,0
Gucci Cameras in excellent condition,Serial number available. Fast shipping and returns accepted.,Gucci,Cameras,1886.08,USD,534,4.19,463,325,GB,25,0
Louis Vuitton Sneakers mirror quality,"Factory source stock, no box but same quality as original.",Louis Vuitton,Sneakers,1454.16,USD,708,4.71,527,233,CN,33,0
Bose Sneakers premium replica deal,No receipt available. Perfect copy and hard to tell.,Bose,Sneakers,236.35,USD,379,3.99,609,355,GB,26,0
Verified Gucci Watches listing,Purchased from official store. Invoice and original box included.,Gucci,Watches,264.33,USD,99,3.61,81,18,JP,0,1
Luxury Rolex 1:1 item,"DM for wholesale and better price, limited details.",Rolex,Audio,4063.93,USD,48,2.07,110,30,DE,3,1
Bose Electronics in excellent condition,Purchased from official store. Invoice and original box included.,Bose,Electronics,10.0,USD,71,4.41,86,31,US,14,1
Samsung Watches in excellent condition,Purchased from official store. Invoice and original box included.,Samsung,Watches,534.57,USD,880,4.39,1069,528,TR,20,0
Luxury Apple factory surplus item,No receipt available. Perfect copy and hard to tell.,Apple,Sneakers,501.93,USD,19,3.38,164,71,IN,11,1
Sony Cameras authentic style,"Factory source stock, no box but same quality as original.",Sony,Cameras,159.8,USD,0,3.69,28,94,CN,8,1
Luxury Bose dm for more item,"DM for wholesale and better price, limited details.",Bose,Audio,166.24,USD,72,3.11,58,0,IN,5,1
Louis Vuitton Audio in excellent condition,Purchased from official store. Invoice and original box included.,Louis Vuitton,Audio,1632.29,USD,732,3.91,639,341,DE,23,0
Canon Cameras in excellent condition,Purchased from official store. Invoice and original box included.,Canon,Cameras,655.1,USD,501,4.24,1000,0,TR,21,0
Original Bose Audio with full packaging,Minimal wear. Verified authenticity by trusted reseller.,Bose,Audio,347.46,USD,322,4.14,0,263,TR,22,0
Verified Samsung Audio listing,Serial number available. Fast shipping and returns accepted.,Samsung,Audio,414.34,USD,21,1.85,0,60,IN,7,1
Gucci Sneakers in excellent condition,Minimal wear. Verified authenticity by trusted reseller.,Gucci,Sneakers,1454.95,USD,492,4.75,722,350,TR,16,0
Original Adidas Electronics with full packaging,Serial number available. Fast shipping and returns accepted.,Adidas,Electronics,130.18,USD,225,4.34,652,278,DE,31,0
Samsung Electronics premium copy version deal,"DM for wholesale and better price, limited details.",Samsung,Electronics,1943.59,USD,127,3.35,0,0,CN,0,1
Sony Electronics in excellent condition,Serial number available. Fast shipping and returns accepted.,Sony,Electronics,221.75,USD,0,2.55,0,0,US,16,1
Bose Handbags premium inspired deal,"Factory source stock, no box but same quality as original.",Bose,Handbags,92.43,USD,0,2.81,125,0,US,2,1
Verified Gucci Sneakers listing,Minimal wear. Verified authenticity by trusted reseller.,Gucci,Sneakers,1566.39,USD,550,4.66,515,212,IN,31,0
Luxury Louis Vuitton replica item,No receipt available. Perfect copy and hard to tell.,Louis Vuitton,Audio,1066.61,USD,10,3.25,1,0,DE,0,1
Canon Watches replica,"DM for wholesale and better price, limited details.",Canon,Watches,234.85,USD,225,4.64,39,29,TR,7,1
Adidas Sneakers premium mirror quality deal,No receipt available. Perfect copy and hard to tell.,Adidas,Sneakers,55.71,USD,70,4.17,95,21,IN,11,1
Nike Cameras premium replica deal,"Factory source stock, no box but same quality as original.",Nike,Cameras,35.79,USD,353,2.87,150,71,TR,0,1
Canon Audio mirror quality,"DM for wholesale and better price, limited details.",Canon,Audio,648.59,USD,0,2.67,64,4,TR,3,1
Verified Gucci Handbags listing,Purchased from official store. Invoice and original box included.,Gucci,Handbags,1557.1,USD,433,4.18,919,107,DE,20,0
Sony Audio in excellent condition,Serial number available. Fast shipping and returns accepted.,Sony,Audio,458.61,USD,608,4.21,1365,42,DE,16,0
Verified Canon Cameras listing,Minimal wear. Verified authenticity by trusted reseller.,Canon,Cameras,791.55,USD,413,4.74,767,168,CN,13,0
Verified Nike Electronics listing,Minimal wear. Verified authenticity by trusted reseller.,Nike,Electronics,128.66,USD,780,4.37,1232,380,GB,21,0
Bose Audio in excellent condition,Minimal wear. Verified authenticity by trusted reseller.,Bose,Audio,252.77,USD,98,4.88,940,177,IN,43,0
Luxury Apple mirror quality item,"DM for wholesale and better price, limited details.",Apple,Cameras,234.2,USD,120,4.14,200,46,TR,15,1
Original Sony Sneakers with full packaging,Serial number available. Fast shipping and returns accepted.,Sony,Sneakers,185.33,USD,0,4.72,322,474,GB,0,0
Apple Electronics in excellent condition,Purchased from official store. Invoice and original box included.,Apple,Electronics,609.26,USD,123,2.08,0,22,TR,1,1
Luxury Canon copy version item,"Factory source stock, no box but same quality as original.",Canon,Audio,693.8,USD,382,4.31,371,338,IN,11,0
Verified Louis Vuitton Cameras listing,Purchased from official store. Invoice and original box included.,Louis Vuitton,Cameras,770.52,USD,81,3.26,84,15,AE,5,1
Nike Sneakers in excellent condition,Minimal wear. Verified authenticity by trusted reseller.,Nike,Sneakers,124.44,USD,380,4.56,650,252,IN,33,0
Original Apple Sneakers with full packaging,Purchased from official store. Invoice and original box included.,Apple,Sneakers,829.28,USD,949,4.06,566,68,DE,41,0
Luxury Apple inspired item,"Factory source stock, no box but same quality as original.",Apple,Handbags,1099.31,USD,586,4.48,770,191,IN,19,0
Verified Louis Vuitton Cameras listing,Minimal wear. Verified authenticity by trusted reseller.,Louis Vuitton,Cameras,1660.11,USD,455,4.15,674,500,DE,27,0
Verified Apple Sneakers listing,Serial number available. Fast shipping and returns accepted.,Apple,Sneakers,840.67,USD,421,4.35,1178,219,AE,37,0
Bose Audio premium authentic style deal,"DM for wholesale and better price, limited details.",Bose,Audio,173.01,USD,526,4.41,567,200,AE,17,0
Verified Rolex Audio listing,Serial number available. Fast shipping and returns accepted.,Rolex,Audio,9710.93,USD,996,4.19,6,345,CN,26,0
Verified Adidas Watches listing,Minimal wear. Verified authenticity by trusted reseller.,Adidas,Watches,56.35,USD,804,4.7,368,42,CN,32,0
Original Louis Vuitton Sneakers with full packaging,Purchased from official store. Invoice and original box included.,Louis Vuitton,Sneakers,6319.41,USD,154,3.83,0,0,AE,10,1
Luxury Rolex without receipt item,"Factory source stock, no box but same quality as original.",Rolex,Electronics,3442.68,USD,78,2.76,0,55,GB,6,1
Rolex Watches in excellent condition,Serial number available. Fast shipping and returns accepted.,Rolex,Watches,6312.21,USD,0,2.78,0,59,TR,0,1
Luxury Gucci without receipt item,"DM for wholesale and better price, limited details.",Gucci,Cameras,934.95,USD,191,4.4,89,22,IN,6,1
Original Gucci Audio with full packaging,Purchased from official store. Invoice and original box included.,Gucci,Audio,1198.17,USD,770,5.0,365,426,AE,48,0
Original Samsung Electronics with full packaging,Serial number available. Fast shipping and returns accepted.,Samsung,Electronics,1308.83,USD,115,2.87,83,0,US,0,1
Original Samsung Audio with full packaging,Minimal wear. Verified authenticity by trusted reseller.,Samsung,Audio,312.94,USD,136,3.86,217,34,GB,4,1
Verified Adidas Handbags listing,Purchased from official store. Invoice and original box included.,Adidas,Handbags,122.02,USD,432,4.39,466,14,JP,16,0
Verified Samsung Audio listing,Purchased from official store. Invoice and original box included.,Samsung,Audio,617.77,USD,266,4.49,903,169,AE,14,0
Verified Sony Handbags listing,Minimal wear. Verified authenticity by trusted reseller.,Sony,Handbags,393.58,USD,519,4.48,794,126,TR,24,0
Rolex Watches in excellent condition,Serial number available. Fast shipping and returns accepted.,Rolex,Watches,13006.36,USD,658,4.28,381,549,DE,24,0
Sony Cameras in excellent condition,Purchased from official store. Invoice and original box included.,Sony,Cameras,420.9,USD,498,4.12,1015,63,US,0,0
Verified Canon Handbags listing,Serial number available. Fast shipping and returns accepted.,Canon,Handbags,769.83,USD,809,4.3,1077,358,TR,28,0
Luxury Gucci wholesale lot item,"Factory source stock, no box but same quality as original.",Gucci,Audio,140.47,USD,46,3.53,0,0,JP,20,1
Original Louis Vuitton Sneakers with full packaging,Purchased from official store. Invoice and original box included.,Louis Vuitton,Sneakers,1563.4,USD,636,3.94,1359,91,JP,26,0
Apple Cameras in excellent condition,Minimal wear. Verified authenticity by trusted reseller.,Apple,Cameras,737.62,USD,497,4.83,182,337,CN,23,0
Canon Sneakers without receipt,"DM for wholesale and better price, limited details.",Canon,Sneakers,457.5,USD,88,1.0,0,38,TR,12,1
Verified Adidas Watches listing,Purchased from official store. Invoice and original box included.,Adidas,Watches,35.44,USD,152,3.97,0,0,US,1,1
Luxury Samsung factory surplus item,"DM for wholesale and better price, limited details.",Samsung,Handbags,353.16,USD,96,4.35,70,34,IN,9,1
Canon Sneakers in excellent condition,Serial number available. Fast shipping and returns accepted.,Canon,Sneakers,812.52,USD,0,4.32,643,89,IN,16,0
Adidas Audio premium looks original deal,"Factory source stock, no box but same quality as original.",Adidas,Audio,281.27,USD,158,2.04,0,40,TR,0,1
Original Apple Handbags with full packaging,Purchased from official store. Invoice and original box included.,Apple,Handbags,441.82,USD,174,5.0,49,14,IN,15,1
Canon Handbags in excellent condition,Purchased from official store. Invoice and original box included.,Canon,Handbags,315.06,USD,145,2.79,0,25,CN,21,1
Original Gucci Sneakers with full packaging,Minimal wear. Verified authenticity by trusted reseller.,Gucci,Sneakers,1747.15,USD,411,4.2,1244,165,US,23,0
Adidas Handbags without receipt,"Factory source stock, no box but same quality as original.",Adidas,Handbags,25.77,USD,0,3.01,2,17,IN,10,1
Verified Gucci Audio listing,Serial number available. Fast shipping and returns accepted.,Gucci,Audio,1098.19,USD,425,4.89,922,326,IN,23,0
Verified Sony Handbags listing,Serial number available. Fast shipping and returns accepted.,Sony,Handbags,363.57,USD,198,4.35,472,168,IN,32,0
Adidas Sneakers in excellent condition,Minimal wear. Verified authenticity by trusted reseller.,Adidas,Sneakers,128.95,USD,605,4.62,411,0,DE,29,0
Luxury Bose mirror quality item,"Factory source stock, no box but same quality as original.",Bose,Cameras,67.34,USD,0,3.07,37,12,TR,6,1
Louis Vuitton Cameras copy version,"DM for wholesale and better price, limited details.",Louis Vuitton,Cameras,1178.13,USD,388,3.46,194,24,JP,11,1
Adidas Electronics in excellent condition,Purchased from official store. Invoice and original box included.,Adidas,Electronics,72.29,USD,0,3.55,41,68,DE,0,1
Original Adidas Audio with full packaging,Minimal wear. Verified authenticity by trusted reseller.,Adidas,Audio,99.61,USD,959,4.77,549,236,JP,17,0
Original Gucci Cameras with full packaging,Purchased from official store. Invoice and original box included.,Gucci,Cameras,981.3,USD,1028,4.11,119,360,GB,8,0
Samsung Electronics in excellent condition,Minimal wear. Verified authenticity by trusted reseller.,Samsung,Electronics,1077.37,USD,672,4.92,986,197,DE,24,0
Verified Rolex Sneakers listing,Serial number available. Fast shipping and returns accepted.,Rolex,Sneakers,6078.36,USD,0,4.85,0,447,AE,4,0
Bose Handbags looks original,No receipt available. Perfect copy and hard to tell.,Bose,Handbags,72.02,USD,232,3.21,82,51,TR,16,1
Verified Apple Watches listing,Serial number available. Fast shipping and returns accepted.,Apple,Watches,694.46,USD,563,3.75,20,169,JP,19,0
Rolex Sneakers in excellent condition,Minimal wear. Verified authenticity by trusted reseller.,Rolex,Sneakers,19894.43,USD,0,3.2,268,24,IN,14,1
Nike Audio in excellent condition,Serial number available. Fast shipping and returns accepted.,Nike,Audio,95.0,USD,618,4.02,323,460,CN,24,0
Sony Handbags in excellent condition,Purchased from official store. Invoice and original box included.,Sony,Handbags,326.16,USD,230,4.03,502,0,GB,13,0
Verified Rolex Audio listing,Purchased from official store. Invoice and original box included.,Rolex,Audio,4210.36,USD,838,4.02,155,355,IN,30,0
Original Canon Sneakers with full packaging,Minimal wear. Verified authenticity by trusted reseller.,Canon,Sneakers,804.22,USD,1045,3.99,435,94,CN,33,0
Original Samsung Audio with full packaging,Serial number available. Fast shipping and returns accepted.,Samsung,Audio,418.84,USD,858,4.29,628,93,JP,16,0
Samsung Electronics in excellent condition,Minimal wear. Verified authenticity by trusted reseller.,Samsung,Electronics,872.86,USD,756,4.48,0,467,US,24,0
Louis Vuitton Cameras in excellent condition,Serial number available. Fast shipping and returns accepted.,Louis Vuitton,Cameras,586.94,USD,0,1.8,0,0,DE,6,1
Verified Nike Watches listing,Serial number available. Fast shipping and returns accepted.,Nike,Watches,70.87,USD,0,3.13,0,34,TR,19,1
Original Bose Sneakers with full packaging,Minimal wear. Verified authenticity by trusted reseller.,Bose,Sneakers,232.22,USD,622,4.48,810,488,CN,23,0
Verified Louis Vuitton Audio listing,Serial number available. Fast shipping and returns accepted.,Louis Vuitton,Audio,283.68,USD,63,3.76,0,0,IN,0,1
Apple Handbags in excellent condition,Minimal wear. Verified authenticity by trusted reseller.,Apple,Handbags,258.29,USD,194,3.56,150,62,JP,11,1
Louis Vuitton Audio in excellent condition,Minimal wear. Verified authenticity by trusted reseller.,Louis Vuitton,Audio,2337.7,USD,205,5.0,1179,265,DE,36,0
Rolex Cameras premium mirror quality deal,"Factory source stock, no box but same quality as original.",Rolex,Cameras,7015.57,USD,700,3.82,690,156,TR,23,0
Original Adidas Watches with full packaging,Minimal wear. Verified authenticity by trusted reseller.,Adidas,Watches,49.98,USD,51,4.2,1018,210,TR,27,0
Original Louis Vuitton Electronics with full packaging,Purchased from official store. Invoice and original box included.,Louis Vuitton,Electronics,385.62,USD,52,4.0,0,0,IN,0,1
Louis Vuitton Audio in excellent condition,Minimal wear. Verified authenticity by trusted reseller.,Louis Vuitton,Audio,2323.52,USD,462,5.0,387,185,JP,20,0
Verified Louis Vuitton Sneakers listing,Purchased from official store. Invoice and original box included.,Louis Vuitton,Sneakers,1851.14,USD,901,4.94,1046,529,CN,24,0
Sony Sneakers in excellent condition,Minimal wear. Verified authenticity by trusted reseller.,Sony,Sneakers,502.36,USD,851,4.11,1624,213,JP,36,0
Luxury Rolex inspired item,"DM for wholesale and better price, limited details.",Rolex,Handbags,1531.3,USD,179,3.73,274,20,AE,0,1
Sony Watches in excellent condition,Minimal wear. Verified authenticity by trusted reseller.,Sony,Watches,586.15,USD,504,4.89,164,327,DE,16,0
Sony Electronics in excellent condition,Purchased from official store. Invoice and original box included.,Sony,Electronics,515.05,USD,0,4.34,1051,540,CN,40,0
Verified Samsung Watches listing,Minimal wear. Verified authenticity by trusted reseller.,Samsung,Watches,894.18,USD,601,4.5,831,497,IN,17,0
Rolex Sneakers factory surplus,"DM for wholesale and better price, limited details.",Rolex,Sneakers,8431.47,USD,0,4.27,7,166,DE,0,0
Louis Vuitton Audio in excellent condition,Serial number available. Fast shipping and returns accepted.,Louis Vuitton,Audio,896.36,USD,13,4.08,148,16,DE,6,1
Original Adidas Sneakers with full packaging,Serial number available. Fast shipping and returns accepted.,Adidas,Sneakers,10.0,USD,88,3.4,0,0,AE,12,1
Verified Adidas Electronics listing,Minimal wear. Verified authenticity by trusted reseller.,Adidas,Electronics,65.83,USD,0,3.37,80,0,JP,19,1
Bose Electronics premium wholesale lot deal,No receipt available. Perfect copy and hard to tell.,Bose,Electronics,98.12,USD,50,3.22,79,2,GB,1,1
Gucci Electronics premium looks original deal,"DM for wholesale and better price, limited details.",Gucci,Electronics,1730.0,USD,803,4.22,922,104,TR,17,0
Verified Adidas Electronics listing,Serial number available. Fast shipping and returns accepted.,Adidas,Electronics,48.77,USD,173,2.93,4,45,AE,11,1
Verified Gucci Audio listing,Minimal wear. Verified authenticity by trusted reseller.,Gucci,Audio,1850.21,USD,813,4.56,305,44,CN,3,0
Gucci Electronics in excellent condition,Minimal wear. Verified authenticity by trusted reseller.,Gucci,Electronics,1531.98,USD,827,4.4,639,146,DE,18,0
Verified Bose Sneakers listing,Minimal wear. Verified authenticity by trusted reseller.,Bose,Sneakers,207.1,USD,552,4.11,221,105,AE,0,0
Samsung Audio copy version,No receipt available. Perfect copy and hard to tell.,Samsung,Audio,730.6,USD,438,3.98,445,358,TR,32,0
Louis Vuitton Watches premium discounted luxury deal,"DM for wholesale and better price, limited details.",Louis Vuitton,Watches,573.67,USD,170,3.6,0,24,CN,9,1
Original Louis Vuitton Electronics with full packaging,Purchased from official store. Invoice and original box included.,Louis Vuitton,Electronics,1897.85,USD,860,4.81,751,27,AE,34,0
Rolex Sneakers in excellent condition,Purchased from official store. Invoice and original box included.,Rolex,Sneakers,10259.87,USD,277,4.43,545,364,JP,25,0
Bose Audio mirror quality,"DM for wholesale and better price, limited details.",Bose,Audio,91.46,USD,0,3.31,0,52,IN,10,1
Nike Electronics in excellent condition,Serial number available. Fast shipping and returns accepted.,Nike,Electronics,134.8,USD,643,4.11,652,159,TR,15,0
Canon Audio in excellent condition,Purchased from official store. Invoice and original box included.,Canon,Audio,1236.11,USD,617,4.35,910,16,US,12,0
Nike Handbags premium no box deal,No receipt available. Perfect copy and hard to tell.,Nike,Handbags,59.34,USD,123,3.47,0,15,AE,0,1
Luxury Gucci wholesale lot item,"Factory source stock, no box but same quality as original.",Gucci,Electronics,2607.59,USD,1,4.11,37,21,IN,12,1
Original Louis Vuitton Audio with full packaging,Serial number available. Fast shipping and returns accepted.,Louis Vuitton,Audio,2161.84,USD,345,4.31,535,443,AE,22,0
Original Bose Electronics with full packaging,Minimal wear. Verified authenticity by trusted reseller.,Bose,Electronics,303.21,USD,706,4.36,423,340,CN,25,0
Luxury Samsung inspired item,"DM for wholesale and better price, limited details.",Samsung,Electronics,737.1,USD,630,4.19,613,295,AE,12,0
Samsung Sneakers in excellent condition,Minimal wear. Verified authenticity by trusted reseller.,Samsung,Sneakers,458.59,USD,0,4.53,0,29,TR,16,1
Louis Vuitton Audio premium wholesale lot deal,No receipt available. Perfect copy and hard to tell.,Louis Vuitton,Audio,533.72,USD,0,3.54,62,8,CN,0,1
Canon Handbags in excellent condition,Minimal wear. Verified authenticity by trusted reseller.,Canon,Handbags,975.04,USD,794,4.63,738,259,AE,33,0
Verified Louis Vuitton Cameras listing,Serial number available. Fast shipping and returns accepted.,Louis Vuitton,Cameras,2430.18,USD,527,4.32,866,335,DE,19,0
Verified Apple Electronics listing,Minimal wear. Verified authenticity by trusted reseller.,Apple,Electronics,430.04,USD,839,4.07,830,127,DE,16,0
Nike Electronics in excellent condition,Minimal wear. Verified authenticity by trusted reseller.,Nike,Electronics,21.97,USD,120,2.54,0,0,DE,12,1
Luxury Nike authentic style item,"Factory source stock, no box but same quality as original.",Nike,Handbags,18.23,USD,136,3.44,78,24,AE,4,1
Verified Louis Vuitton Sneakers listing,Purchased from official store. Invoice and original box included.,Louis Vuitton,Sneakers,2177.63,USD,203,4.31,1146,96,IN,28,0
Gucci Audio in excellent condition,Minimal wear. Verified authenticity by trusted reseller.,Gucci,Audio,1157.33,USD,389,3.93,0,145,DE,22,0
Verified Adidas Sneakers listing,Purchased from official store. Invoice and original box included.,Adidas,Sneakers,19.04,USD,59,3.87,0,0,DE,18,1
Nike Watches in excellent condition,Minimal wear. Verified authenticity by trusted reseller.,Nike,Watches,10.0,USD,33,3.86,0,8,DE,9,1
Original Bose Watches with full packaging,Minimal wear. Verified authenticity by trusted reseller.,Bose,Watches,441.37,USD,75,3.47,103,6,US,1,1
Verified Bose Handbags listing,Purchased from official store. Invoice and original box included.,Bose,Handbags,655.37,USD,85,3.44,166,26,US,7,1
Original Samsung Cameras with full packaging,Minimal wear. Verified authenticity by trusted reseller.,Samsung,Cameras,618.78,USD,271,3.69,458,506,AE,27,0
Original Bose Audio with full packaging,Serial number available. Fast shipping and returns accepted.,Bose,Audio,233.45,USD,771,4.42,665,350,CN,37,0
Nike Watches in excellent condition,Serial number available. Fast shipping and returns accepted.,Nike,Watches,167.98,USD,412,4.14,860,52,CN,19,0
Gucci Sneakers in excellent condition,Purchased from official store. Invoice and original box included.,Gucci,Sneakers,1152.24,USD,523,4.27,1739,251,JP,37,0
Verified Adidas Cameras listing,Minimal wear. Verified authenticity by trusted reseller.,Adidas,Cameras,63.31,USD,58,2.84,172,0,AE,8,1
Verified Sony Sneakers listing,Minimal wear. Verified authenticity by trusted reseller.,Sony,Sneakers,341.51,USD,0,4.54,927,51,TR,12,0
Louis Vuitton Electronics in excellent condition,Purchased from official store. Invoice and original box included.,Louis Vuitton,Electronics,2166.94,USD,1275,4.71,731,0,IN,46,0
Rolex Handbags in excellent condition,Purchased from official store. Invoice and original box included.,Rolex,Handbags,8941.87,USD,615,4.49,708,569,US,37,0
Louis Vuitton Audio in excellent condition,Minimal wear. Verified authenticity by trusted reseller.,Louis Vuitton,Audio,2252.04,USD,215,3.81,1249,462,GB,42,0
Rolex Sneakers premium authentic style deal,"DM for wholesale and better price, limited details.",Rolex,Sneakers,10.0,USD,126,3.92,0,47,US,5,1
Verified Louis Vuitton Audio listing,Minimal wear. Verified authenticity by trusted reseller.,Louis Vuitton,Audio,1450.92,USD,766,4.75,208,343,GB,26,0
Original Bose Electronics with full packaging,Purchased from official store. Invoice and original box included.,Bose,Electronics,243.51,USD,586,4.14,561,255,JP,44,0
Luxury Nike discounted luxury item,No receipt available. Perfect copy and hard to tell.,Nike,Audio,83.34,USD,0,3.0,225,23,DE,6,0
Nike Cameras premium no box deal,"DM for wholesale and better price, limited details.",Nike,Cameras,52.17,USD,48,1.55,75,7,JP,0,1
Original Nike Electronics with full packaging,Minimal wear. Verified authenticity by trusted reseller.,Nike,Electronics,144.62,USD,979,4.29,871,325,TR,38,0
Sony Sneakers authentic style,"Factory source stock, no box but same quality as original.",Sony,Sneakers,225.67,USD,0,4.14,171,43,GB,0,1
Verified Apple Cameras listing,Purchased from official store. Invoice and original box included.,Apple,Cameras,150.32,USD,142,3.4,71,15,GB,0,1
Canon Electronics in excellent condition,Purchased from official store. Invoice and original box included.,Canon,Electronics,899.8,USD,134,4.14,522,623,JP,23,0
Original Rolex Watches with full packaging,Serial number available. Fast shipping and returns accepted.,Rolex,Watches,13410.63,USD,221,3.9,0,122,AE,17,0
Verified Gucci Sneakers listing,Serial number available. Fast shipping and returns accepted.,Gucci,Sneakers,4337.89,USD,100,2.67,206,0,TR,10,1
Samsung Sneakers premium copy version deal,"DM for wholesale and better price, limited details.",Samsung,Sneakers,396.81,USD,178,2.49,38,0,DE,0,1
Samsung Cameras in excellent condition,Purchased from official store. Invoice and original box included.,Samsung,Cameras,808.8,USD,248,3.89,528,267,TR,25,0
Verified Rolex Sneakers listing,Serial number available. Fast shipping and returns accepted.,Rolex,Sneakers,10081.69,USD,587,5.0,502,337,GB,7,0
Nike Cameras in excellent condition,Serial number available. Fast shipping and returns accepted.,Nike,Cameras,141.46,USD,237,4.29,890,76,IN,15,0
Original Apple Watches with full packaging,Purchased from official store. Invoice and original box included.,Apple,Watches,1112.72,USD,971,4.47,364,640,US,34,0
Gucci Electronics premium mirror quality deal,"DM for wholesale and better price, limited details.",Gucci,Electronics,1054.04,USD,12,3.11,97,20,CN,0,1
Verified Gucci Audio listing,Purchased from official store. Invoice and original box included.,Gucci,Audio,2217.81,USD,344,3.71,576,306,DE,27,0
Rolex Watches in excellent condition,Serial number available. Fast shipping and returns accepted.,Rolex,Watches,6861.08,USD,419,4.16,1143,50,GB,34,0
Luxury Samsung mirror quality item,"Factory source stock, no box but same quality as original.",Samsung,Audio,468.27,USD,174,5.0,196,21,GB,7,1
Adidas Cameras mirror quality,No receipt available. Perfect copy and hard to tell.,Adidas,Cameras,268.12,USD,190,2.99,0,35,DE,3,1
Rolex Handbags premium mirror quality deal,"Factory source stock, no box but same quality as original.",Rolex,Handbags,19408.94,USD,109,2.8,238,27,IN,3,1
Verified Adidas Handbags listing,Minimal wear. Verified authenticity by trusted reseller.,Adidas,Handbags,41.51,USD,86,2.5,0,51,JP,7,1
Original Bose Cameras with full packaging,Minimal wear. Verified authenticity by trusted reseller.,Bose,Cameras,340.21,USD,1214,3.87,569,231,US,13,0
Original Bose Electronics with full packaging,Minimal wear. Verified authenticity by trusted reseller.,Bose,Electronics,115.49,USD,28,2.48,294,43,DE,9,1
Original Samsung Audio with full packaging,Serial number available. Fast shipping and returns accepted.,Samsung,Audio,821.1,USD,547,4.12,830,488,GB,25,0
Original Rolex Audio with full packaging,Purchased from official store. Invoice and original box included.,Rolex,Audio,11635.88,USD,380,4.52,799,410,JP,14,0
Adidas Audio in excellent condition,Serial number available. Fast shipping and returns accepted.,Adidas,Audio,72.2,USD,480,4.4,417,0,IN,14,0
Canon Audio premium looks original deal,No receipt available. Perfect copy and hard to tell.,Canon,Audio,905.88,USD,384,4.16,1283,414,TR,14,1
Luxury Bose no box item,No receipt available. Perfect copy and hard to tell.,Bose,Cameras,131.45,USD,125,2.4,235,44,US,8,1
Original Adidas Cameras with full packaging,Serial number available. Fast shipping and returns accepted.,Adidas,Cameras,115.75,USD,1207,4.97,1136,174,CN,32,0
Original Gucci Electronics with full packaging,Minimal wear. Verified authenticity by trusted reseller.,Gucci,Electronics,752.36,USD,218,3.4,102,13,IN,0,1
Adidas Sneakers in excellent condition,Purchased from official store. Invoice and original box included.,Adidas,Sneakers,119.97,USD,733,3.88,200,250,US,14,0
Original Gucci Watches with full packaging,Purchased from official store. Invoice and original box included.,Gucci,Watches,1186.93,USD,331,4.29,861,532,IN,24,0
Sony Electronics premium 1:1 deal,"DM for wholesale and better price, limited details.",Sony,Electronics,1283.74,USD,122,2.37,0,20,CN,5,1
Original Apple Audio with full packaging,Serial number available. Fast shipping and returns accepted.,Apple,Audio,899.08,USD,694,3.84,660,16,GB,36,0
Verified Samsung Electronics listing,Serial number available. Fast shipping and returns accepted.,Samsung,Electronics,602.35,USD,890,3.96,500,478,JP,21,0
Original Gucci Sneakers with full packaging,Purchased from official store. Invoice and original box included.,Gucci,Sneakers,1317.76,USD,531,4.88,880,346,GB,36,0
Adidas Electronics mirror quality,No receipt available. Perfect copy and hard to tell.,Adidas,Electronics,20.25,USD,114,3.59,196,37,DE,8,1
Original Gucci Cameras with full packaging,Serial number available. Fast shipping and returns accepted.,Gucci,Cameras,1833.27,USD,485,4.44,1032,381,AE,25,0
Luxury Adidas factory surplus item,"Factory source stock, no box but same quality as original.",Adidas,Electronics,18.33,USD,152,2.71,0,13,JP,0,1
Gucci Audio in excellent condition,Serial number available. Fast shipping and returns accepted.,Gucci,Audio,1257.86,USD,547,4.59,208,300,IN,11,0
Nike Handbags premium mirror quality deal,"DM for wholesale and better price, limited details.",Nike,Handbags,406.93,USD,72,2.76,172,27,CN,13,1
Verified Samsung Handbags listing,Serial number available. Fast shipping and returns accepted.,Samsung,Handbags,275.5,USD,0,4.95,1108,127,TR,7,0
Apple Sneakers no box,"DM for wholesale and better price, limited details.",Apple,Sneakers,223.24,USD,62,1.94,21,11,TR,8,1
Louis Vuitton Watches in excellent condition,Minimal wear. Verified authenticity by trusted reseller.,Louis Vuitton,Watches,1278.71,USD,19,2.72,184,0,TR,0,1
Verified Bose Electronics listing,Purchased from official store. Invoice and original box included.,Bose,Electronics,87.08,USD,0,2.38,0,7,IN,17,1
Verified Rolex Electronics listing,Serial number available. Fast shipping and returns accepted.,Rolex,Electronics,8673.71,USD,456,4.14,307,210,US,14,0
Bose Handbags in excellent condition,Minimal wear. Verified authenticity by trusted reseller.,Bose,Handbags,243.5,USD,455,4.14,1069,333,JP,19,0
Luxury Adidas discounted luxury item,No receipt available. Perfect copy and hard to tell.,Adidas,Sneakers,18.2,USD,121,2.6,211,0,TR,6,1
Samsung Sneakers in excellent condition,Serial number available. Fast shipping and returns accepted.,Samsung,Sneakers,630.31,USD,0,4.24,1329,593,CN,22,0
Original Apple Watches with full packaging,Minimal wear. Verified authenticity by trusted reseller.,Apple,Watches,472.31,USD,0,4.28,0,0,CN,7,1
Rolex Cameras copy version,"DM for wholesale and better price, limited details.",Rolex,Cameras,6015.33,USD,75,2.63,3,43,TR,1,1
Luxury Louis Vuitton dm for more item,"DM for wholesale and better price, limited details.",Louis Vuitton,Electronics,319.68,USD,107,4.01,0,20,AE,0,1
Nike Handbags premium factory surplus deal,"Factory source stock, no box but same quality as original.",Nike,Handbags,52.37,USD,0,3.67,43,0,CN,12,1
Bose Cameras premium replica deal,"Factory source stock, no box but same quality as original.",Bose,Cameras,52.32,USD,0,2.91,126,0,DE,0,1
Verified Nike Cameras listing,Minimal wear. Verified authenticity by trusted reseller.,Nike,Cameras,116.37,USD,666,4.59,97,172,AE,8,0
Verified Gucci Watches listing,Purchased from official store. Invoice and original box included.,Gucci,Watches,2153.52,USD,695,4.45,901,425,US,16,0
Verified Nike Electronics listing,Serial number available. Fast shipping and returns accepted.,Nike,Electronics,105.69,USD,683,4.39,605,58,JP,18,0
Original Adidas Handbags with full packaging,Minimal wear. Verified authenticity by trusted reseller.,Adidas,Handbags,79.96,USD,856,4.06,782,385,AE,0,0
Bose Watches no box,"Factory source stock, no box but same quality as original.",Bose,Watches,71.95,USD,109,4.92,0,3,JP,12,1
Verified Canon Watches listing,Minimal wear. Verified authenticity by trusted reseller.,Canon,Watches,776.15,USD,89,4.32,916,223,IN,4,0
Nike Cameras in excellent condition,Serial number available. Fast shipping and returns accepted.,Nike,Cameras,87.66,USD,902,4.22,625,223,US,22,0
Verified Sony Audio listing,Minimal wear. Verified authenticity by trusted reseller.,Sony,Audio,360.41,USD,513,3.93,656,0,CN,18,0
Verified Samsung Electronics listing,Purchased from official store. Invoice and original box included.,Samsung,Electronics,1482.51,USD,218,3.93,46,15,US,0,1
Adidas Audio in excellent condition,Minimal wear. Verified authenticity by trusted reseller.,Adidas,Audio,51.56,USD,94,3.62,107,17,CN,1,1
Louis Vuitton Cameras in excellent condition,Serial number available. Fast shipping and returns accepted.,Louis Vuitton,Cameras,1367.21,USD,707,4.33,295,338,AE,23,0
Original Louis Vuitton Audio with full packaging,Purchased from official store. Invoice and original box included.,Louis Vuitton,Audio,1955.29,USD,172,4.64,201,191,IN,12,0
Luxury Samsung discounted luxury item,No receipt available. Perfect copy and hard to tell.,Samsung,Electronics,827.57,USD,776,4.19,2,121,JP,9,0
Original Apple Watches with full packaging,Minimal wear. Verified authenticity by trusted reseller.,Apple,Watches,1534.96,USD,34,3.53,34,1,IN,20,1
Verified Sony Sneakers listing,Purchased from official store. Invoice and original box included.,Sony,Sneakers,544.52,USD,677,4.02,327,50,GB,21,0
Verified Canon Electronics listing,Serial number available. Fast shipping and returns accepted.,Canon,Electronics,934.52,USD,780,4.25,138,434,GB,14,0
Apple Electronics in excellent condition,Serial number available. Fast shipping and returns accepted.,Apple,Electronics,407.29,USD,22,3.44,0,43,GB,15,1
Nike Handbags premium authentic style deal,"DM for wholesale and better price, limited details.",Nike,Handbags,116.55,USD,310,3.07,102,0,GB,12,1
Verified Nike Audio listing,Serial number available. Fast shipping and returns accepted.,Nike,Audio,97.62,USD,1197,4.54,871,231,AE,8,0
Original Adidas Watches with full packaging,Purchased from official store. Invoice and original box included.,Adidas,Watches,37.25,USD,0,3.2,72,39,AE,7,1
Original Louis Vuitton Watches with full packaging,Serial number available. Fast shipping and returns accepted.,Louis Vuitton,Watches,1166.46,USD,0,2.68,121,20,IN,16,1
Verified Sony Sneakers listing,Purchased from official store. Invoice and original box included.,Sony,Sneakers,385.55,USD,0,3.74,537,302,DE,31,0
Samsung Watches in excellent condition,Purchased from official store. Invoice and original box included.,Samsung,Watches,468.91,USD,261,3.45,275,0,US,8,1
Original Canon Watches with full packaging,Minimal wear. Verified authenticity by trusted reseller.,Canon,Watches,1287.0,USD,607,4.7,1062,209,US,12,0
Verified Bose Electronics listing,Purchased from official store. Invoice and original box included.,Bose,Electronics,155.41,USD,75,3.85,174,9,DE,14,1
Verified Canon Electronics listing,Purchased from official store. Invoice and original box included.,Canon,Electronics,616.12,USD,348,3.81,653,224,AE,27,0
Verified Sony Sneakers listing,Minimal wear. Verified authenticity by trusted reseller.,Sony,Sneakers,39.42,USD,73,2.69,71,7,DE,19,1
Verified Nike Cameras listing,Minimal wear. Verified authenticity by trusted reseller.,Nike,Cameras,154.8,USD,716,4.7,579,481,IN,15,0
Apple Cameras in excellent condition,Purchased from official store. Invoice and original box included.,Apple,Cameras,373.91,USD,190,3.33,106,45,IN,0,1
Luxury Canon looks original item,"Factory source stock, no box but same quality as original.",Canon,Sneakers,2585.93,USD,0,3.11,0,28,TR,0,1
Verified Bose Watches listing,Purchased from official store. Invoice and original box included.,Bose,Watches,244.11,USD,0,4.16,391,247,JP,40,0
Verified Adidas Audio listing,Minimal wear. Verified authenticity by trusted reseller.,Adidas,Audio,75.61,USD,1020,4.11,0,234,TR,28,0
Sony Cameras premium looks original deal,"DM for wholesale and better price, limited details.",Sony,Cameras,263.03,USD,94,3.6,361,39,DE,11,1
Original Bose Electronics with full packaging,Minimal wear. Verified authenticity by trusted reseller.,Bose,Electronics,262.63,USD,140,4.44,1349,104,CN,25,0
Original Samsung Electronics with full packaging,Serial number available. Fast shipping and returns accepted.,Samsung,Electronics,749.9,USD,510,5.0,420,119,TR,11,0
Luxury Samsung without receipt item,"DM for wholesale and better price, limited details.",Samsung,Cameras,275.91,USD,2,2.63,0,0,DE,7,1
Original Canon Sneakers with full packaging,Serial number available. Fast shipping and returns accepted.,Canon,Sneakers,652.69,USD,218,4.41,667,123,AE,43,0
Apple Sneakers in excellent condition,Purchased from official store. Invoice and original box included.,Apple,Sneakers,505.56,USD,233,3.69,824,0,US,9,0
Louis Vuitton Electronics factory surplus,No receipt available. Perfect copy and hard to tell.,Louis Vuitton,Electronics,429.17,USD,31,3.85,29,85,JP,14,1
Original Louis Vuitton Cameras with full packaging,Purchased from official store. Invoice and original box included.,Louis Vuitton,Cameras,1373.31,USD,412,4.12,46,86,AE,21,0
Verified Sony Watches listing,Purchased from official store. Invoice and original box included.,Sony,Watches,343.42,USD,324,4.32,633,0,IN,23,0
Adidas Sneakers premium replica deal,No receipt available. Perfect copy and hard to tell.,Adidas,Sneakers,66.21,USD,202,3.75,31,18,TR,16,1
Original Canon Handbags with full packaging,Serial number available. Fast shipping and returns accepted.,Canon,Handbags,890.04,USD,673,4.98,459,74,TR,33,0
Luxury Sony inspired item,"DM for wholesale and better price, limited details.",Sony,Handbags,967.74,USD,39,3.68,255,0,JP,9,1
Sony Cameras in excellent condition,Minimal wear. Verified authenticity by trusted reseller.,Sony,Cameras,482.4,USD,427,4.3,265,250,AE,29,0
Verified Rolex Electronics listing,Purchased from official store. Invoice and original box included.,Rolex,Electronics,4294.42,USD,119,3.19,278,20,JP,10,1
Original Louis Vuitton Electronics with full packaging,Purchased from official store. Invoice and original box included.,Louis Vuitton,Electronics,478.61,USD,0,2.43,0,25,DE,15,1
Verified Canon Handbags listing,Purchased from official store. Invoice and original box included.,Canon,Handbags,455.01,USD,234,3.44,261,21,IN,10,1
Louis Vuitton Watches in excellent condition,Serial number available. Fast shipping and returns accepted.,Louis Vuitton,Watches,1816.09,USD,0,3.79,802,431,JP,29,0
Verified Nike Sneakers listing,Serial number available. Fast shipping and returns accepted.,Nike,Sneakers,126.27,USD,676,5.0,507,165,US,19,0
Apple Audio in excellent condition,Minimal wear. Verified authenticity by trusted reseller.,Apple,Audio,497.75,USD,1093,4.01,646,74,JP,45,0
Adidas Sneakers in excellent condition,Serial number available. Fast shipping and returns accepted.,Adidas,Sneakers,25.1,USD,40,4.03,107,0,JP,8,1
Rolex Watches without receipt,"DM for wholesale and better price, limited details.",Rolex,Watches,29993.84,USD,97,3.14,54,48,JP,1,1
Canon Handbags in excellent condition,Purchased from official store. Invoice and original box included.,Canon,Handbags,586.84,USD,288,4.3,556,0,AE,19,0
Original Sony Audio with full packaging,Purchased from official store. Invoice and original box included.,Sony,Audio,157.99,USD,20,2.55,81,30,IN,19,1
Verified Nike Audio listing,Minimal wear. Verified authenticity by trusted reseller.,Nike,Audio,100.82,USD,852,4.81,698,264,AE,18,0
Original Nike Electronics with full packaging,Minimal wear. Verified authenticity by trusted reseller.,Nike,Electronics,129.57,USD,477,4.71,377,436,US,15,0
Original Gucci Handbags with full packaging,Serial number available. Fast shipping and returns accepted.,Gucci,Handbags,1734.17,USD,728,4.53,723,293,DE,26,0
Verified Nike Handbags listing,Purchased from official store. Invoice and original box included.,Nike,Handbags,52.26,USD,57,3.21,24,67,IN,0,1
Bose Cameras in excellent condition,Serial number available. Fast shipping and returns accepted.,Bose,Cameras,166.17,USD,43,4.12,193,0,JP,0,1
Verified Louis Vuitton Cameras listing,Serial number available. Fast shipping and returns accepted.,Louis Vuitton,Cameras,1499.19,USD,1649,3.82,0,302,AE,23,0
Luxury Bose factory surplus item,"DM for wholesale and better price, limited details.",Bose,Watches,133.48,USD,0,1.92,21,42,JP,0,1
Verified Bose Sneakers listing,Minimal wear. Verified authenticity by trusted reseller.,Bose,Sneakers,252.3,USD,66,4.21,1005,202,IN,36,0
Verified Canon Watches listing,Serial number available. Fast shipping and returns accepted.,Canon,Watches,650.49,USD,307,3.63,248,373,US,31,1
Rolex Watches premium discounted luxury deal,"DM for wholesale and better price, limited details.",Rolex,Watches,9992.39,USD,232,3.79,298,48,TR,20,1
Verified Samsung Handbags listing,Minimal wear. Verified authenticity by trusted reseller.,Samsung,Handbags,286.5,USD,659,4.45,141,200,US,26,0
Original Louis Vuitton Handbags with full packaging,Minimal wear. Verified authenticity by trusted reseller.,Louis Vuitton,Handbags,1470.72,USD,0,4.35,419,162,TR,23,0
Apple Electronics premium copy version deal,"Factory source stock, no box but same quality as original.",Apple,Electronics,921.26,USD,26,4.39,632,0,TR,16,0
Verified Sony Sneakers listing,Minimal wear. Verified authenticity by trusted reseller.,Sony,Sneakers,426.27,USD,820,4.41,453,147,TR,31,0
Luxury Rolex inspired item,"DM for wholesale and better price, limited details.",Rolex,Watches,4522.32,USD,28,3.02,79,77,GB,14,1
Original Apple Watches with full packaging,Purchased from official store. Invoice and original box included.,Apple,Watches,839.88,USD,381,4.13,25,452,IN,20,0
Gucci Watches premium 1:1 deal,"DM for wholesale and better price, limited details.",Gucci,Watches,1025.94,USD,454,4.03,554,286,TR,30,0
Verified Rolex Cameras listing,Minimal wear. Verified authenticity by trusted reseller.,Rolex,Cameras,13142.94,USD,35,4.84,199,311,TR,8,0
Original Rolex Audio with full packaging,Minimal wear. Verified authenticity by trusted reseller.,Rolex,Audio,8785.19,USD,1077,4.15,641,0,CN,21,0
Original Apple Watches with full packaging,Minimal wear. Verified authenticity by trusted reseller.,Apple,Watches,817.26,USD,87,3.62,799,214,CN,41,0
Luxury Gucci wholesale lot item,"Factory source stock, no box but same quality as original.",Gucci,Handbags,750.86,USD,118,1.6,43,0,JP,15,1
Nike Electronics in excellent condition,Purchased from official store. Invoice and original box included.,Nike,Electronics,131.19,USD,236,4.01,668,405,US,40,0
Louis Vuitton Cameras in excellent condition,Minimal wear. Verified authenticity by trusted reseller.,Louis Vuitton,Cameras,1439.59,USD,473,4.78,524,170,IN,18,0
Verified Rolex Electronics listing,Minimal wear. Verified authenticity by trusted reseller.,Rolex,Electronics,7150.27,USD,844,4.49,1024,0,DE,28,0
Original Samsung Cameras with full packaging,Purchased from official store. Invoice and original box included.,Samsung,Cameras,666.83,USD,767,3.89,62,282,DE,0,0
Original Louis Vuitton Cameras with full packaging,Serial number available. Fast shipping and returns accepted.,Louis Vuitton,Cameras,1837.76,USD,620,4.1,1346,89,JP,33,0
Bose Sneakers in excellent condition,Purchased from official store. Invoice and original box included.,Bose,Sneakers,125.4,USD,743,5.0,1050,432,GB,4,0
Verified Apple Audio listing,Serial number available. Fast shipping and returns accepted.,Apple,Audio,703.8,USD,1222,4.19,283,221,TR,17,0
Apple Cameras in excellent condition,Serial number available. Fast shipping and returns accepted.,Apple,Cameras,660.62,USD,542,3.78,841,296,CN,6,0
Verified Adidas Electronics listing,Minimal wear. Verified authenticity by trusted reseller.,Adidas,Electronics,104.4,USD,17,4.41,699,383,JP,43,0
Verified Sony Audio listing,Serial number available. Fast shipping and returns accepted.,Sony,Audio,148.38,USD,513,4.06,328,235,GB,29,0
Luxury Sony without receipt item,"DM for wholesale and better price, limited details.",Sony,Electronics,1556.1,USD,91,3.16,127,68,US,6,1
Original Bose Watches with full packaging,Minimal wear. Verified authenticity by trusted reseller.,Bose,Watches,351.62,USD,302,3.71,418,423,AE,19,0
Canon Sneakers premium authentic style deal,No receipt available. Perfect copy and hard to tell.,Canon,Sneakers,58.57,USD,183,3.33,0,0,CN,0,1
Gucci Electronics premium authentic style deal,No receipt available. Perfect copy and hard to tell.,Gucci,Electronics,619.64,USD,0,2.49,106,0,JP,6,1
Luxury Canon mirror quality item,"DM for wholesale and better price, limited details.",Canon,Electronics,290.04,USD,0,4.58,0,84,AE,18,1
Louis Vuitton Audio premium mirror quality deal,"Factory source stock, no box but same quality as original.",Louis Vuitton,Audio,668.88,USD,0,2.81,112,31,TR,7,1
Luxury Samsung copy version item,"Factory source stock, no box but same quality as original.",Samsung,Sneakers,340.62,USD,51,2.61,207,26,IN,12,1
Luxury Sony without receipt item,"DM for wholesale and better price, limited details.",Sony,Sneakers,97.81,USD,0,3.25,0,57,JP,0,1
Sony Handbags in excellent condition,Minimal wear. Verified authenticity by trusted reseller.,Sony,Handbags,316.63,USD,666,3.96,755,228,TR,29,0
Canon Handbags in excellent condition,Serial number available. Fast shipping and returns accepted.,Canon,Handbags,764.32,USD,1051,4.47,725,443,DE,5,0
Verified Samsung Sneakers listing,Minimal wear. Verified authenticity by trusted reseller.,Samsung,Sneakers,462.5,USD,0,3.15,1,60,TR,12,1
Adidas Electronics without receipt,"Factory source stock, no box but same quality as original.",Adidas,Electronics,38.44,USD,9,1.68,32,21,JP,0,1
Original Adidas Watches with full packaging,Minimal wear. Verified authenticity by trusted reseller.,Adidas,Watches,43.33,USD,4,3.85,94,23,AE,3,1
Original Louis Vuitton Sneakers with full packaging,Serial number available. Fast shipping and returns accepted.,Louis Vuitton,Sneakers,1305.98,USD,1020,5.0,1010,506,US,0,0
Verified Rolex Audio listing,Minimal wear. Verified authenticity by trusted reseller.,Rolex,Audio,6885.85,USD,701,4.37,295,0,US,28,0
Original Rolex Handbags with full packaging,Serial number available. Fast shipping and returns accepted.,Rolex,Handbags,11799.07,USD,0,4.23,1283,379,TR,3,0
Apple Handbags in excellent condition,Serial number available. Fast shipping and returns accepted.,Apple,Handbags,438.45,USD,0,3.63,149,31,TR,24,1
Verified Adidas Electronics listing,Minimal wear. Verified authenticity by trusted reseller.,Adidas,Electronics,70.19,USD,732,3.94,459,490,GB,11,0
Nike Electronics 1:1,"Factory source stock, no box but same quality as original.",Nike,Electronics,33.22,USD,135,3.98,22,33,US,0,1
Luxury Rolex replica item,"Factory source stock, no box but same quality as original.",Rolex,Cameras,3686.63,USD,62,3.26,119,30,AE,0,1
Verified Canon Electronics listing,Purchased from official store. Invoice and original box included.,Canon,Electronics,551.14,USD,0,3.48,159,75,US,3,1
Verified Apple Handbags listing,Purchased from official store. Invoice and original box included.,Apple,Handbags,869.78,USD,299,4.31,173,121,JP,8,0
Verified Rolex Handbags listing,Minimal wear. Verified authenticity by trusted reseller.,Rolex,Handbags,4182.57,USD,174,3.29,0,4,TR,0,1
Original Apple Sneakers with full packaging,Minimal wear. Verified authenticity by trusted reseller.,Apple,Sneakers,644.24,USD,223,4.35,1659,295,US,14,0
Apple Watches premium inspired deal,No receipt available. Perfect copy and hard to tell.,Apple,Watches,486.18,USD,62,3.11,162,0,US,0,1
Original Nike Sneakers with full packaging,Serial number available. Fast shipping and returns accepted.,Nike,Sneakers,124.69,USD,992,4.53,898,55,GB,15,0
Original Canon Sneakers with full packaging,Minimal wear. Verified authenticity by trusted reseller.,Canon,Sneakers,399.43,USD,225,2.83,0,0,GB,12,1
Verified Bose Handbags listing,Purchased from official store. Invoice and original box included.,Bose,Handbags,294.27,USD,918,5.0,235,316,JP,30,0
Gucci Cameras without receipt,"Factory source stock, no box but same quality as original.",Gucci,Cameras,474.05,USD,120,3.35,0,35,AE,7,1
Verified Nike Audio listing,Purchased from official store. Invoice and original box included.,Nike,Audio,81.1,USD,662,4.47,1086,211,TR,34,0
Verified Canon Electronics listing,Serial number available. Fast shipping and returns accepted.,Canon,Electronics,629.07,USD,216,3.78,0,26,GB,22,1
Sony Sneakers premium mirror quality deal,"DM for wholesale and better price, limited details.",Sony,Sneakers,321.94,USD,714,4.73,756,173,DE,12,0
Luxury Bose without receipt item,"DM for wholesale and better price, limited details.",Bose,Watches,151.83,USD,51,4.83,43,15,AE,4,1
Original Apple Electronics with full packaging,Purchased from official store. Invoice and original box included.,Apple,Electronics,767.76,USD,663,3.68,924,192,DE,14,0
Bose Watches in excellent condition,Serial number available. Fast shipping and returns accepted.,Bose,Watches,631.63,USD,42,3.16,0,17,AE,3,1
Original Louis Vuitton Watches with full packaging,Purchased from official store. Invoice and original box included.,Louis Vuitton,Watches,1409.21,USD,309,4.14,1057,151,US,29,0
Original Rolex Electronics with full packaging,Serial number available. Fast shipping and returns accepted.,Rolex,Electronics,7544.63,USD,536,4.34,1160,417,AE,28,0
Verified Gucci Watches listing,Purchased from official store. Invoice and original box included.,Gucci,Watches,423.62,USD,120,4.33,585,103,TR,9,0
Gucci Sneakers premium dm for more deal,"DM for wholesale and better price, limited details.",Gucci,Sneakers,1302.16,USD,1055,3.88,651,388,DE,11,0
Verified Apple Cameras listing,Serial number available. Fast shipping and returns accepted.,Apple,Cameras,763.43,USD,154,4.05,842,313,GB,41,0
Gucci Handbags copy version,No receipt available. Perfect copy and hard to tell.,Gucci,Handbags,835.72,USD,121,2.36,104,7,GB,11,1
Verified Canon Electronics listing,Purchased from official store. Invoice and original box included.,Canon,Electronics,828.7,USD,196,4.67,715,396,GB,27,0
Louis Vuitton Cameras in excellent condition,Minimal wear. Verified authenticity by trusted reseller.,Louis Vuitton,Cameras,2089.66,USD,1198,4.05,27,195,JP,21,0
Verified Rolex Sneakers listing,Minimal wear. Verified authenticity by trusted reseller.,Rolex,Sneakers,5497.83,USD,84,2.76,0,0,IN,0,1
Bose Cameras factory surplus,No receipt available. Perfect copy and hard to tell.,Bose,Cameras,126.08,USD,0,3.06,138,26,GB,3,1
Verified Adidas Cameras listing,Minimal wear. Verified authenticity by trusted reseller.,Adidas,Cameras,35.37,USD,121,3.11,91,29,GB,4,1
Apple Audio in excellent condition,Minimal wear. Verified authenticity by trusted reseller.,Apple,Audio,436.19,USD,0,3.7,97,0,TR,14,1
Original Canon Sneakers with full packaging,Purchased from official store. Invoice and original box included.,Canon,Sneakers,735.79,USD,367,4.12,565,564,GB,20,0
Original Nike Watches with full packaging,Purchased from official store. Invoice and original box included.,Nike,Watches,119.4,USD,446,4.64,216,429,GB,12,0
Verified Gucci Handbags listing,Purchased from official store. Invoice and original box included.,Gucci,Handbags,1374.62,USD,296,4.77,378,481,CN,28,0
Adidas Cameras without receipt,"DM for wholesale and better price, limited details.",Adidas,Cameras,99.71,USD,1111,4.7,532,688,GB,21,0
Luxury Bose mirror quality item,No receipt available. Perfect copy and hard to tell.,Bose,Electronics,105.28,USD,136,1.28,84,8,CN,7,1
Verified Gucci Audio listing,Serial number available. Fast shipping and returns accepted.,Gucci,Audio,685.93,USD,41,3.62,77,35,US,13,1
Verified Gucci Sneakers listing,Serial number available. Fast shipping and returns accepted.,Gucci,Sneakers,1458.82,USD,574,3.58,307,458,US,18,0
Original Gucci Watches with full packaging,Serial number available. Fast shipping and returns accepted.,Gucci,Watches,1495.02,USD,1123,3.75,993,220,TR,23,0
Verified Bose Audio listing,Minimal wear. Verified authenticity by trusted reseller.,Bose,Audio,118.58,USD,0,3.31,117,0,AE,13,1
Bose Cameras in excellent condition,Minimal wear. Verified authenticity by trusted reseller.,Bose,Cameras,241.26,USD,0,4.13,0,200,CN,13,0
Luxury Nike discounted luxury item,No receipt available. Perfect copy and hard to tell.,Nike,Handbags,24.04,USD,6,2.4,187,49,CN,9,1
Original Bose Handbags with full packaging,Purchased from official store. Invoice and original box included.,Bose,Handbags,227.32,USD,575,4.76,1783,264,AE,19,0
Rolex Cameras premium wholesale lot deal,"Factory source stock, no box but same quality as original.",Rolex,Cameras,9996.28,USD,1202,4.52,723,219,TR,25,0
Original Gucci Audio with full packaging,Purchased from official store. Invoice and original box included.,Gucci,Audio,1606.98,USD,586,4.91,867,286,US,23,0
Verified Nike Electronics listing,Minimal wear. Verified authenticity by trusted reseller.,Nike,Electronics,28.89,USD,0,3.69,34,0,TR,0,1
Original Nike Electronics with full packaging,Minimal wear. Verified authenticity by trusted reseller.,Nike,Electronics,46.7,USD,0,2.79,131,62,AE,7,1
Bose Sneakers premium without receipt deal,No receipt available. Perfect copy and hard to tell.,Bose,Sneakers,159.95,USD,29,3.21,7,0,IN,14,1
Gucci Sneakers premium without receipt deal,No receipt available. Perfect copy and hard to tell.,Gucci,Sneakers,944.97,USD,0,3.3,287,68,TR,0,1
Verified Gucci Sneakers listing,Minimal wear. Verified authenticity by trusted reseller.,Gucci,Sneakers,1696.06,USD,312,4.65,1036,93,DE,11,0
Verified Adidas Electronics listing,Serial number available. Fast shipping and returns accepted.,Adidas,Electronics,102.05,USD,1252,4.36,49,469,IN,21,0
Apple Sneakers in excellent condition,Serial number available. Fast shipping and returns accepted.,Apple,Sneakers,1968.41,USD,164,3.94,105,33,IN,9,1
Adidas Sneakers premium 1:1 deal,No receipt available. Perfect copy and hard to tell.,Adidas,Sneakers,74.22,USD,0,3.88,1087,81,JP,2,0
Original Nike Cameras with full packaging,Purchased from official store. Invoice and original box included.,Nike,Cameras,187.31,USD,713,4.94,59,302,JP,28,0
Samsung Watches inspired,No receipt available. Perfect copy and hard to tell.,Samsung,Watches,1726.88,USD,34,2.16,0,0,AE,5,1
Canon Audio in excellent condition,Serial number available. Fast shipping and returns accepted.,Canon,Audio,905.65,USD,368,4.22,391,109,DE,25,0
Nike Handbags in excellent condition,Purchased from official store. Invoice and original box included.,Nike,Handbags,54.53,USD,35,3.74,0,0,AE,0,1
Rolex Handbags in excellent condition,Minimal wear. Verified authenticity by trusted reseller.,Rolex,Handbags,13839.34,USD,254,4.37,343,332,GB,21,0
Original Canon Handbags with full packaging,Minimal wear. Verified authenticity by trusted reseller.,Canon,Handbags,878.61,USD,1098,3.84,0,228,JP,21,0
Adidas Cameras in excellent condition,Minimal wear. Verified authenticity by trusted reseller.,Adidas,Cameras,59.13,USD,915,4.67,248,336,GB,36,0
Original Apple Audio with full packaging,Serial number available. Fast shipping and returns accepted.,Apple,Audio,495.4,USD,786,4.1,1146,358,JP,45,0
Nike Handbags in excellent condition,Serial number available. Fast shipping and returns accepted.,Nike,Handbags,142.22,USD,418,4.51,0,289,US,6,0
Luxury Canon authentic style item,No receipt available. Perfect copy and hard to tell.,Canon,Electronics,685.91,USD,467,4.6,674,527,IN,16,0
Verified Sony Audio listing,Serial number available. Fast shipping and returns accepted.,Sony,Audio,149.19,USD,35,3.47,51,9,US,2,0
Louis Vuitton Sneakers in excellent condition,Purchased from official store. Invoice and original box included.,Louis Vuitton,Sneakers,1890.56,USD,459,4.0,682,334,GB,0,0
Verified Rolex Electronics listing,Minimal wear. Verified authenticity by trusted reseller.,Rolex,Electronics,6423.71,USD,543,4.65,1144,185,GB,24,0
Verified Canon Sneakers listing,Minimal wear. Verified authenticity by trusted reseller.,Canon,Sneakers,1588.29,USD,0,3.94,0,0,TR,0,1
Original Louis Vuitton Handbags with full packaging,Minimal wear. Verified authenticity by trusted reseller.,Louis Vuitton,Handbags,1817.27,USD,662,4.56,612,274,TR,8,0
Original Rolex Cameras with full packaging,Serial number available. Fast shipping and returns accepted.,Rolex,Cameras,16169.62,USD,0,2.45,0,10,CN,4,1
Verified Samsung Watches listing,Serial number available. Fast shipping and returns accepted.,Samsung,Watches,930.42,USD,322,5.0,993,60,DE,14,0
Rolex Cameras in excellent condition,Serial number available. Fast shipping and returns accepted.,Rolex,Cameras,10560.22,USD,862,4.55,595,462,CN,27,0
Original Adidas Cameras with full packaging,Purchased from official store. Invoice and original box included.,Adidas,Cameras,81.34,USD,732,3.8,152,83,AE,8,0
Luxury Nike wholesale lot item,No receipt available. Perfect copy and hard to tell.,Nike,Sneakers,75.19,USD,100,3.35,0,0,US,8,1
Original Samsung Sneakers with full packaging,Purchased from official store. Invoice and original box included.,Samsung,Sneakers,927.82,USD,224,4.29,800,262,DE,10,0
Original Canon Electronics with full packaging,Serial number available. Fast shipping and returns accepted.,Canon,Electronics,1123.63,USD,161,4.17,1189,308,IN,23,0
Luxury Gucci mirror quality item,No receipt available. Perfect copy and hard to tell.,Gucci,Electronics,3931.43,USD,95,3.21,218,10,IN,7,1
Original Adidas Handbags with full packaging,Purchased from official store. Invoice and original box included.,Adidas,Handbags,73.72,USD,524,4.03,728,344,DE,49,0
Apple Cameras copy version,"DM for wholesale and better price, limited details.",Apple,Cameras,956.79,USD,167,5.0,0,416,JP,16,0
Gucci Audio in excellent condition,Serial number available. Fast shipping and returns accepted.,Gucci,Audio,519.52,USD,226,2.22,131,10,DE,9,1
Gucci Watches in excellent condition,Serial number available. Fast shipping and returns accepted.,Gucci,Watches,1868.51,USD,630,3.79,784,300,CN,34,0
Nike Handbags in excellent condition,Minimal wear. Verified authenticity by trusted reseller.,Nike,Handbags,64.38,USD,103,3.47,198,56,GB,10,1
Original Apple Electronics with full packaging,Purchased from official store. Invoice and original box included.,Apple,Electronics,683.83,USD,573,4.24,817,231,TR,1,0
Original Adidas Handbags with full packaging,Purchased from official store. Invoice and original box included.,Adidas,Handbags,109.2,USD,578,4.32,716,459,JP,33,0
Nike Audio in excellent condition,Purchased from official store. Invoice and original box included.,Nike,Audio,97.69,USD,786,3.9,369,342,AE,14,0
Verified Rolex Watches listing,Serial number available. Fast shipping and returns accepted.,Rolex,Watches,12052.25,USD,532,3.84,905,335,DE,13,0
Bose Electronics in excellent condition,Purchased from official store. Invoice and original box included.,Bose,Electronics,598.25,USD,188,2.76,278,0,US,1,1
Rolex Cameras premium no box deal,"DM for wholesale and better price, limited details.",Rolex,Cameras,4545.94,USD,155,2.44,0,54,IN,13,0
Original Samsung Cameras with full packaging,Minimal wear. Verified authenticity by trusted reseller.,Samsung,Cameras,822.89,USD,1407,4.71,1652,253,TR,26,0
Nike Cameras looks original,"Factory source stock, no box but same quality as original.",Nike,Cameras,105.51,USD,1419,4.65,0,581,TR,26,0
Original Apple Cameras with full packaging,Minimal wear. Verified authenticity by trusted reseller.,Apple,Cameras,1089.98,USD,691,4.01,1379,440,DE,4,0
Original Sony Audio with full packaging,Purchased from official store. Invoice and original box included.,Sony,Audio,238.61,USD,107,3.1,330,18,DE,6,1
Sony Handbags in excellent condition,Purchased from official store. Invoice and original box included.,Sony,Handbags,227.34,USD,0,2.39,0,15,DE,0,1
Louis Vuitton Watches premium discounted luxury deal,"DM for wholesale and better price, limited details.",Louis Vuitton,Watches,315.62,USD,0,2.76,250,19,US,19,1
Verified Sony Sneakers listing,Purchased from official store. Invoice and original box included.,Sony,Sneakers,370.94,USD,142,4.3,728,399,CN,53,0
Original Canon Watches with full packaging,Serial number available. Fast shipping and returns accepted.,Canon,Watches,545.25,USD,694,4.63,767,447,IN,14,0
Original Sony Cameras with full packaging,Purchased from official store. Invoice and original box included.,Sony,Cameras,342.41,USD,961,4.09,132,196,JP,19,0
Original Gucci Electronics with full packaging,Purchased from official store. Invoice and original box included.,Gucci,Electronics,1422.4,USD,381,4.3,789,174,US,12,0
Verified Sony Electronics listing,Purchased from official store. Invoice and original box included.,Sony,Electronics,328.02,USD,857,4.06,604,161,GB,15,0
Louis Vuitton Cameras in excellent condition,Minimal wear. Verified authenticity by trusted reseller.,Louis Vuitton,Cameras,1097.11,USD,235,3.99,0,405,JP,25,0
Verified Canon Electronics listing,Serial number available. Fast shipping and returns accepted.,Canon,Electronics,655.92,USD,419,4.43,1296,124,IN,33,0
Louis Vuitton Electronics in excellent condition,Minimal wear. Verified authenticity by trusted reseller.,Louis Vuitton,Electronics,2113.73,USD,578,4.54,0,0,JP,0,0
Original Rolex Sneakers with full packaging,Minimal wear. Verified authenticity by trusted reseller.,Rolex,Sneakers,7981.99,USD,710,5.0,973,412,TR,0,0
Original Bose Watches with full packaging,Serial number available. Fast shipping and returns accepted.,Bose,Watches,269.28,USD,477,3.5,1415,99,TR,5,0
Apple Handbags in excellent condition,Purchased from official store. Invoice and original box included.,Apple,Handbags,536.61,USD,1256,3.97,569,122,JP,15,0
Verified Adidas Cameras listing,Minimal wear. Verified authenticity by trusted reseller.,Adidas,Cameras,32.8,USD,0,2.68,117,52,CN,0,1
Verified Bose Audio listing,Serial number available. Fast shipping and returns accepted.,Bose,Audio,272.24,USD,357,4.48,67,696,TR,38,0
Samsung Sneakers in excellent condition,Purchased from official store. Invoice and original box included.,Samsung,Sneakers,343.71,USD,798,4.5,653,109,TR,31,0
Original Rolex Electronics with full packaging,Minimal wear. Verified authenticity by trusted reseller.,Rolex,Electronics,15321.68,USD,13,2.16,162,19,US,3,1
Original Adidas Audio with full packaging,Serial number available. Fast shipping and returns accepted.,Adidas,Audio,84.88,USD,139,4.89,458,332,GB,24,0
Luxury Nike inspired item,"Factory source stock, no box but same quality as original.",Nike,Cameras,67.4,USD,240,3.69,84,27,AE,0,1
Canon Cameras premium inspired deal,No receipt available. Perfect copy and hard to tell.,Canon,Cameras,739.74,USD,746,3.6,1170,407,GB,17,0
Bose Watches in excellent condition,Purchased from official store. Invoice and original box included.,Bose,Watches,85.98,USD,204,3.04,26,10,JP,14,1
Luxury Gucci inspired item,"Factory source stock, no box but same quality as original.",Gucci,Watches,504.1,USD,34,4.15,68,0,DE,3,1
Original Sony Electronics with full packaging,Serial number available. Fast shipping and returns accepted.,Sony,Electronics,614.78,USD,577,4.6,948,237,IN,12,0
Verified Samsung Audio listing,Serial number available. Fast shipping and returns accepted.,Samsung,Audio,680.2,USD,473,4.41,748,446,GB,31,0
Verified Rolex Handbags listing,Purchased from official store. Invoice and original box included.,Rolex,Handbags,10534.67,USD,800,4.59,641,142,AE,14,0
Luxury Rolex wholesale lot item,"Factory source stock, no box but same quality as original.",Rolex,Audio,6071.74,USD,54,4.57,58,4,DE,9,1
Verified Gucci Electronics listing,Minimal wear. Verified authenticity by trusted reseller.,Gucci,Electronics,1686.12,USD,474,4.69,685,432,US,5,0
Sony Electronics 1:1,No receipt available. Perfect copy and hard to tell.,Sony,Electronics,205.19,USD,39,4.73,0,46,GB,15,1
Original Nike Watches with full packaging,Minimal wear. Verified authenticity by trusted reseller.,Nike,Watches,38.43,USD,453,4.69,355,337,US,7,0
Original Adidas Handbags with full packaging,Serial number available. Fast shipping and returns accepted.,Adidas,Handbags,223.86,USD,43,3.79,35,0,IN,1,1
Luxury Bose authentic style item,"DM for wholesale and better price, limited details.",Bose,Watches,95.57,USD,183,1.13,171,28,US,6,1
Nike Sneakers in excellent condition,Serial number available. Fast shipping and returns accepted.,Nike,Sneakers,309.43,USD,65,3.79,5,8,CN,5,1
Verified Sony Cameras listing,Minimal wear. Verified authenticity by trusted reseller.,Sony,Cameras,601.86,USD,117,4.0,281,152,GB,21,0
Samsung Electronics in excellent condition,Serial number available. Fast shipping and returns accepted.,Samsung,Electronics,255.06,USD,80,3.28,163,0,IN,0,1
Bose Audio in excellent condition,Serial number available. Fast shipping and returns accepted.,Bose,Audio,360.0,USD,244,4.38,0,214,IN,20,0
Louis Vuitton Sneakers in excellent condition,Purchased from official store. Invoice and original box included.,Louis Vuitton,Sneakers,2163.83,USD,980,4.54,623,279,DE,33,0
Rolex Electronics in excellent condition,Minimal wear. Verified authenticity by trusted reseller.,Rolex,Electronics,18405.23,USD,110,2.48,163,34,DE,2,1
Verified Apple Handbags listing,Minimal wear. Verified authenticity by trusted reseller.,Apple,Handbags,1021.35,USD,984,5.0,803,108,IN,16,0
Louis Vuitton Handbags in excellent condition,Minimal wear. Verified authenticity by trusted reseller.,Louis Vuitton,Handbags,1230.18,USD,760,3.8,598,111,AE,35,0
Samsung Cameras copy version,"Factory source stock, no box but same quality as original.",Samsung,Cameras,290.4,USD,104,3.12,47,4,IN,0,1
Original Apple Sneakers with full packaging,Minimal wear. Verified authenticity by trusted reseller.,Apple,Sneakers,271.09,USD,110,2.66,32,34,GB,8,1
Sony Cameras in excellent condition,Minimal wear. Verified authenticity by trusted reseller.,Sony,Cameras,300.78,USD,197,4.38,536,348,TR,23,0
Original Apple Audio with full packaging,Minimal wear. Verified authenticity by trusted reseller.,Apple,Audio,895.28,USD,257,4.65,307,433,TR,32,0
Verified Nike Sneakers listing,Minimal wear. Verified authenticity by trusted reseller.,Nike,Sneakers,129.16,USD,1279,4.1,339,215,IN,21,0
Verified Rolex Handbags listing,Serial number available. Fast shipping and returns accepted.,Rolex,Handbags,12658.58,USD,449,3.75,342,657,JP,38,0
Rolex Electronics authentic style,No receipt available. Perfect copy and hard to tell.,Rolex,Electronics,2635.18,USD,0,3.59,244,0,TR,6,1
Verified Rolex Watches listing,Serial number available. Fast shipping and returns accepted.,Rolex,Watches,13529.72,USD,400,4.21,1018,288,AE,27,0
Verified Bose Electronics listing,Serial number available. Fast shipping and returns accepted.,Bose,Electronics,328.98,USD,464,4.73,523,365,IN,37,0
Luxury Gucci discounted luxury item,"Factory source stock, no box but same quality as original.",Gucci,Electronics,519.64,USD,169,2.36,122,7,IN,0,1
Verified Nike Handbags listing,Purchased from official store. Invoice and original box included.,Nike,Handbags,81.49,USD,574,4.32,505,22,CN,17,0
Verified Sony Handbags listing,Minimal wear. Verified authenticity by trusted reseller.,Sony,Handbags,393.86,USD,312,4.31,470,447,DE,16,0
Original Adidas Sneakers with full packaging,Serial number available. Fast shipping and returns accepted.,Adidas,Sneakers,85.3,USD,569,4.17,1091,213,DE,16,0
Original Bose Cameras with full packaging,Minimal wear. Verified authenticity by trusted reseller.,Bose,Cameras,340.17,USD,656,4.4,649,188,TR,20,0
Original Samsung Watches with full packaging,Purchased from official store. Invoice and original box included.,Samsung,Watches,859.65,USD,483,4.01,97,379,JP,33,0
Sony Handbags premium looks original deal,"DM for wholesale and better price, limited details.",Sony,Handbags,130.23,USD,51,3.23,269,19,US,0,1
Luxury Samsung no box item,"DM for wholesale and better price, limited details.",Samsung,Watches,264.09,USD,0,2.6,107,27,AE,9,1
Verified Gucci Audio listing,Purchased from official store. Invoice and original box included.,Gucci,Audio,1546.94,USD,421,3.9,138,230,JP,29,0
Luxury Gucci dm for more item,No receipt available. Perfect copy and hard to tell.,Gucci,Audio,1545.08,USD,445,4.09,839,396,CN,12,0
Apple Electronics no box,"Factory source stock, no box but same quality as original.",Apple,Electronics,1387.44,USD,75,2.82,206,0,GB,17,1
Samsung Sneakers in excellent condition,Minimal wear. Verified authenticity by trusted reseller.,Samsung,Sneakers,935.11,USD,84,4.11,716,537,CN,30,0
Luxury Apple without receipt item,No receipt available. Perfect copy and hard to tell.,Apple,Handbags,1939.54,USD,67,2.89,211,0,TR,9,1
Verified Samsung Audio listing,Minimal wear. Verified authenticity by trusted reseller.,Samsung,Audio,435.97,USD,220,4.31,0,162,TR,29,0
Original Rolex Watches with full packaging,Minimal wear. Verified authenticity by trusted reseller.,Rolex,Watches,9894.74,USD,751,4.46,272,383,TR,14,0
Verified Adidas Cameras listing,Purchased from official store. Invoice and original box included.,Adidas,Cameras,43.56,USD,0,3.58,0,0,JP,14,1
Luxury Rolex without receipt item,"DM for wholesale and better price, limited details.",Rolex,Watches,2837.53,USD,156,2.82,39,0,IN,0,1
Adidas Sneakers in excellent condition,Minimal wear. Verified authenticity by trusted reseller.,Adidas,Sneakers,88.64,USD,1073,3.92,359,0,CN,35,0
Verified Nike Sneakers listing,Serial number available. Fast shipping and returns accepted.,Nike,Sneakers,107.99,USD,281,3.6,486,232,TR,26,0
Verified Apple Electronics listing,Minimal wear. Verified authenticity by trusted reseller.,Apple,Electronics,911.45,USD,683,3.62,483,459,AE,9,0
Verified Nike Electronics listing,Serial number available. Fast shipping and returns accepted.,Nike,Electronics,129.46,USD,705,4.21,203,0,IN,45,0
Bose Cameras in excellent condition,Purchased from official store. Invoice and original box included.,Bose,Cameras,138.72,USD,486,4.32,254,153,US,13,0
Original Gucci Sneakers with full packaging,Serial number available. Fast shipping and returns accepted.,Gucci,Sneakers,281.14,USD,0,3.03,42,20,AE,0,1
Adidas Cameras in excellent condition,Serial number available. Fast shipping and returns accepted.,Adidas,Cameras,41.43,USD,105,1.72,22,0,US,0,1
Verified Samsung Cameras listing,Purchased from official store. Invoice and original box included.,Samsung,Cameras,224.83,USD,22,2.18,16,0,TR,12,1
Verified Apple Watches listing,Serial number available. Fast shipping and returns accepted.,Apple,Watches,921.98,USD,711,3.64,1131,508,IN,18,0
Original Samsung Electronics with full packaging,Purchased from official store. Invoice and original box included.,Samsung,Electronics,557.3,USD,491,3.93,0,170,GB,18,0
Original Louis Vuitton Audio with full packaging,Purchased from official store. Invoice and original box included.,Louis Vuitton,Audio,1432.07,USD,213,4.38,1105,321,JP,13,0
Original Bose Sneakers with full packaging,Serial number available. Fast shipping and returns accepted.,Bose,Sneakers,272.5,USD,146,5.0,567,0,AE,26,0
Verified Bose Cameras listing,Purchased from official store. Invoice and original box included.,Bose,Cameras,259.53,USD,582,3.66,0,241,JP,17,0
Rolex Electronics replica,"Factory source stock, no box but same quality as original.",Rolex,Electronics,4057.47,USD,179,2.87,63,19,US,1,1
Verified Sony Audio listing,Serial number available. Fast shipping and returns accepted.,Sony,Audio,382.38,USD,492,4.22,641,0,AE,32,0
Nike Sneakers premium authentic style deal,No receipt available. Perfect copy and hard to tell.,Nike,Sneakers,10.6,USD,0,2.18,89,0,IN,3,1
Verified Canon Watches listing,Serial number available. Fast shipping and returns accepted.,Canon,Watches,1087.21,USD,223,3.22,242,0,IN,3,1
Canon Cameras in excellent condition,Purchased from official store. Invoice and original box included.,Canon,Cameras,613.14,USD,25,2.63,60,49,CN,7,1
Original Canon Handbags with full packaging,Minimal wear. Verified authenticity by trusted reseller.,Canon,Handbags,1060.97,USD,846,4.86,1392,0,CN,0,0
Original Apple Handbags with full packaging,Purchased from official store. Invoice and original box included.,Apple,Handbags,1632.89,USD,0,3.13,42,5,US,11,1
Verified Bose Sneakers listing,Minimal wear. Verified authenticity by trusted reseller.,Bose,Sneakers,60.06,USD,0,2.96,154,7,JP,21,1
Original Gucci Handbags with full packaging,Serial number available. Fast shipping and returns accepted.,Gucci,Handbags,1529.18,USD,196,4.1,559,184,AE,34,0
Bose Audio in excellent condition,Minimal wear. Verified authenticity by trusted reseller.,Bose,Audio,327.94,USD,232,4.37,301,214,AE,31,0
Luxury Bose factory surplus item,No receipt available. Perfect copy and hard to tell.,Bose,Watches,10.0,USD,0,3.24,0,50,IN,12,1
Samsung Electronics in excellent condition,Serial number available. Fast shipping and returns accepted.,Samsung,Electronics,174.86,USD,47,3.49,0,84,US,12,1
Verified Nike Cameras listing,Purchased from official store. Invoice and original box included.,Nike,Cameras,94.35,USD,638,4.16,1050,0,DE,20,0
Bose Audio premium discounted luxury deal,No receipt available. Perfect copy and hard to tell.,Bose,Audio,133.88,USD,0,3.8,0,0,JP,0,1
Apple Audio premium no box deal,"Factory source stock, no box but same quality as original.",Apple,Audio,339.94,USD,36,3.58,0,0,CN,1,1
Verified Apple Watches listing,Minimal wear. Verified authenticity by trusted reseller.,Apple,Watches,1022.78,USD,632,3.76,165,169,GB,0,0
Samsung Handbags in excellent condition,Minimal wear. Verified authenticity by trusted reseller.,Samsung,Handbags,777.71,USD,1568,5.0,983,140,IN,19,0
Luxury Rolex factory surplus item,"DM for wholesale and better price, limited details.",Rolex,Watches,4321.79,USD,88,3.94,213,0,AE,8,1
Rolex Sneakers in excellent condition,Serial number available. Fast shipping and returns accepted.,Rolex,Sneakers,9292.1,USD,365,4.22,1157,338,DE,27,0
Verified Rolex Sneakers listing,Purchased from official store. Invoice and original box included.,Rolex,Sneakers,4310.64,USD,0,3.19,39,27,TR,13,1
Verified Canon Watches listing,Purchased from official store. Invoice and original box included.,Canon,Watches,718.92,USD,0,3.84,771,243,US,1,0
Verified Bose Watches listing,Serial number available. Fast shipping and returns accepted.,Bose,Watches,127.98,USD,70,2.85,132,5,IN,5,1
Original Rolex Audio with full packaging,Minimal wear. Verified authenticity by trusted reseller.,Rolex,Audio,11000.66,USD,734,3.9,296,185,IN,34,0
Rolex Audio in excellent condition,Serial number available. Fast shipping and returns accepted.,Rolex,Audio,4411.59,USD,0,3.0,177,26,AE,0,1
Samsung Watches in excellent condition,Minimal wear. Verified authenticity by trusted reseller.,Samsung,Watches,695.57,USD,513,4.78,1056,0,DE,33,0
Luxury Sony without receipt item,No receipt available. Perfect copy and hard to tell.,Sony,Watches,209.24,USD,0,3.91,159,0,TR,9,1
Verified Adidas Watches listing,Serial number available. Fast shipping and returns accepted.,Adidas,Watches,118.98,USD,756,4.01,343,146,DE,3,1
Original Samsung Handbags with full packaging,Minimal wear. Verified authenticity by trusted reseller.,Samsung,Handbags,672.47,USD,737,4.0,838,443,GB,20,0
Samsung Handbags in excellent condition,Minimal wear. Verified authenticity by trusted reseller.,Samsung,Handbags,426.51,USD,439,4.43,972,115,GB,12,0
Original Bose Electronics with full packaging,Serial number available. Fast shipping and returns accepted.,Bose,Electronics,152.3,USD,0,3.43,151,19,CN,0,1
Original Canon Electronics with full packaging,Purchased from official store. Invoice and original box included.,Canon,Electronics,392.44,USD,430,4.94,1197,238,CN,27,0
Canon Audio in excellent condition,Minimal wear. Verified authenticity by trusted reseller.,Canon,Audio,946.98,USD,168,4.9,752,0,AE,0,0
Original Apple Audio with full packaging,Serial number available. Fast shipping and returns accepted.,Apple,Audio,529.73,USD,447,4.64,1101,109,TR,27,0
Original Adidas Sneakers with full packaging,Serial number available. Fast shipping and returns accepted.,Adidas,Sneakers,80.52,USD,466,3.93,904,191,AE,19,0
Samsung Handbags discounted luxury,"Factory source stock, no box but same quality as original.",Samsung,Handbags,329.64,USD,22,3.03,18,5,AE,7,1
Luxury Canon looks original item,No receipt available. Perfect copy and hard to tell.,Canon,Audio,804.6,USD,697,3.96,1449,600,DE,11,0
Sony Electronics premium inspired deal,"Factory source stock, no box but same quality as original.",Sony,Electronics,275.77,USD,39,3.5,0,79,IN,7,1
Original Sony Handbags with full packaging,Serial number available. Fast shipping and returns accepted.,Sony,Handbags,313.19,USD,23,2.51,103,63,GB,2,1
Louis Vuitton Watches premium copy version deal,"DM for wholesale and better price, limited details.",Louis Vuitton,Watches,1097.99,USD,47,3.97,128,18,JP,13,1
Sony Audio copy version,"Factory source stock, no box but same quality as original.",Sony,Audio,405.93,USD,1119,4.69,989,104,US,51,0
Luxury Adidas authentic style item,"Factory source stock, no box but same quality as original.",Adidas,Handbags,75.29,USD,137,2.93,256,0,TR,2,1
Original Sony Handbags with full packaging,Purchased from official store. Invoice and original box included.,Sony,Handbags,283.94,USD,646,5.0,34,31,JP,15,0
Original Bose Handbags with full packaging,Purchased from official store. Invoice and original box included.,Bose,Handbags,284.13,USD,428,4.49,0,280,DE,17,0
Samsung Handbags in excellent condition,Purchased from official store. Invoice and original box included.,Samsung,Handbags,856.79,USD,416,4.62,1358,399,IN,7,0
Gucci Electronics in excellent condition,Serial number available. Fast shipping and returns accepted.,Gucci,Electronics,1577.68,USD,422,4.72,739,219,CN,17,0
Nike Watches in excellent condition,Minimal wear. Verified authenticity by trusted reseller.,Nike,Watches,166.66,USD,522,4.41,1011,536,IN,21,0
Original Gucci Handbags with full packaging,Serial number available. Fast shipping and returns accepted.,Gucci,Handbags,1920.81,USD,0,5.0,654,386,GB,1,0
Rolex Handbags in excellent condition,Purchased from official store. Invoice and original box included.,Rolex,Handbags,4556.6,USD,388,4.63,22,27,AE,16,0
Original Adidas Handbags with full packaging,Serial number available. Fast shipping and returns accepted.,Adidas,Handbags,53.56,USD,35,3.84,0,31,AE,0,1
Bose Handbags in excellent condition,Purchased from official store. Invoice and original box included.,Bose,Handbags,287.52,USD,473,4.6,1528,0,TR,35,0
Verified Canon Cameras listing,Serial number available. Fast shipping and returns accepted.,Canon,Cameras,312.42,USD,393,3.79,661,158,TR,8,0
Verified Gucci Audio listing,Serial number available. Fast shipping and returns accepted.,Gucci,Audio,1100.8,USD,363,4.22,783,253,US,45,0
Luxury Adidas mirror quality item,"Factory source stock, no box but same quality as original.",Adidas,Cameras,33.45,USD,29,5.0,239,0,US,11,1
Original Adidas Watches with full packaging,Serial number available. Fast shipping and returns accepted.,Adidas,Watches,67.79,USD,1113,4.68,1100,218,IN,22,0
Verified Canon Handbags listing,Minimal wear. Verified authenticity by trusted reseller.,Canon,Handbags,830.89,USD,1148,4.97,449,180,IN,24,0
Original Bose Watches with full packaging,Purchased from official store. Invoice and original box included.,Bose,Watches,260.27,USD,267,3.99,420,234,JP,21,0
Verified Nike Cameras listing,Minimal wear. Verified authenticity by trusted reseller.,Nike,Cameras,201.89,USD,270,4.14,189,203,AE,28,0
Verified Apple Sneakers listing,Purchased from official store. Invoice and original box included.,Apple,Sneakers,285.8,USD,43,4.18,22,29,GB,11,1
Nike Sneakers in excellent condition,Purchased from official store. Invoice and original box included.,Nike,Sneakers,100.91,USD,418,4.85,1161,213,TR,27,0
Adidas Sneakers mirror quality,"DM for wholesale and better price, limited details.",Adidas,Sneakers,19.47,USD,140,3.83,152,7,JP,17,1
Luxury Rolex copy version item,No receipt available. Perfect copy and hard to tell.,Rolex,Audio,10669.74,USD,46,3.36,38,73,DE,9,1
Luxury Apple looks original item,"DM for wholesale and better price, limited details.",Apple,Cameras,211.6,USD,0,3.36,178,70,IN,5,1
Verified Canon Watches listing,Minimal wear. Verified authenticity by trusted reseller.,Canon,Watches,624.44,USD,681,3.79,314,367,JP,24,0
Canon Handbags in excellent condition,Serial number available. Fast shipping and returns accepted.,Canon,Handbags,223.63,USD,171,1.65,166,45,IN,0,1
Gucci Electronics in excellent condition,Minimal wear. Verified authenticity by trusted reseller.,Gucci,Electronics,461.28,USD,160,4.5,0,34,US,13,1
Canon Watches in excellent condition,Purchased from official store. Invoice and original box included.,Canon,Watches,427.62,USD,135,1.92,151,12,CN,0,1
Louis Vuitton Cameras premium replica deal,"Factory source stock, no box but same quality as original.",Louis Vuitton,Cameras,4209.45,USD,109,3.09,0,13,CN,15,1
Louis Vuitton Cameras in excellent condition,Serial number available. Fast shipping and returns accepted.,Louis Vuitton,Cameras,5031.71,USD,79,3.71,24,48,IN,3,1
Canon Watches in excellent condition,Serial number available. Fast shipping and returns accepted.,Canon,Watches,2187.78,USD,0,3.41,145,26,TR,13,1
Verified Gucci Watches listing,Serial number available. Fast shipping and returns accepted.,Gucci,Watches,1262.04,USD,1065,4.53,559,6,GB,24,0
Luxury Canon authentic style item,"DM for wholesale and better price, limited details.",Canon,Electronics,10.0,USD,147,3.37,143,3,DE,0,1
Adidas Electronics in excellent condition,Serial number available. Fast shipping and returns accepted.,Adidas,Electronics,34.08,USD,32,1.36,0,49,CN,5,1
Verified Gucci Audio listing,Minimal wear. Verified authenticity by trusted reseller.,Gucci,Audio,1343.38,USD,1107,4.11,392,231,AE,29,0
Original Rolex Sneakers with full packaging,Serial number available. Fast shipping and returns accepted.,Rolex,Sneakers,13957.64,USD,724,4.41,591,369,CN,28,0
Louis Vuitton Watches in excellent condition,Minimal wear. Verified authenticity by trusted reseller.,Louis Vuitton,Watches,1024.8,USD,440,4.51,505,214,TR,22,0
Original Bose Sneakers with full packaging,Serial number available. Fast shipping and returns accepted.,Bose,Sneakers,244.82,USD,81,3.94,469,0,TR,11,0
Gucci Electronics in excellent condition,Purchased from official store. Invoice and original box included.,Gucci,Electronics,861.02,USD,51,2.15,0,22,DE,2,1
Louis Vuitton Audio in excellent condition,Minimal wear. Verified authenticity by trusted reseller.,Louis Vuitton,Audio,1408.29,USD,625,4.33,894,190,DE,12,0
Adidas Electronics looks original,No receipt available. Perfect copy and hard to tell.,Adidas,Electronics,21.59,USD,0,2.7,183,31,JP,5,1
Luxury Sony dm for more item,"Factory source stock, no box but same quality as original.",Sony,Watches,225.88,USD,192,1.56,0,15,US,14,1
Verified Gucci Cameras listing,Serial number available. Fast shipping and returns accepted.,Gucci,Cameras,1086.07,USD,476,4.38,305,20,IN,19,0
Verified Adidas Cameras listing,Purchased from official store. Invoice and original box included.,Adidas,Cameras,61.32,USD,482,4.06,881,24,US,19,0
Luxury Adidas replica item,"Factory source stock, no box but same quality as original.",Adidas,Handbags,35.58,USD,112,3.28,144,29,IN,4,1
Original Gucci Cameras with full packaging,Minimal wear. Verified authenticity by trusted reseller.,Gucci,Cameras,768.84,USD,58,2.65,82,20,TR,5,1
Original Canon Cameras with full packaging,Purchased from official store. Invoice and original box included.,Canon,Cameras,927.72,USD,29,4.16,98,0,DE,32,0
Original Gucci Cameras with full packaging,Serial number available. Fast shipping and returns accepted.,Gucci,Cameras,1860.75,USD,802,4.42,1006,402,CN,21,0
Bose Handbags in excellent condition,Serial number available. Fast shipping and returns accepted.,Bose,Handbags,370.83,USD,387,4.36,805,339,US,25,0
Samsung Electronics premium authentic style deal,No receipt available. Perfect copy and hard to tell.,Samsung,Electronics,400.57,USD,189,2.5,0,27,CN,14,1
Adidas Watches in excellent condition,Purchased from official store. Invoice and original box included.,Adidas,Watches,77.11,USD,0,3.0,640,12,TR,31,0
Original Sony Handbags with full packaging,Purchased from official store. Invoice and original box included.,Sony,Handbags,448.47,USD,167,4.2,497,530,US,36,0
Rolex Handbags in excellent condition,Minimal wear. Verified authenticity by trusted reseller.,Rolex,Handbags,2100.38,USD,90,2.62,27,0,AE,18,1
Apple Handbags replica,No receipt available. Perfect copy and hard to tell.,Apple,Handbags,197.35,USD,0,2.89,127,14,JP,13,0
Samsung Audio in excellent condition,Minimal wear. Verified authenticity by trusted reseller.,Samsung,Audio,1976.84,USD,84,3.86,131,43,CN,12,1
Verified Rolex Watches listing,Serial number available. Fast shipping and returns accepted.,Rolex,Watches,6946.97,USD,904,4.51,1583,303,TR,30,0
Verified Gucci Cameras listing,Minimal wear. Verified authenticity by trusted reseller.,Gucci,Cameras,711.55,USD,144,2.53,15,23,US,6,1
Adidas Watches in excellent condition,Purchased from official store. Invoice and original box included.,Adidas,Watches,98.02,USD,267,5.0,560,0,TR,33,0
Apple Cameras in excellent condition,Minimal wear. Verified authenticity by trusted reseller.,Apple,Cameras,706.32,USD,702,4.43,131,335,IN,25,0
Verified Apple Sneakers listing,Purchased from official store. Invoice and original box included.,Apple,Sneakers,393.93,USD,184,3.86,248,27,CN,13,1
Verified Samsung Electronics listing,Serial number available. Fast shipping and returns accepted.,Samsung,Electronics,2002.5,USD,28,3.24,0,52,AE,15,1
Bose Audio premium inspired deal,No receipt available. Perfect copy and hard to tell.,Bose,Audio,152.95,USD,105,3.43,132,0,DE,23,1
Samsung Audio discounted luxury,"Factory source stock, no box but same quality as original.",Samsung,Audio,521.97,USD,84,2.55,77,41,JP,2,1
Samsung Audio in excellent condition,Minimal wear. Verified authenticity by trusted reseller.,Samsung,Audio,614.01,USD,407,4.09,323,451,IN,38,0
Sony Cameras in excellent condition,Purchased from official store. Invoice and original box included.,Sony,Cameras,289.73,USD,517,4.0,1249,59,US,45,0
Gucci Sneakers in excellent condition,Purchased from official store. Invoice and original box included.,Gucci,Sneakers,933.35,USD,451,3.78,959,133,GB,20,0
Original Gucci Audio with full packaging,Purchased from official store. Invoice and original box included.,Gucci,Audio,3298.73,USD,0,3.26,0,40,IN,7,1
Nike Handbags in excellent condition,Serial number available. Fast shipping and returns accepted.,Nike,Handbags,192.68,USD,0,4.69,648,471,JP,12,0
Nike Audio factory surplus,No receipt available. Perfect copy and hard to tell.,Nike,Audio,61.66,USD,76,3.91,217,4,DE,2,1
Gucci Electronics in excellent condition,Purchased from official store. Invoice and original box included.,Gucci,Electronics,1222.55,USD,406,4.47,855,317,JP,32,0
Original Rolex Electronics with full packaging,Minimal wear. Verified authenticity by trusted reseller.,Rolex,Electronics,11809.91,USD,577,4.39,431,280,US,14,0
Original Gucci Watches with full packaging,Serial number available. Fast shipping and returns accepted.,Gucci,Watches,962.86,USD,455,4.12,1108,356,DE,12,0
Gucci Electronics in excellent condition,Serial number available. Fast shipping and returns accepted.,Gucci,Electronics,1992.34,USD,1012,3.85,1006,0,IN,11,0
Apple Watches copy version,No receipt available. Perfect copy and hard to tell.,Apple,Watches,197.55,USD,145,3.22,125,0,US,13,1
Original Samsung Cameras with full packaging,Purchased from official store. Invoice and original box included.,Samsung,Cameras,621.4,USD,1348,4.57,746,71,TR,40,0
Bose Sneakers inspired,No receipt available. Perfect copy and hard to tell.,Bose,Sneakers,256.35,USD,0,4.22,731,123,GB,18,0
Verified Canon Sneakers listing,Purchased from official store. Invoice and original box included.,Canon,Sneakers,470.92,USD,496,3.83,689,221,DE,17,0
Verified Rolex Handbags listing,Purchased from official store. Invoice and original box included.,Rolex,Handbags,10930.47,USD,0,4.43,382,168,JP,13,0
Apple Cameras premium authentic style deal,"DM for wholesale and better price, limited details.",Apple,Cameras,236.2,USD,24,2.36,25,20,AE,5,1
Original Nike Electronics with full packaging,Minimal wear. Verified authenticity by trusted reseller.,Nike,Electronics,40.05,USD,52,2.43,16,19,CN,12,1
Rolex Watches in excellent condition,Purchased from official store. Invoice and original box included.,Rolex,Watches,10776.62,USD,373,4.37,582,492,DE,0,0
Original Adidas Watches with full packaging,Minimal wear. Verified authenticity by trusted reseller.,Adidas,Watches,33.45,USD,945,4.34,0,358,AE,17,0
Samsung Cameras in excellent condition,Minimal wear. Verified authenticity by trusted reseller.,Samsung,Cameras,707.07,USD,954,4.93,80,186,US,17,0
Adidas Sneakers premium wholesale lot deal,"DM for wholesale and better price, limited details.",Adidas,Sneakers,90.9,USD,0,3.5,102,26,CN,16,1
Canon Audio in excellent condition,Purchased from official store. Invoice and original box included.,Canon,Audio,697.44,USD,86,4.1,498,231,JP,14,0
Verified Rolex Handbags listing,Purchased from official store. Invoice and original box included.,Rolex,Handbags,5526.51,USD,0,3.73,1046,201,JP,10,0
Original Gucci Watches with full packaging,Serial number available. Fast shipping and returns accepted.,Gucci,Watches,3187.14,USD,49,1.96,0,33,AE,2,1
Adidas Watches copy version,"DM for wholesale and better price, limited details.",Adidas,Watches,97.42,USD,231,4.52,664,139,CN,44,0
Original Nike Electronics with full packaging,Serial number available. Fast shipping and returns accepted.,Nike,Electronics,75.2,USD,820,4.3,953,20,US,39,0
Verified Louis Vuitton Sneakers listing,Serial number available. Fast shipping and returns accepted.,Louis Vuitton,Sneakers,1991.22,USD,228,4.26,55,133,IN,14,0
Verified Apple Sneakers listing,Minimal wear. Verified authenticity by trusted reseller.,Apple,Sneakers,634.53,USD,312,5.0,790,104,DE,7,0
Verified Canon Cameras listing,Minimal wear. Verified authenticity by trusted reseller.,Canon,Cameras,1061.82,USD,450,4.07,836,307,IN,21,0
Original Nike Electronics with full packaging,Minimal wear. Verified authenticity by trusted reseller.,Nike,Electronics,131.26,USD,972,4.18,130,237,GB,42,0
Sony Electronics in excellent condition,Serial number available. Fast shipping and returns accepted.,Sony,Electronics,303.64,USD,442,4.3,0,212,GB,33,0
Verified Sony Cameras listing,Purchased from official store. Invoice and original box included.,Sony,Cameras,161.99,USD,597,4.31,419,227,US,23,0
Nike Sneakers premium inspired deal,"DM for wholesale and better price, limited details.",Nike,Sneakers,59.9,USD,294,2.7,0,50,GB,20,1
Gucci Audio in excellent condition,Minimal wear. Verified authenticity by trusted reseller.,Gucci,Audio,498.77,USD,130,3.65,0,69,GB,20,1
Verified Sony Audio listing,Serial number available. Fast shipping and returns accepted.,Sony,Audio,239.15,USD,720,5.0,708,311,US,21,0
Original Canon Audio with full packaging,Purchased from official store. Invoice and original box included.,Canon,Audio,840.95,USD,989,4.8,1086,153,TR,25,0
Original Samsung Cameras with full packaging,Serial number available. Fast shipping and returns accepted.,Samsung,Cameras,627.81,USD,615,4.43,1369,157,DE,14,0
Samsung Audio in excellent condition,Minimal wear. Verified authenticity by trusted reseller.,Samsung,Audio,788.97,USD,591,4.75,282,209,IN,23,0
Original Gucci Handbags with full packaging,Purchased from official store. Invoice and original box included.,Gucci,Handbags,1920.62,USD,444,4.92,609,232,US,11,0
Sony Audio in excellent condition,Minimal wear. Verified authenticity by trusted reseller.,Sony,Audio,339.14,USD,496,4.51,1261,229,DE,30,0
Original Sony Sneakers with full packaging,Purchased from official store. Invoice and original box included.,Sony,Sneakers,390.7,USD,0,5.0,1178,63,DE,32,0
Gucci Cameras premium 1:1 deal,"DM for wholesale and better price, limited details.",Gucci,Cameras,1066.31,USD,614,4.15,0,19,US,32,0
Nike Sneakers premium without receipt deal,No receipt available. Perfect copy and hard to tell.,Nike,Sneakers,52.0,USD,0,3.53,0,7,GB,14,1
Bose Handbags in excellent condition,Minimal wear. Verified authenticity by trusted reseller.,Bose,Handbags,190.6,USD,393,4.59,501,36,IN,10,0
Luxury Apple copy version item,"Factory source stock, no box but same quality as original.",Apple,Sneakers,467.63,USD,147,3.13,0,11,DE,2,1
Verified Canon Sneakers listing,Minimal wear. Verified authenticity by trusted reseller.,Canon,Sneakers,914.99,USD,530,4.6,967,423,IN,19,0
Sony Electronics copy version,"Factory source stock, no box but same quality as original.",Sony,Electronics,118.48,USD,0,4.28,0,32,IN,9,1
Louis Vuitton Cameras replica,No receipt available. Perfect copy and hard to tell.,Louis Vuitton,Cameras,905.94,USD,72,3.33,142,35,AE,17,1
Luxury Gucci dm for more item,"Factory source stock, no box but same quality as original.",Gucci,Cameras,3670.71,USD,0,3.31,0,48,CN,9,1
Luxury Gucci no box item,"Factory source stock, no box but same quality as original.",Gucci,Sneakers,3295.35,USD,35,3.66,272,28,AE,20,1
Gucci Cameras in excellent condition,Minimal wear. Verified authenticity by trusted reseller.,Gucci,Cameras,2545.05,USD,36,2.9,81,10,DE,8,1
Louis Vuitton Sneakers premium 1:1 deal,"Factory source stock, no box but same quality as original.",Louis Vuitton,Sneakers,1664.52,USD,1138,4.71,766,114,JP,5,0
Original Bose Cameras with full packaging,Minimal wear. Verified authenticity by trusted reseller.,Bose,Cameras,207.46,USD,0,3.67,624,348,DE,4,0
Samsung Sneakers mirror quality,"Factory source stock, no box but same quality as original.",Samsung,Sneakers,213.49,USD,199,2.79,192,81,IN,1,1
Original Adidas Cameras with full packaging,Purchased from official store. Invoice and original box included.,Adidas,Cameras,56.02,USD,891,4.41,521,578,AE,10,0
Canon Sneakers in excellent condition,Serial number available. Fast shipping and returns accepted.,Canon,Sneakers,507.52,USD,923,4.16,836,159,IN,0,0
Original Adidas Audio with full packaging,Minimal wear. Verified authenticity by trusted reseller.,Adidas,Audio,55.79,USD,583,4.08,880,173,JP,5,0
Original Samsung Audio with full packaging,Minimal wear. Verified authenticity by trusted reseller.,Samsung,Audio,791.61,USD,1339,4.32,980,39,CN,42,0
Verified Rolex Audio listing,Minimal wear. Verified authenticity by trusted reseller.,Rolex,Audio,7173.93,USD,987,4.63,960,418,IN,28,0
Nike Watches in excellent condition,Purchased from official store. Invoice and original box included.,Nike,Watches,198.96,USD,709,4.39,764,478,JP,49,0
Verified Apple Cameras listing,Minimal wear. Verified authenticity by trusted reseller.,Apple,Cameras,768.12,USD,419,4.71,774,142,GB,32,0
Verified Louis Vuitton Electronics listing,Purchased from official store. Invoice and original box included.,Louis Vuitton,Electronics,2238.56,USD,0,4.32,485,0,TR,42,0
Bose Audio in excellent condition,Minimal wear. Verified authenticity by trusted reseller.,Bose,Audio,208.12,USD,450,4.25,554,535,US,13,0
Verified Rolex Cameras listing,Serial number available. Fast shipping and returns accepted.,Rolex,Cameras,7298.05,USD,1126,4.32,0,299,JP,12,0
Apple Handbags in excellent condition,Minimal wear. Verified authenticity by trusted reseller.,Apple,Handbags,582.32,USD,238,4.77,1061,396,IN,22,0
Samsung Watches in excellent condition,Serial number available. Fast shipping and returns accepted.,Samsung,Watches,1173.98,USD,473,3.73,595,551,DE,34,0
Luxury Apple authentic style item,"Factory source stock, no box but same quality as original.",Apple,Watches,263.05,USD,121,4.54,0,34,CN,16,1
Luxury Sony factory surplus item,No receipt available. Perfect copy and hard to tell.,Sony,Audio,147.28,USD,5,2.64,28,41,TR,17,0
Luxury Bose authentic style item,"Factory source stock, no box but same quality as original.",Bose,Cameras,191.68,USD,267,3.32,227,29,GB,5,1
Sony Watches in excellent condition,Purchased from official store. Invoice and original box included.,Sony,Watches,280.82,USD,130,2.92,16,0,JP,9,1
Original Nike Electronics with full packaging,Serial number available. Fast shipping and returns accepted.,Nike,Electronics,158.64,USD,703,4.26,1168,151,US,5,1
Verified Rolex Audio listing,Serial number available. Fast shipping and returns accepted.,Rolex,Audio,9434.95,USD,807,4.72,1163,193,AE,28,0
Luxury Apple dm for more item,"Factory source stock, no box but same quality as original.",Apple,Handbags,893.56,USD,437,4.14,347,131,IN,22,0
Bose Sneakers in excellent condition,Purchased from official store. Invoice and original box included.,Bose,Sneakers,181.32,USD,527,4.84,850,266,CN,17,0
Rolex Handbags premium inspired deal,No receipt available. Perfect copy and hard to tell.,Rolex,Handbags,2288.14,USD,6,3.95,32,72,GB,11,1
Nike Cameras in excellent condition,Minimal wear. Verified authenticity by trusted reseller.,Nike,Cameras,93.62,USD,948,4.66,1759,137,DE,0,0
Verified Sony Watches listing,Purchased from official store. Invoice and original box included.,Sony,Watches,1010.06,USD,6,3.45,168,34,JP,6,1
Verified Gucci Audio listing,Serial number available. Fast shipping and returns accepted.,Gucci,Audio,1487.63,USD,467,4.73,393,220,TR,11,0
Verified Louis Vuitton Audio listing,Purchased from official store. Invoice and original box included.,Louis Vuitton,Audio,2742.96,USD,542,4.16,713,381,TR,36,0
Verified Canon Electronics listing,Minimal wear. Verified authenticity by trusted reseller.,Canon,Electronics,413.89,USD,116,2.76,96,11,AE,10,1
Original Samsung Sneakers with full packaging,Purchased from official store. Invoice and original box included.,Samsung,Sneakers,735.95,USD,831,4.61,726,0,CN,36,0
Adidas Sneakers in excellent condition,Purchased from official store. Invoice and original box included.,Adidas,Sneakers,102.74,USD,367,4.63,584,446,CN,13,0
Original Louis Vuitton Electronics with full packaging,Serial number available. Fast shipping and returns accepted.,Louis Vuitton,Electronics,1491.05,USD,523,4.25,1812,86,JP,29,0
Samsung Handbags in excellent condition,Purchased from official store. Invoice and original box included.,Samsung,Handbags,421.82,USD,100,2.23,64,9,GB,12,1
Verified Canon Audio listing,Minimal wear. Verified authenticity by trusted reseller.,Canon,Audio,627.74,USD,709,4.23,1042,332,GB,26,0
Rolex Watches in excellent condition,Serial number available. Fast shipping and returns accepted.,Rolex,Watches,8278.53,USD,885,4.66,0,286,IN,33,0
Verified Samsung Watches listing,Minimal wear. Verified authenticity by trusted reseller.,Samsung,Watches,695.05,USD,1132,4.03,780,463,GB,27,0
Nike Sneakers in excellent condition,Purchased from official store. Invoice and original box included.,Nike,Sneakers,146.51,USD,290,4.84,149,365,CN,28,0
Sony Handbags in excellent condition,Serial number available. Fast shipping and returns accepted.,Sony,Handbags,400.32,USD,129,4.77,550,384,CN,27,0
Louis Vuitton Electronics premium authentic style deal,"Factory source stock, no box but same quality as original.",Louis Vuitton,Electronics,575.62,USD,0,3.72,92,21,TR,12,1
Original Louis Vuitton Sneakers with full packaging,Minimal wear. Verified authenticity by trusted reseller.,Louis Vuitton,Sneakers,2049.87,USD,198,4.97,687,213,CN,12,0
Gucci Audio in excellent condition,Minimal wear. Verified authenticity by trusted reseller.,Gucci,Audio,736.79,USD,373,4.29,1380,290,JP,5,0
Original Bose Handbags with full packaging,Purchased from official store. Invoice and original box included.,Bose,Handbags,197.18,USD,265,4.03,228,347,CN,17,0
Verified Rolex Handbags listing,Serial number available. Fast shipping and returns accepted.,Rolex,Handbags,9594.72,USD,741,4.94,915,274,CN,21,0
Sony Cameras in excellent condition,Serial number available. Fast shipping and returns accepted.,Sony,Cameras,373.42,USD,625,3.97,675,0,US,17,0
Rolex Audio premium 1:1 deal,"DM for wholesale and better price, limited details.",Rolex,Audio,2989.82,USD,0,1.67,137,25,AE,9,1
Nike Electronics in excellent condition,Serial number available. Fast shipping and returns accepted.,Nike,Electronics,95.19,USD,791,3.57,861,245,GB,27,0
Verified Louis Vuitton Sneakers listing,Purchased from official store. Invoice and original box included.,Louis Vuitton,Sneakers,2736.15,USD,1328,3.96,1125,310,IN,33,0
Samsung Electronics 1:1,"DM for wholesale and better price, limited details.",Samsung,Electronics,473.81,USD,0,3.45,0,5,AE,7,1
Verified Gucci Handbags listing,Serial number available. Fast shipping and returns accepted.,Gucci,Handbags,1695.16,USD,379,4.78,996,377,CN,12,0
Original Nike Watches with full packaging,Serial number available. Fast shipping and returns accepted.,Nike,Watches,139.07,USD,0,5.0,346,347,AE,33,0
Apple Watches in excellent condition,Serial number available. Fast shipping and returns accepted.,Apple,Watches,967.51,USD,646,5.0,1069,431,TR,1,0
Verified Samsung Audio listing,Purchased from official store. Invoice and original box included.,Samsung,Audio,763.96,USD,84,4.14,510,238,AE,20,0
Verified Sony Audio listing,Serial number available. Fast shipping and returns accepted.,Sony,Audio,283.59,USD,95,3.64,0,21,DE,14,1
Verified Adidas Audio listing,Purchased from official store. Invoice and original box included.,Adidas,Audio,30.3,USD,155,2.73,144,19,GB,7,1
Original Adidas Watches with full packaging,Minimal wear. Verified authenticity by trusted reseller.,Adidas,Watches,73.79,USD,798,4.39,291,304,GB,41,0
Adidas Sneakers in excellent condition,Purchased from official store. Invoice and original box included.,Adidas,Sneakers,80.28,USD,717,3.04,447,247,AE,10,0
Gucci Audio discounted luxury,"Factory source stock, no box but same quality as original.",Gucci,Audio,636.46,USD,22,3.88,130,26,DE,7,1
Gucci Handbags in excellent condition,Minimal wear. Verified authenticity by trusted reseller.,Gucci,Handbags,1931.32,USD,157,3.69,1176,193,US,12,0
Nike Electronics in excellent condition,Minimal wear. Verified authenticity by trusted reseller.,Nike,Electronics,157.14,USD,0,5.0,1315,0,CN,0,0
Verified Adidas Electronics listing,Serial number available. Fast shipping and returns accepted.,Adidas,Electronics,89.85,USD,1193,4.21,1124,73,TR,14,0
Verified Samsung Audio listing,Minimal wear. Verified authenticity by trusted reseller.,Samsung,Audio,764.18,USD,117,4.84,563,325,DE,23,0
Sony Watches without receipt,"DM for wholesale and better price, limited details.",Sony,Watches,163.21,USD,152,3.08,153,64,TR,12,1
Original Sony Cameras with full packaging,Serial number available. Fast shipping and returns accepted.,Sony,Cameras,323.12,USD,618,4.21,1006,0,CN,7,0
Bose Sneakers in excellent condition,Minimal wear. Verified authenticity by trusted reseller.,Bose,Sneakers,341.78,USD,284,4.45,840,0,GB,4,0
Canon Cameras in excellent condition,Purchased from official store. Invoice and original box included.,Canon,Cameras,764.11,USD,723,3.99,939,289,AE,32,0
Verified Louis Vuitton Watches listing,Purchased from official store. Invoice and original box included.,Louis Vuitton,Watches,2174.43,USD,850,4.39,1193,169,JP,26,0
Adidas Watches in excellent condition,Minimal wear. Verified authenticity by trusted reseller.,Adidas,Watches,137.81,USD,702,4.14,574,303,DE,23,0
Louis Vuitton Cameras dm for more,"Factory source stock, no box but same quality as original.",Louis Vuitton,Cameras,1463.97,USD,169,3.67,189,37,IN,8,1
Nike Cameras in excellent condition,Purchased from official store. Invoice and original box included.,Nike,Cameras,78.47,USD,69,2.99,105,31,AE,3,1
Original Rolex Handbags with full packaging,Serial number available. Fast shipping and returns accepted.,Rolex,Handbags,4742.19,USD,73,2.41,76,0,US,0,1
Sony Electronics in excellent condition,Minimal wear. Verified authenticity by trusted reseller.,Sony,Electronics,311.45,USD,895,3.96,905,499,JP,12,0
Original Bose Audio with full packaging,Minimal wear. Verified authenticity by trusted reseller.,Bose,Audio,283.5,USD,1049,4.87,307,181,TR,28,0
Original Sony Handbags with full packaging,Serial number available. Fast shipping and returns accepted.,Sony,Handbags,841.5,USD,120,3.31,92,43,DE,14,1
Nike Sneakers copy version,"Factory source stock, no box but same quality as original.",Nike,Sneakers,69.2,USD,121,2.82,4,0,US,15,1
Original Apple Watches with full packaging,Purchased from official store. Invoice and original box included.,Apple,Watches,706.22,USD,458,3.87,0,272,US,23,0
Original Bose Cameras with full packaging,Purchased from official store. Invoice and original box included.,Bose,Cameras,772.1,USD,210,2.73,154,0,AE,8,1
Adidas Watches in excellent condition,Serial number available. Fast shipping and returns accepted.,Adidas,Watches,84.88,USD,880,4.15,294,421,JP,4,0
Verified Bose Watches listing,Minimal wear. Verified authenticity by trusted reseller.,Bose,Watches,202.42,USD,205,3.98,310,457,JP,20,0
Bose Audio in excellent condition,Minimal wear. Verified authenticity by trusted reseller.,Bose,Audio,316.86,USD,751,4.43,584,260,GB,11,0
Canon Watches without receipt,"Factory source stock, no box but same quality as original.",Canon,Watches,824.0,USD,860,4.44,660,0,JP,20,0
Luxury Louis Vuitton replica item,No receipt available. Perfect copy and hard to tell.,Louis Vuitton,Electronics,449.17,USD,153,2.84,37,32,IN,0,1
Original Apple Handbags with full packaging,Serial number available. Fast shipping and returns accepted.,Apple,Handbags,779.33,USD,859,3.48,605,247,JP,12,0
Verified Nike Audio listing,Purchased from official store. Invoice and original box included.,Nike,Audio,99.63,USD,860,4.15,1063,297,GB,11,0
Verified Nike Cameras listing,Purchased from official store. Invoice and original box included.,Nike,Cameras,130.95,USD,805,4.27,1020,310,GB,31,0
Rolex Handbags premium authentic style deal,"DM for wholesale and better price, limited details.",Rolex,Handbags,5797.15,USD,168,2.22,40,33,US,0,1
Original Samsung Sneakers with full packaging,Serial number available. Fast shipping and returns accepted.,Samsung,Sneakers,907.36,USD,945,3.99,86,291,AE,30,0
Original Apple Cameras with full packaging,Minimal wear. Verified authenticity by trusted reseller.,Apple,Cameras,833.29,USD,359,3.93,0,363,CN,28,0
Bose Audio in excellent condition,Serial number available. Fast shipping and returns accepted.,Bose,Audio,138.24,USD,538,4.31,525,339,IN,24,0
Gucci Audio in excellent condition,Purchased from official store. Invoice and original box included.,Gucci,Audio,1340.74,USD,420,4.65,671,210,JP,47,0
Original Canon Sneakers with full packaging,Purchased from official store. Invoice and original box included.,Canon,Sneakers,1040.08,USD,1100,4.57,655,315,CN,35,0
Luxury Canon authentic style item,No receipt available. Perfect copy and hard to tell.,Canon,Handbags,243.46,USD,112,3.68,58,0,DE,3,1
Samsung Audio in excellent condition,Purchased from official store. Invoice and original box included.,Samsung,Audio,1002.17,USD,359,4.21,720,316,US,20,0
Samsung Audio 1:1,"DM for wholesale and better price, limited details.",Samsung,Audio,549.21,USD,249,2.7,114,88,TR,6,1
Luxury Rolex 1:1 item,"DM for wholesale and better price, limited details.",Rolex,Cameras,30719.14,USD,101,2.58,146,45,GB,2,1
Original Apple Audio with full packaging,Purchased from official store. Invoice and original box included.,Apple,Audio,2657.82,USD,0,2.49,94,0,JP,1,1
Luxury Gucci inspired item,"DM for wholesale and better price, limited details.",Gucci,Watches,978.96,USD,143,4.51,223,40,US,12,1
Original Samsung Cameras with full packaging,Purchased from official store. Invoice and original box included.,Samsung,Cameras,268.14,USD,133,1.92,127,0,IN,1,1
Original Louis Vuitton Watches with full packaging,Minimal wear. Verified authenticity by trusted reseller.,Louis Vuitton,Watches,1325.81,USD,490,4.72,1,0,IN,14,0
Verified Canon Electronics listing,Purchased from official store. Invoice and original box included.,Canon,Electronics,1209.11,USD,529,4.32,1706,630,JP,33,0
Original Canon Sneakers with full packaging,Purchased from official store. Invoice and original box included.,Canon,Sneakers,766.49,USD,438,4.49,535,148,JP,46,0
Verified Samsung Handbags listing,Minimal wear. Verified authenticity by trusted reseller.,Samsung,Handbags,858.63,USD,609,4.0,0,368,AE,33,0
Luxury Louis Vuitton copy version item,"Factory source stock, no box but same quality as original.",Louis Vuitton,Sneakers,726.28,USD,110,4.12,291,6,TR,6,1
Original Rolex Electronics with full packaging,Minimal wear. Verified authenticity by trusted reseller.,Rolex,Electronics,7366.98,USD,493,4.5,0,765,JP,17,0
Original Rolex Sneakers with full packaging,Purchased from official store. Invoice and original box included.,Rolex,Sneakers,14192.01,USD,0,3.94,0,0,JP,5,1
Verified Apple Electronics listing,Serial number available. Fast shipping and returns accepted.,Apple,Electronics,598.34,USD,728,4.64,730,104,US,6,0
Apple Watches in excellent condition,Purchased from official store. Invoice and original box included.,Apple,Watches,684.36,USD,539,5.0,649,205,TR,19,0
Verified Adidas Audio listing,Purchased from official store. Invoice and original box included.,Adidas,Audio,26.0,USD,148,3.21,95,66,US,0,1
Louis Vuitton Sneakers looks original,"DM for wholesale and better price, limited details.",Louis Vuitton,Sneakers,615.52,USD,102,3.11,87,20,CN,6,1
Apple Audio in excellent condition,Minimal wear. Verified authenticity by trusted reseller.,Apple,Audio,864.98,USD,382,4.4,611,349,CN,48,0
Gucci Sneakers premium wholesale lot deal,"DM for wholesale and better price, limited details.",Gucci,Sneakers,534.24,USD,5,1.83,44,25,IN,11,1
Luxury Rolex authentic style item,"DM for wholesale and better price, limited details.",Rolex,Watches,23657.33,USD,9,2.85,171,0,IN,3,1
Original Apple Watches with full packaging,Purchased from official store. Invoice and original box included.,Apple,Watches,1280.57,USD,751,4.71,389,225,CN,17,0
Original Sony Handbags with full packaging,Serial number available. Fast shipping and returns accepted.,Sony,Handbags,355.88,USD,209,4.31,757,136,DE,23,0
Nike Sneakers replica,No receipt available. Perfect copy and hard to tell.,Nike,Sneakers,65.0,USD,2,3.48,0,16,CN,11,1
Original Gucci Sneakers with full packaging,Purchased from official store. Invoice and original box included.,Gucci,Sneakers,1525.19,USD,697,5.0,121,180,JP,8,0
Verified Nike Watches listing,Serial number available. Fast shipping and returns accepted.,Nike,Watches,105.38,USD,664,4.06,265,46,CN,42,0
Louis Vuitton Sneakers dm for more,"DM for wholesale and better price, limited details.",Louis Vuitton,Sneakers,913.77,USD,12,2.92,297,28,DE,3,1
Verified Rolex Audio listing,Serial number available. Fast shipping and returns accepted.,Rolex,Audio,7280.68,USD,81,3.71,128,0,DE,0,1
Nike Electronics in excellent condition,Minimal wear. Verified authenticity by trusted reseller.,Nike,Electronics,132.37,USD,528,4.93,417,0,IN,12,0
Luxury Canon copy version item,"Factory source stock, no box but same quality as original.",Canon,Electronics,384.42,USD,175,3.32,45,41,AE,4,1
Verified Nike Watches listing,Purchased from official store. Invoice and original box included.,Nike,Watches,44.26,USD,414,4.91,595,254,DE,31,0
Verified Rolex Audio listing,Purchased from official store. Invoice and original box included.,Rolex,Audio,6434.33,USD,87,3.58,173,0,IN,1,1
Louis Vuitton Sneakers in excellent condition,Purchased from official store. Invoice and original box included.,Louis Vuitton,Sneakers,2373.17,USD,648,4.68,0,389,CN,15,0
Original Samsung Sneakers with full packaging,Minimal wear. Verified authenticity by trusted reseller.,Samsung,Sneakers,494.68,USD,545,3.87,1096,58,TR,22,0
Original Canon Sneakers with full packaging,Minimal wear. Verified authenticity by trusted reseller.,Canon,Sneakers,1036.57,USD,693,4.56,751,233,JP,31,0
Adidas Sneakers looks original,"Factory source stock, no box but same quality as original.",Adidas,Sneakers,68.7,USD,121,2.63,204,65,TR,0,1
Luxury Adidas no box item,"DM for wholesale and better price, limited details.",Adidas,Cameras,37.28,USD,0,2.58,0,44,GB,16,1
Samsung Electronics premium inspired deal,"DM for wholesale and better price, limited details.",Samsung,Electronics,278.26,USD,0,2.8,89,0,JP,10,1
Original Bose Sneakers with full packaging,Purchased from official store. Invoice and original box included.,Bose,Sneakers,353.65,USD,135,4.07,121,1,TR,23,0
Verified Louis Vuitton Sneakers listing,Purchased from official store. Invoice and original box included.,Louis Vuitton,Sneakers,1330.58,USD,634,4.57,685,420,JP,28,0
Verified Bose Watches listing,Serial number available. Fast shipping and returns accepted.,Bose,Watches,264.79,USD,1320,3.97,591,464,CN,32,0
Apple Electronics premium looks original deal,"Factory source stock, no box but same quality as original.",Apple,Electronics,501.59,USD,62,4.15,63,21,US,6,1
Louis Vuitton Sneakers in excellent condition,Serial number available. Fast shipping and returns accepted.,Louis Vuitton,Sneakers,1341.39,USD,564,4.53,329,315,JP,21,0
Sony Audio in excellent condition,Minimal wear. Verified authenticity by trusted reseller.,Sony,Audio,340.77,USD,677,4.55,682,0,AE,0,0
Original Samsung Cameras with full packaging,Purchased from official store. Invoice and original box included.,Samsung,Cameras,711.34,USD,558,4.21,350,289,AE,4,0
Verified Adidas Handbags listing,Minimal wear. Verified authenticity by trusted reseller.,Adidas,Handbags,87.76,USD,829,4.21,448,147,TR,21,0
Verified Sony Electronics listing,Minimal wear. Verified authenticity by trusted reseller.,Sony,Electronics,589.74,USD,336,2.27,83,101,DE,13,1
Louis Vuitton Sneakers in excellent condition,Serial number available. Fast shipping and returns accepted.,Louis Vuitton,Sneakers,2425.39,USD,722,4.58,1259,421,DE,35,0
Verified Apple Handbags listing,Serial number available. Fast shipping and returns accepted.,Apple,Handbags,1836.85,USD,0,3.27,0,40,IN,0,1
Original Nike Sneakers with full packaging,Purchased from official store. Invoice and original box included.,Nike,Sneakers,52.19,USD,43,3.99,135,37,IN,6,1
Samsung Cameras in excellent condition,Serial number available. Fast shipping and returns accepted.,Samsung,Cameras,422.72,USD,257,5.0,575,113,GB,20,0
Original Apple Cameras with full packaging,Serial number available. Fast shipping and returns accepted.,Apple,Cameras,412.97,USD,677,4.17,0,167,GB,26,0
Original Canon Electronics with full packaging,Purchased from official store. Invoice and original box included.,Canon,Electronics,602.5,USD,746,5.0,354,409,CN,20,0
Verified Adidas Electronics listing,Minimal wear. Verified authenticity by trusted reseller.,Adidas,Electronics,89.36,USD,874,4.83,424,245,TR,19,0
Sony Sneakers in excellent condition,Minimal wear. Verified authenticity by trusted reseller.,Sony,Sneakers,212.77,USD,1,3.21,50,0,IN,5,1
Original Sony Sneakers with full packaging,Serial number available. Fast shipping and returns accepted.,Sony,Sneakers,190.5,USD,17,3.59,0,0,US,14,1
Adidas Cameras in excellent condition,Serial number available. Fast shipping and returns accepted.,Adidas,Cameras,15.46,USD,195,2.42,0,52,JP,6,1
Verified Louis Vuitton Handbags listing,Minimal wear. Verified authenticity by trusted reseller.,Louis Vuitton,Handbags,2668.94,USD,401,3.95,458,460,IN,8,0
Adidas Audio in excellent condition,Purchased from official store. Invoice and original box included.,Adidas,Audio,51.12,USD,521,3.91,963,559,US,28,0
Original Adidas Watches with full packaging,Serial number available. Fast shipping and returns accepted.,Adidas,Watches,106.8,USD,71,4.23,619,0,DE,32,0
Adidas Electronics premium factory surplus deal,No receipt available. Perfect copy and hard to tell.,Adidas,Electronics,10.0,USD,185,2.76,57,0,CN,11,1
Canon Sneakers in excellent condition,Purchased from official store. Invoice and original box included.,Canon,Sneakers,552.63,USD,325,4.11,590,387,TR,13,0
Original Adidas Watches with full packaging,Serial number available. Fast shipping and returns accepted.,Adidas,Watches,43.05,USD,0,3.39,28,56,TR,7,1
Samsung Sneakers in excellent condition,Serial number available. Fast shipping and returns accepted.,Samsung,Sneakers,703.32,USD,388,3.91,938,427,AE,9,0
Bose Sneakers in excellent condition,Serial number available. Fast shipping and returns accepted.,Bose,Sneakers,739.58,USD,39,3.49,165,82,JP,3,1
Original Sony Handbags with full packaging,Serial number available. Fast shipping and returns accepted.,Sony,Handbags,507.37,USD,309,5.0,231,323,IN,13,0
Original Adidas Sneakers with full packaging,Purchased from official store. Invoice and original box included.,Adidas,Sneakers,219.37,USD,84,2.96,249,40,TR,4,1
Louis Vuitton Handbags in excellent condition,Purchased from official store. Invoice and original box included.,Louis Vuitton,Handbags,605.2,USD,119,2.76,11,40,GB,0,1
Nike Handbags in excellent condition,Purchased from official store. Invoice and original box included.,Nike,Handbags,114.19,USD,245,3.94,470,293,US,24,0
Louis Vuitton Sneakers in excellent condition,Purchased from official store. Invoice and original box included.,Louis Vuitton,Sneakers,4568.01,USD,21,4.13,0,2,TR,0,1
Original Bose Watches with full packaging,Purchased from official store. Invoice and original box included.,Bose,Watches,109.64,USD,11,3.27,127,53,DE,8,1
Luxury Nike factory surplus item,"Factory source stock, no box but same quality as original.",Nike,Cameras,10.0,USD,80,2.42,0,14,IN,13,1
Verified Rolex Cameras listing,Serial number available. Fast shipping and returns accepted.,Rolex,Cameras,8004.89,USD,222,3.4,131,16,DE,12,1
Samsung Electronics 1:1,"DM for wholesale and better price, limited details.",Samsung,Electronics,478.92,USD,128,3.28,0,28,AE,6,1
Original Bose Audio with full packaging,Minimal wear. Verified authenticity by trusted reseller.,Bose,Audio,266.17,USD,1105,4.39,592,421,DE,40,0
Original Gucci Cameras with full packaging,Serial number available. Fast shipping and returns accepted.,Gucci,Cameras,1025.78,USD,125,3.03,73,47,JP,14,1
Verified Sony Handbags listing,Purchased from official store. Invoice and original box included.,Sony,Handbags,207.73,USD,0,4.16,824,182,AE,19,0
Verified Apple Audio listing,Minimal wear. Verified authenticity by trusted reseller.,Apple,Audio,626.46,USD,286,4.51,0,123,CN,20,0
Apple Watches in excellent condition,Serial number available. Fast shipping and returns accepted.,Apple,Watches,769.2,USD,679,4.4,303,428,AE,14,0
Verified Bose Watches listing,Purchased from official store. Invoice and original box included.,Bose,Watches,152.67,USD,814,4.22,196,199,AE,14,0
Louis Vuitton Audio in excellent condition,Serial number available. Fast shipping and returns accepted.,Louis Vuitton,Audio,1754.99,USD,398,3.79,363,162,AE,6,0
Apple Electronics in excellent condition,Minimal wear. Verified authenticity by trusted reseller.,Apple,Electronics,585.69,USD,1116,4.21,444,0,IN,16,0
Rolex Handbags premium without receipt deal,No receipt available. Perfect copy and hard to tell.,Rolex,Handbags,5566.98,USD,0,2.35,194,41,AE,5,1
Original Louis Vuitton Handbags with full packaging,Serial number available. Fast shipping and returns accepted.,Louis Vuitton,Handbags,2476.21,USD,332,4.31,0,132,IN,49,0
Original Adidas Handbags with full packaging,Serial number available. Fast shipping and returns accepted.,Adidas,Handbags,114.51,USD,551,4.8,1703,118,JP,27,0
Apple Handbags replica,No receipt available. Perfect copy and hard to tell.,Apple,Handbags,1302.52,USD,226,1.92,125,0,TR,19,1
Apple Electronics discounted luxury,"Factory source stock, no box but same quality as original.",Apple,Electronics,431.27,USD,151,2.44,151,12,CN,9,1
Original Canon Electronics with full packaging,Serial number available. Fast shipping and returns accepted.,Canon,Electronics,834.9,USD,827,5.0,1577,449,AE,17,0
Verified Rolex Electronics listing,Serial number available. Fast shipping and returns accepted.,Rolex,Electronics,9061.57,USD,680,4.71,236,188,CN,39,0
Gucci Sneakers in excellent condition,Purchased from official store. Invoice and original box included.,Gucci,Sneakers,825.17,USD,254,4.09,130,157,CN,44,0
Original Apple Electronics with full packaging,Minimal wear. Verified authenticity by trusted reseller.,Apple,Electronics,224.13,USD,146,4.46,44,38,JP,13,1
Bose Electronics premium 1:1 deal,No receipt available. Perfect copy and hard to tell.,Bose,Electronics,133.42,USD,0,1.63,90,11,JP,0,1
Louis Vuitton Cameras dm for more,"Factory source stock, no box but same quality as original.",Louis Vuitton,Cameras,530.41,USD,0,2.92,159,55,DE,2,1
Gucci Watches in excellent condition,Minimal wear. Verified authenticity by trusted reseller.,Gucci,Watches,2011.99,USD,560,4.17,375,537,IN,14,0
Adidas Watches in excellent condition,Purchased from official store. Invoice and original box included.,Adidas,Watches,74.48,USD,302,4.25,1335,10,DE,12,0
Verified Samsung Sneakers listing,Minimal wear. Verified authenticity by trusted reseller.,Samsung,Sneakers,392.56,USD,0,2.6,265,66,CN,11,1
Verified Rolex Cameras listing,Serial number available. Fast shipping and returns accepted.,Rolex,Cameras,8706.04,USD,618,5.0,756,314,CN,31,0
Louis Vuitton Electronics in excellent condition,Minimal wear. Verified authenticity by trusted reseller.,Louis Vuitton,Electronics,1502.53,USD,744,4.26,1870,171,JP,32,0
Gucci Sneakers premium copy version deal,"DM for wholesale and better price, limited details.",Gucci,Sneakers,51.44,USD,188,3.43,239,9,TR,8,1
Luxury Adidas discounted luxury item,"DM for wholesale and better price, limited details.",Adidas,Handbags,21.8,USD,53,2.66,5,22,AE,1,0
Bose Handbags in excellent condition,Purchased from official store. Invoice and original box included.,Bose,Handbags,294.15,USD,474,3.97,750,0,IN,20,0
Original Rolex Cameras with full packaging,Minimal wear. Verified authenticity by trusted reseller.,Rolex,Cameras,13704.13,USD,0,3.98,541,300,DE,29,0
Sony Cameras in excellent condition,Purchased from official store. Invoice and original box included.,Sony,Cameras,571.45,USD,634,3.71,1812,534,CN,19,0
Original Apple Watches with full packaging,Minimal wear. Verified authenticity by trusted reseller.,Apple,Watches,1070.02,USD,758,4.93,759,202,DE,25,0
Original Sony Electronics with full packaging,Minimal wear. Verified authenticity by trusted reseller.,Sony,Electronics,376.09,USD,77,4.74,367,95,US,16,0
Original Adidas Sneakers with full packaging,Minimal wear. Verified authenticity by trusted reseller.,Adidas,Sneakers,50.08,USD,26,3.09,23,19,AE,17,1
Nike Sneakers in excellent condition,Minimal wear. Verified authenticity by trusted reseller.,Nike,Sneakers,58.77,USD,201,2.62,145,53,GB,3,1
Luxury Nike factory surplus item,No receipt available. Perfect copy and hard to tell.,Nike,Sneakers,67.35,USD,64,3.11,99,6,DE,4,1
Verified Apple Electronics listing,Minimal wear. Verified authenticity by trusted reseller.,Apple,Electronics,773.78,USD,889,4.43,358,241,AE,29,0
Verified Bose Handbags listing,Purchased from official store. Invoice and original box included.,Bose,Handbags,204.03,USD,1254,4.35,861,253,IN,34,0
Gucci Electronics copy version,No receipt available. Perfect copy and hard to tell.,Gucci,Electronics,445.28,USD,107,2.52,199,0,JP,8,1
Samsung Cameras in excellent condition,Minimal wear. Verified authenticity by trusted reseller.,Samsung,Cameras,194.76,USD,11,3.46,170,36,IN,6,1
Original Rolex Cameras with full packaging,Minimal wear. Verified authenticity by trusted reseller.,Rolex,Cameras,10505.11,USD,257,4.12,137,28,JP,22,0
Bose Electronics without receipt,No receipt available. Perfect copy and hard to tell.,Bose,Electronics,114.07,USD,62,3.46,51,52,AE,3,1
Nike Sneakers in excellent condition,Serial number available. Fast shipping and returns accepted.,Nike,Sneakers,382.11,USD,146,1.41,0,0,IN,9,1
Verified Louis Vuitton Sneakers listing,Serial number available. Fast shipping and returns accepted.,Louis Vuitton,Sneakers,1988.72,USD,258,4.17,434,117,TR,13,0
Bose Cameras premium replica deal,No receipt available. Perfect copy and hard to tell.,Bose,Cameras,124.04,USD,251,2.54,83,39,IN,2,1
Nike Handbags in excellent condition,Purchased from official store. Invoice and original box included.,Nike,Handbags,161.71,USD,455,4.02,1100,264,AE,38,0
Louis Vuitton Sneakers in excellent condition,Purchased from official store. Invoice and original box included.,Louis Vuitton,Sneakers,2112.3,USD,1040,4.91,468,283,IN,11,0
Original Rolex Sneakers with full packaging,Purchased from official store. Invoice and original box included.,Rolex,Sneakers,6807.13,USD,242,4.3,806,483,IN,51,0
Bose Watches in excellent condition,Purchased from official store. Invoice and original box included.,Bose,Watches,208.41,USD,498,4.61,469,159,DE,14,0
Verified Bose Electronics listing,Serial number available. Fast shipping and returns accepted.,Bose,Electronics,16.85,USD,0,2.85,177,0,AE,9,1
Verified Apple Watches listing,Serial number available. Fast shipping and returns accepted.,Apple,Watches,901.08,USD,0,4.82,599,328,US,12,0
Canon Watches in excellent condition,Purchased from official store. Invoice and original box included.,Canon,Watches,744.62,USD,549,4.24,241,94,US,21,0
Verified Sony Watches listing,Minimal wear. Verified authenticity by trusted reseller.,Sony,Watches,472.53,USD,251,4.1,579,151,IN,2,0
Verified Nike Watches listing,Serial number available. Fast shipping and returns accepted.,Nike,Watches,126.38,USD,295,4.66,599,401,AE,30,0
Original Louis Vuitton Watches with full packaging,Minimal wear. Verified authenticity by trusted reseller.,Louis Vuitton,Watches,2500.29,USD,520,4.56,347,330,TR,29,0
Original Apple Watches with full packaging,Minimal wear. Verified authenticity by trusted reseller.,Apple,Watches,318.56,USD,220,3.97,837,575,IN,28,0
Verified Samsung Sneakers listing,Purchased from official store. Invoice and original box included.,Samsung,Sneakers,624.07,USD,395,4.05,408,361,JP,23,0
Verified Louis Vuitton Watches listing,Purchased from official store. Invoice and original box included.,Louis Vuitton,Watches,5112.63,USD,48,4.27,0,29,TR,6,1
Apple Audio premium 1:1 deal,No receipt available. Perfect copy and hard to tell.,Apple,Audio,774.4,USD,645,4.79,661,489,DE,26,0
Original Adidas Sneakers with full packaging,Minimal wear. Verified authenticity by trusted reseller.,Adidas,Sneakers,86.27,USD,346,4.12,181,262,TR,14,0
Original Sony Cameras with full packaging,Serial number available. Fast shipping and returns accepted.,Sony,Cameras,334.09,USD,601,4.19,788,432,AE,28,0
Verified Canon Handbags listing,Purchased from official store. Invoice and original box included.,Canon,Handbags,603.79,USD,461,4.34,347,114,CN,25,0
Samsung Sneakers in excellent condition,Purchased from official store. Invoice and original box included.,Samsung,Sneakers,433.16,USD,1049,4.78,461,441,TR,6,0
Gucci Audio in excellent condition,Serial number available. Fast shipping and returns accepted.,Gucci,Audio,1525.55,USD,1019,4.15,860,607,DE,36,0
Canon Electronics inspired,"Factory source stock, no box but same quality as original.",Canon,Electronics,790.96,USD,1024,4.16,748,0,DE,0,0
Verified Apple Handbags listing,Serial number available. Fast shipping and returns accepted.,Apple,Handbags,837.34,USD,415,4.63,447,0,AE,19,0
Apple Cameras dm for more,No receipt available. Perfect copy and hard to tell.,Apple,Cameras,452.61,USD,116,3.51,171,34,IN,3,1
Verified Gucci Handbags listing,Purchased from official store. Invoice and original box included.,Gucci,Handbags,1327.12,USD,477,4.47,40,434,CN,32,0
Original Nike Electronics with full packaging,Serial number available. Fast shipping and returns accepted.,Nike,Electronics,134.61,USD,574,4.92,368,273,CN,11,0
Luxury Apple looks original item,"DM for wholesale and better price, limited details.",Apple,Electronics,363.91,USD,81,3.08,111,35,TR,0,1
Luxury Bose inspired item,"Factory source stock, no box but same quality as original.",Bose,Audio,128.73,USD,88,2.66,274,0,IN,0,1
Adidas Audio in excellent condition,Serial number available. Fast shipping and returns accepted.,Adidas,Audio,107.71,USD,832,4.67,723,344,TR,2,0
Sony Cameras in excellent condition,Minimal wear. Verified authenticity by trusted reseller.,Sony,Cameras,342.44,USD,317,4.27,905,106,IN,7,0
Verified Bose Watches listing,Minimal wear. Verified authenticity by trusted reseller.,Bose,Watches,121.1,USD,0,4.03,0,678,AE,12,0
Rolex Electronics copy version,"Factory source stock, no box but same quality as original.",Rolex,Electronics,5299.76,USD,69,4.87,95,5,JP,20,1
Verified Nike Electronics listing,Minimal wear. Verified authenticity by trusted reseller.,Nike,Electronics,51.96,USD,0,2.11,189,1,DE,8,1
Original Adidas Watches with full packaging,Serial number available. Fast shipping and returns accepted.,Adidas,Watches,79.12,USD,625,4.3,304,138,US,14,0
Adidas Sneakers in excellent condition,Serial number available. Fast shipping and returns accepted.,Adidas,Sneakers,49.05,USD,606,4.44,385,3,AE,26,0
Verified Nike Audio listing,Purchased from official store. Invoice and original box included.,Nike,Audio,50.74,USD,0,3.15,26,16,TR,13,1
Bose Watches in excellent condition,Minimal wear. Verified authenticity by trusted reseller.,Bose,Watches,283.89,USD,0,4.01,981,0,DE,25,0
Sony Watches in excellent condition,Purchased from official store. Invoice and original box included.,Sony,Watches,456.87,USD,618,3.86,784,626,AE,19,0
Gucci Electronics in excellent condition,Purchased from official store. Invoice and original box included.,Gucci,Electronics,1515.78,USD,602,4.76,342,211,US,17,0
Luxury Canon looks original item,"Factory source stock, no box but same quality as original.",Canon,Handbags,519.43,USD,111,2.24,90,20,GB,23,1
Samsung Watches in excellent condition,Serial number available. Fast shipping and returns accepted.,Samsung,Watches,349.24,USD,40,3.6,309,0,TR,10,1
Verified Gucci Sneakers listing,Purchased from official store. Invoice and original box included.,Gucci,Sneakers,1245.05,USD,931,4.15,1033,0,AE,25,0
Luxury Sony wholesale lot item,No receipt available. Perfect copy and hard to tell.,Sony,Audio,144.32,USD,72,3.77,58,19,JP,12,1
Verified Apple Watches listing,Serial number available. Fast shipping and returns accepted.,Apple,Watches,977.31,USD,520,4.66,403,715,AE,35,0
Rolex Watches premium looks original deal,"DM for wholesale and better price, limited details.",Rolex,Watches,6564.7,USD,23,3.55,37,43,CN,18,1
Bose Cameras premium copy version deal,No receipt available. Perfect copy and hard to tell.,Bose,Cameras,128.72,USD,177,2.26,132,52,IN,10,1
Original Apple Electronics with full packaging,Serial number available. Fast shipping and returns accepted.,Apple,Electronics,1214.27,USD,582,4.24,112,39,GB,24,0
Adidas Watches in excellent condition,Serial number available. Fast shipping and returns accepted.,Adidas,Watches,52.58,USD,232,3.45,110,27,GB,16,1
Verified Sony Handbags listing,Serial number available. Fast shipping and returns accepted.,Sony,Handbags,448.27,USD,721,4.43,697,378,GB,20,0
Gucci Watches premium dm for more deal,No receipt available. Perfect copy and hard to tell.,Gucci,Watches,1642.18,USD,298,3.96,312,235,GB,41,0
Original Samsung Electronics with full packaging,Purchased from official store. Invoice and original box included.,Samsung,Electronics,2165.79,USD,40,2.91,185,33,AE,3,1
Adidas Handbags looks original,"DM for wholesale and better price, limited details.",Adidas,Handbags,253.05,USD,193,3.57,0,0,DE,9,1
Adidas Audio in excellent condition,Serial number available. Fast shipping and returns accepted.,Adidas,Audio,56.23,USD,658,3.51,1056,189,DE,30,0
Sony Audio in excellent condition,Serial number available. Fast shipping and returns accepted.,Sony,Audio,490.24,USD,341,4.5,799,0,GB,33,0
Original Bose Audio with full packaging,Purchased from official store. Invoice and original box included.,Bose,Audio,763.87,USD,30,3.79,132,13,CN,19,1
Bose Watches in excellent condition,Purchased from official store. Invoice and original box included.,Bose,Watches,248.72,USD,438,4.17,890,331,JP,44,0
Bose Audio in excellent condition,Serial number available. Fast shipping and returns accepted.,Bose,Audio,97.42,USD,1172,4.39,1193,0,US,23,0
Apple Electronics dm for more,"DM for wholesale and better price, limited details.",Apple,Electronics,385.14,USD,0,3.42,0,0,US,7,1
Original Adidas Cameras with full packaging,Serial number available. Fast shipping and returns accepted.,Adidas,Cameras,93.79,USD,726,4.2,1027,260,IN,20,0
Sony Sneakers in excellent condition,Minimal wear. Verified authenticity by trusted reseller.,Sony,Sneakers,473.88,USD,673,4.36,878,150,IN,22,0
Original Gucci Electronics with full packaging,Minimal wear. Verified authenticity by trusted reseller.,Gucci,Electronics,1677.06,USD,774,4.62,945,374,JP,12,0
Verified Bose Sneakers listing,Serial number available. Fast shipping and returns accepted.,Bose,Sneakers,208.67,USD,661,4.4,668,298,AE,15,0
Verified Sony Cameras listing,Serial number available. Fast shipping and returns accepted.,Sony,Cameras,207.68,USD,26,3.33,0,6,TR,9,1
Samsung Electronics premium replica deal,"Factory source stock, no box but same quality as original.",Samsung,Electronics,202.01,USD,0,2.92,21,1,IN,4,1
Gucci Sneakers in excellent condition,Minimal wear. Verified authenticity by trusted reseller.,Gucci,Sneakers,130.43,USD,251,3.74,98,1,AE,8,1
Original Louis Vuitton Audio with full packaging,Purchased from official store. Invoice and original box included.,Louis Vuitton,Audio,2665.05,USD,825,4.34,382,273,GB,38,0
Verified Sony Handbags listing,Minimal wear. Verified authenticity by trusted reseller.,Sony,Handbags,1133.64,USD,0,4.32,144,0,IN,11,1
Original Canon Watches with full packaging,Purchased from official store. Invoice and original box included.,Canon,Watches,913.86,USD,206,4.87,287,47,IN,11,0
Samsung Handbags in excellent condition,Purchased from official store. Invoice and original box included.,Samsung,Handbags,896.18,USD,852,4.58,549,396,TR,3,1
Verified Nike Cameras listing,Purchased from official store. Invoice and original box included.,Nike,Cameras,132.56,USD,420,4.42,211,77,TR,36,0
Verified Bose Watches listing,Purchased from official store. Invoice and original box included.,Bose,Watches,201.57,USD,441,3.81,1218,309,TR,20,0
Original Adidas Sneakers with full packaging,Purchased from official store. Invoice and original box included.,Adidas,Sneakers,182.04,USD,0,2.28,187,53,CN,0,1
Gucci Electronics in excellent condition,Purchased from official store. Invoice and original box included.,Gucci,Electronics,1403.28,USD,535,3.93,696,2,GB,22,0
Verified Adidas Watches listing,Minimal wear. Verified authenticity by trusted reseller.,Adidas,Watches,86.75,USD,972,4.13,1025,0,JP,22,0
Bose Watches in excellent condition,Purchased from official store. Invoice and original box included.,Bose,Watches,195.55,USD,1184,4.81,1043,215,CN,41,0
Verified Apple Electronics listing,Serial number available. Fast shipping and returns accepted.,Apple,Electronics,732.24,USD,178,3.15,126,57,AE,11,1
Verified Canon Electronics listing,Serial number available. Fast shipping and returns accepted.,Canon,Electronics,1207.5,USD,752,4.07,0,64,AE,41,0
Louis Vuitton Audio in excellent condition,Serial number available. Fast shipping and returns accepted.,Louis Vuitton,Audio,910.42,USD,0,3.02,0,41,JP,13,1
Original Gucci Audio with full packaging,Minimal wear. Verified authenticity by trusted reseller.,Gucci,Audio,1308.24,USD,697,4.58,762,88,JP,14,0
Samsung Sneakers copy version,"DM for wholesale and better price, limited details.",Samsung,Sneakers,395.24,USD,43,3.4,46,0,IN,1,1
Original Nike Cameras with full packaging,Serial number available. Fast shipping and returns accepted.,Nike,Cameras,159.32,USD,216,4.51,794,30,TR,18,0
Luxury Rolex looks original item,"DM for wholesale and better price, limited details.",Rolex,Cameras,4542.03,USD,162,3.2,82,25,AE,0,1
Original Canon Electronics with full packaging,Minimal wear. Verified authenticity by trusted reseller.,Canon,Electronics,722.21,USD,795,4.47,642,179,DE,34,0
Samsung Cameras in excellent condition,Minimal wear. Verified authenticity by trusted reseller.,Samsung,Cameras,611.47,USD,221,3.98,807,443,GB,34,0
Gucci Watches premium replica deal,"DM for wholesale and better price, limited details.",Gucci,Watches,659.86,USD,215,3.5,0,16,IN,0,1
Original Gucci Cameras with full packaging,Minimal wear. Verified authenticity by trusted reseller.,Gucci,Cameras,1825.41,USD,359,4.8,1499,207,CN,14,0
Original Louis Vuitton Electronics with full packaging,Minimal wear. Verified authenticity by trusted reseller.,Louis Vuitton,Electronics,1643.11,USD,214,4.15,178,543,IN,17,0
Verified Rolex Electronics listing,Purchased from official store. Invoice and original box included.,Rolex,Electronics,7544.32,USD,236,3.03,322,13,GB,0,1
Verified Apple Watches listing,Purchased from official store. Invoice and original box included.,Apple,Watches,770.3,USD,759,4.97,0,0,AE,28,0
Original Louis Vuitton Sneakers with full packaging,Purchased from official store. Invoice and original box included.,Louis Vuitton,Sneakers,576.18,USD,121,2.45,0,18,GB,7,1
Luxury Louis Vuitton inspired item,No receipt available. Perfect copy and hard to tell.,Louis Vuitton,Sneakers,1206.92,USD,117,3.77,98,51,US,9,1
Adidas Handbags in excellent condition,Serial number available. Fast shipping and returns accepted.,Adidas,Handbags,89.19,USD,965,3.82,1321,150,CN,28,0
Gucci Cameras in excellent condition,Serial number available. Fast shipping and returns accepted.,Gucci,Cameras,1284.62,USD,914,4.09,1044,172,AE,7,0
Gucci Electronics in excellent condition,Minimal wear. Verified authenticity by trusted reseller.,Gucci,Electronics,1398.66,USD,795,3.97,450,213,JP,15,0
Samsung Sneakers looks original,"DM for wholesale and better price, limited details.",Samsung,Sneakers,97.09,USD,62,2.86,6,72,DE,17,1
Verified Gucci Watches listing,Purchased from official store. Invoice and original box included.,Gucci,Watches,1160.11,USD,960,4.72,221,458,CN,22,0
Original Apple Watches with full packaging,Serial number available. Fast shipping and returns accepted.,Apple,Watches,460.37,USD,789,4.45,265,0,CN,41,0
Nike Cameras authentic style,"Factory source stock, no box but same quality as original.",Nike,Cameras,66.08,USD,232,2.44,65,0,CN,0,1
Rolex Handbags premium copy version deal,No receipt available. Perfect copy and hard to tell.,Rolex,Handbags,8431.23,USD,54,3.15,69,22,JP,8,1
Verified Rolex Watches listing,Minimal wear. Verified authenticity by trusted reseller.,Rolex,Watches,4304.26,USD,62,3.18,0,15,IN,7,1
Apple Watches premium authentic style deal,No receipt available. Perfect copy and hard to tell.,Apple,Watches,366.34,USD,69,3.99,278,0,GB,3,1
Apple Audio in excellent condition,Minimal wear. Verified authenticity by trusted reseller.,Apple,Audio,530.9,USD,85,3.29,6,23,DE,6,1
Rolex Cameras in excellent condition,Purchased from official store. Invoice and original box included.,Rolex,Cameras,6843.36,USD,290,3.66,107,17,IN,9,1
Sony Cameras premium no box deal,"Factory source stock, no box but same quality as original.",Sony,Cameras,162.82,USD,0,3.18,0,11,AE,0,1
Adidas Electronics in excellent condition,Serial number available. Fast shipping and returns accepted.,Adidas,Electronics,87.66,USD,334,4.47,781,241,AE,28,0
Verified Sony Watches listing,Purchased from official store. Invoice and original box included.,Sony,Watches,454.08,USD,269,4.05,607,304,CN,27,0
Original Sony Sneakers with full packaging,Purchased from official store. Invoice and original box included.,Sony,Sneakers,236.62,USD,53,3.38,124,12,AE,13,1
Luxury Rolex without receipt item,"DM for wholesale and better price, limited details.",Rolex,Audio,7494.96,USD,56,4.28,103,27,DE,9,1
Bose Handbags factory surplus,No receipt available. Perfect copy and hard to tell.,Bose,Handbags,47.36,USD,122,1.45,46,17,GB,11,1
Original Samsung Sneakers with full packaging,Purchased from official store. Invoice and original box included.,Samsung,Sneakers,809.45,USD,312,4.27,1094,139,JP,8,0
Luxury Bose copy version item,"DM for wholesale and better price, limited details.",Bose,Sneakers,82.45,USD,121,3.17,5,50,AE,2,1
Original Canon Watches with full packaging,Purchased from official store. Invoice and original box included.,Canon,Watches,585.11,USD,0,4.44,186,236,JP,13,0
Bose Sneakers factory surplus,No receipt available. Perfect copy and hard to tell.,Bose,Sneakers,82.38,USD,218,3.24,106,0,IN,1,1
Original Nike Cameras with full packaging,Serial number available. Fast shipping and returns accepted.,Nike,Cameras,99.66,USD,670,4.4,1140,42,JP,21,0
Bose Cameras premium inspired deal,"DM for wholesale and better price, limited details.",Bose,Cameras,91.22,USD,147,2.7,0,24,GB,19,1
Adidas Watches in excellent condition,Serial number available. Fast shipping and returns accepted.,Adidas,Watches,117.72,USD,407,3.83,748,396,DE,27,0
Verified Louis Vuitton Sneakers listing,Minimal wear. Verified authenticity by trusted reseller.,Louis Vuitton,Sneakers,1783.85,USD,0,4.3,375,484,AE,6,0
Original Bose Sneakers with full packaging,Serial number available. Fast shipping and returns accepted.,Bose,Sneakers,259.03,USD,1109,4.5,631,6,JP,18,0
Original Gucci Handbags with full packaging,Serial number available. Fast shipping and returns accepted.,Gucci,Handbags,1503.39,USD,1261,4.17,581,235,JP,6,0
Original Louis Vuitton Cameras with full packaging,Minimal wear. Verified authenticity by trusted reseller.,Louis Vuitton,Cameras,2218.04,USD,1166,3.94,791,533,GB,23,0
Verified Adidas Watches listing,Purchased from official store. Invoice and original box included.,Adidas,Watches,96.9,USD,951,4.29,1033,110,US,9,0
Sony Cameras premium factory surplus deal,"DM for wholesale and better price, limited details.",Sony,Cameras,137.45,USD,22,3.06,0,49,JP,8,1
Verified Samsung Watches listing,Minimal wear. Verified authenticity by trusted reseller.,Samsung,Watches,373.25,USD,116,4.77,479,324,IN,27,0
Canon Handbags in excellent condition,Minimal wear. Verified authenticity by trusted reseller.,Canon,Handbags,988.82,USD,1113,4.83,1032,292,JP,30,0
Rolex Audio in excellent condition,Purchased from official store. Invoice and original box included.,Rolex,Audio,6977.84,USD,913,3.79,448,278,US,20,0
Bose Sneakers in excellent condition,Minimal wear. Verified authenticity by trusted reseller.,Bose,Sneakers,225.15,USD,536,3.61,64,223,DE,27,0
Original Samsung Audio with full packaging,Serial number available. Fast shipping and returns accepted.,Samsung,Audio,718.54,USD,696,4.3,631,196,AE,23,0
Adidas Electronics in excellent condition,Serial number available. Fast shipping and returns accepted.,Adidas,Electronics,111.18,USD,896,4.4,543,159,DE,21,0
Canon Cameras in excellent condition,Purchased from official store. Invoice and original box included.,Canon,Cameras,244.25,USD,89,3.27,70,0,CN,19,1
Adidas Electronics in excellent condition,Minimal wear. Verified authenticity by trusted reseller.,Adidas,Electronics,102.46,USD,769,4.96,707,0,CN,24,0
Verified Gucci Handbags listing,Serial number available. Fast shipping and returns accepted.,Gucci,Handbags,808.4,USD,622,5.0,1037,317,CN,37,0
Verified Nike Handbags listing,Purchased from official store. Invoice and original box included.,Nike,Handbags,131.05,USD,442,3.66,1557,162,AE,26,0
Original Nike Electronics with full packaging,Purchased from official store. Invoice and original box included.,Nike,Electronics,180.77,USD,1093,3.91,1334,121,AE,29,0
Luxury Nike discounted luxury item,"Factory source stock, no box but same quality as original.",Nike,Cameras,40.48,USD,0,2.88,358,25,AE,0,1
Original Bose Handbags with full packaging,Purchased from official store. Invoice and original box included.,Bose,Handbags,281.57,USD,889,4.61,828,713,US,9,0
Original Rolex Cameras with full packaging,Purchased from official store. Invoice and original box included.,Rolex,Cameras,10507.01,USD,736,4.38,760,304,DE,38,0
Original Bose Electronics with full packaging,Minimal wear. Verified authenticity by trusted reseller.,Bose,Electronics,174.98,USD,609,5.0,1078,36,DE,19,0
Nike Sneakers in excellent condition,Serial number available. Fast shipping and returns accepted.,Nike,Sneakers,157.61,USD,34,4.04,715,243,GB,2,0
Verified Adidas Handbags listing,Serial number available. Fast shipping and returns accepted.,Adidas,Handbags,71.45,USD,88,4.37,1286,222,JP,25,0
Sony Cameras premium no box deal,"Factory source stock, no box but same quality as original.",Sony,Cameras,198.02,USD,0,4.55,162,25,US,0,1
Adidas Sneakers premium factory surplus deal,No receipt available. Perfect copy and hard to tell.,Adidas,Sneakers,58.18,USD,85,3.12,0,0,US,20,1
Louis Vuitton Audio copy version,No receipt available. Perfect copy and hard to tell.,Louis Vuitton,Audio,709.06,USD,47,2.64,115,59,IN,0,1
Louis Vuitton Watches in excellent condition,Purchased from official store. Invoice and original box included.,Louis Vuitton,Watches,1806.52,USD,551,4.65,0,329,JP,28,0
Verified Samsung Cameras listing,Purchased from official store. Invoice and original box included.,Samsung,Cameras,1142.98,USD,560,4.41,319,433,DE,24,0
Louis Vuitton Audio in excellent condition,Minimal wear. Verified authenticity by trusted reseller.,Louis Vuitton,Audio,2083.17,USD,1219,4.2,229,262,CN,20,0
Bose Electronics in excellent condition,Serial number available. Fast shipping and returns accepted.,Bose,Electronics,133.71,USD,1251,5.0,630,400,TR,21,0
Verified Bose Handbags listing,Serial number available. Fast shipping and returns accepted.,Bose,Handbags,115.87,USD,216,3.27,257,13,JP,3,1
Luxury Adidas wholesale lot item,No receipt available. Perfect copy and hard to tell.,Adidas,Electronics,46.68,USD,95,2.94,333,6,US,10,1
Original Sony Audio with full packaging,Serial number available. Fast shipping and returns accepted.,Sony,Audio,299.04,USD,770,3.99,0,145,TR,24,0
Gucci Audio in excellent condition,Serial number available. Fast shipping and returns accepted.,Gucci,Audio,1051.33,USD,836,4.53,405,84,US,28,0
Bose Cameras premium no box deal,"DM for wholesale and better price, limited details.",Bose,Cameras,86.77,USD,273,3.01,41,37,DE,9,1
Original Samsung Cameras with full packaging,Minimal wear. Verified authenticity by trusted reseller.,Samsung,Cameras,106.75,USD,0,3.21,12,7,DE,4,1
Samsung Cameras premium factory surplus deal,No receipt available. Perfect copy and hard to tell.,Samsung,Cameras,1445.04,USD,46,2.6,33,54,TR,13,1
Gucci Audio in excellent condition,Serial number available. Fast shipping and returns accepted.,Gucci,Audio,804.72,USD,371,5.0,0,564,IN,25,0
Verified Louis Vuitton Electronics listing,Serial number available. Fast shipping and returns accepted.,Louis Vuitton,Electronics,2817.1,USD,1194,4.24,309,0,DE,37,0
Sony Sneakers premium wholesale lot deal,No receipt available. Perfect copy and hard to tell.,Sony,Sneakers,308.05,USD,0,3.26,99,9,JP,2,1
Rolex Handbags premium authentic style deal,"Factory source stock, no box but same quality as original.",Rolex,Handbags,11900.02,USD,723,4.45,463,382,GB,28,0
Verified Apple Handbags listing,Minimal wear. Verified authenticity by trusted reseller.,Apple,Handbags,620.5,USD,135,4.68,456,497,TR,28,0
Original Nike Audio with full packaging,Purchased from official store. Invoice and original box included.,Nike,Audio,152.17,USD,758,4.83,154,203,TR,19,0
Canon Cameras in excellent condition,Serial number available. Fast shipping and returns accepted.,Canon,Cameras,316.66,USD,0,2.73,0,5,CN,5,1
Luxury Bose no box item,"DM for wholesale and better price, limited details.",Bose,Handbags,22.69,USD,0,3.9,171,52,AE,11,1
Original Nike Audio with full packaging,Serial number available. Fast shipping and returns accepted.,Nike,Audio,130.46,USD,2,3.54,0,219,GB,10,0
Verified Rolex Cameras listing,Minimal wear. Verified authenticity by trusted reseller.,Rolex,Cameras,6264.85,USD,762,5.0,236,285,JP,54,0
Rolex Sneakers looks original,No receipt available. Perfect copy and hard to tell.,Rolex,Sneakers,16977.84,USD,222,2.72,0,59,TR,2,1
Bose Cameras premium authentic style deal,"DM for wholesale and better price, limited details.",Bose,Cameras,68.59,USD,52,2.77,33,19,GB,16,1
Original Louis Vuitton Cameras with full packaging,Minimal wear. Verified authenticity by trusted reseller.,Louis Vuitton,Cameras,2178.41,USD,835,3.6,947,77,JP,18,0
Verified Bose Audio listing,Purchased from official store. Invoice and original box included.,Bose,Audio,244.46,USD,958,4.47,871,150,DE,35,0
Verified Apple Sneakers listing,Serial number available. Fast shipping and returns accepted.,Apple,Sneakers,396.19,USD,7,2.99,63,3,DE,17,1
Verified Apple Sneakers listing,Purchased from official store. Invoice and original box included.,Apple,Sneakers,1051.3,USD,766,4.23,76,0,AE,25,0
Original Louis Vuitton Watches with full packaging,Minimal wear. Verified authenticity by trusted reseller.,Louis Vuitton,Watches,1960.04,USD,224,2.65,0,31,JP,1,1
Verified Nike Handbags listing,Purchased from official store. Invoice and original box included.,Nike,Handbags,44.85,USD,31,3.38,108,0,GB,1,1
Louis Vuitton Electronics in excellent condition,Minimal wear. Verified authenticity by trusted reseller.,Louis Vuitton,Electronics,2262.66,USD,583,4.5,728,421,TR,8,0
Verified Sony Watches listing,Serial number available. Fast shipping and returns accepted.,Sony,Watches,318.9,USD,716,4.85,1044,327,US,31,0
Original Rolex Sneakers with full packaging,Minimal wear. Verified authenticity by trusted reseller.,Rolex,Sneakers,12394.87,USD,893,4.08,519,140,AE,18,0
Gucci Audio in excellent condition,Minimal wear. Verified authenticity by trusted reseller.,Gucci,Audio,1235.79,USD,588,4.98,600,0,US,34,0
Verified Nike Cameras listing,Purchased from official store. Invoice and original box included.,Nike,Cameras,129.32,USD,49,4.79,667,410,IN,41,0
Gucci Handbags premium without receipt deal,"Factory source stock, no box but same quality as original.",Gucci,Handbags,618.63,USD,35,3.31,0,17,JP,5,1
Original Adidas Watches with full packaging,Purchased from official store. Invoice and original box included.,Adidas,Watches,105.03,USD,893,4.35,86,231,AE,30,0
Original Nike Handbags with full packaging,Serial number available. Fast shipping and returns accepted.,Nike,Handbags,91.89,USD,939,4.74,277,207,GB,30,0
Verified Nike Electronics listing,Minimal wear. Verified authenticity by trusted reseller.,Nike,Electronics,274.71,USD,163,3.13,122,8,IN,1,1
Apple Watches in excellent condition,Purchased from official store. Invoice and original box included.,Apple,Watches,568.59,USD,1259,4.03,885,588,CN,25,0
Verified Apple Sneakers listing,Minimal wear. Verified authenticity by trusted reseller.,Apple,Sneakers,391.92,USD,298,4.68,1885,355,US,13,0
Verified Canon Cameras listing,Minimal wear. Verified authenticity by trusted reseller.,Canon,Cameras,589.16,USD,43,2.63,234,56,GB,0,1
Luxury Louis Vuitton replica item,"DM for wholesale and better price, limited details.",Louis Vuitton,Watches,2235.61,USD,394,3.51,61,159,US,13,0
Apple Handbags in excellent condition,Serial number available. Fast shipping and returns accepted.,Apple,Handbags,1005.18,USD,451,4.18,1081,382,GB,31,0
Original Canon Watches with full packaging,Purchased from official store. Invoice and original box included.,Canon,Watches,647.91,USD,108,4.44,1192,627,IN,21,0
Gucci Watches in excellent condition,Purchased from official store. Invoice and original box included.,Gucci,Watches,595.07,USD,178,2.95,0,0,GB,0,1
Verified Rolex Sneakers listing,Serial number available. Fast shipping and returns accepted.,Rolex,Sneakers,11632.13,USD,0,4.45,384,309,CN,18,0
Original Louis Vuitton Audio with full packaging,Serial number available. Fast shipping and returns accepted.,Louis Vuitton,Audio,918.31,USD,37,2.37,52,7,US,9,1
Nike Cameras premium 1:1 deal,"DM for wholesale and better price, limited details.",Nike,Cameras,65.41,USD,7,3.9,0,0,GB,1,1
Luxury Nike dm for more item,"Factory source stock, no box but same quality as original.",Nike,Electronics,64.51,USD,225,2.15,208,0,DE,13,1
Original Bose Sneakers with full packaging,Purchased from official store. Invoice and original box included.,Bose,Sneakers,135.06,USD,0,3.72,0,0,TR,3,1
Adidas Watches replica,No receipt available. Perfect copy and hard to tell.,Adidas,Watches,29.91,USD,106,2.24,74,10,DE,14,1
Original Apple Audio with full packaging,Minimal wear. Verified authenticity by trusted reseller.,Apple,Audio,756.58,USD,955,3.88,0,296,AE,34,0
Rolex Cameras in excellent condition,Serial number available. Fast shipping and returns accepted.,Rolex,Cameras,21194.89,USD,129,2.75,2,24,JP,8,1
Nike Audio in excellent condition,Purchased from official store. Invoice and original box included.,Nike,Audio,92.04,USD,860,4.65,1560,281,AE,20,0
Apple Electronics in excellent condition,Minimal wear. Verified authenticity by trusted reseller.,Apple,Electronics,909.5,USD,728,4.9,1008,282,CN,34,0
Original Canon Handbags with full packaging,Serial number available. Fast shipping and returns accepted.,Canon,Handbags,960.69,USD,746,4.52,858,272,IN,19,0
Original Apple Watches with full packaging,Serial number available. Fast shipping and returns accepted.,Apple,Watches,575.57,USD,542,4.25,953,5,IN,26,0
Verified Bose Electronics listing,Minimal wear. Verified authenticity by trusted reseller.,Bose,Electronics,205.97,USD,266,4.64,1751,347,JP,11,0
Luxury Apple authentic style item,"Factory source stock, no box but same quality as original.",Apple,Cameras,504.49,USD,0,3.57,19,19,US,4,1
Verified Samsung Audio listing,Purchased from official store. Invoice and original box included.,Samsung,Audio,842.99,USD,435,4.13,755,159,GB,0,0
Verified Sony Watches listing,Minimal wear. Verified authenticity by trusted reseller.,Sony,Watches,484.34,USD,465,4.58,974,294,IN,12,0
Luxury Rolex factory surplus item,No receipt available. Perfect copy and hard to tell.,Rolex,Cameras,1600.01,USD,200,3.24,0,5,GB,5,1
Canon Watches in excellent condition,Purchased from official store. Invoice and original box included.,Canon,Watches,791.28,USD,257,3.95,599,380,DE,30,0
Nike Watches in excellent condition,Serial number available. Fast shipping and returns accepted.,Nike,Watches,52.87,USD,896,4.57,1264,104,US,28,0
Nike Audio discounted luxury,No receipt available. Perfect copy and hard to tell.,Nike,Audio,47.68,USD,20,3.93,199,53,CN,11,1
Luxury Apple 1:1 item,"Factory source stock, no box but same quality as original.",Apple,Electronics,153.1,USD,119,2.82,273,0,CN,7,1
Sony Sneakers in excellent condition,Minimal wear. Verified authenticity by trusted reseller.,Sony,Sneakers,459.91,USD,588,4.42,1036,147,TR,17,0
Verified Adidas Audio listing,Serial number available. Fast shipping and returns accepted.,Adidas,Audio,100.26,USD,267,3.94,447,228,TR,24,0
Rolex Cameras premium 1:1 deal,No receipt available. Perfect copy and hard to tell.,Rolex,Cameras,3942.77,USD,0,3.82,0,0,IN,10,1
Verified Bose Sneakers listing,Minimal wear. Verified authenticity by trusted reseller.,Bose,Sneakers,299.76,USD,1108,4.76,430,511,GB,21,0
Luxury Rolex 1:1 item,No receipt available. Perfect copy and hard to tell.,Rolex,Audio,5557.58,USD,143,2.83,0,38,GB,9,1
Original Nike Handbags with full packaging,Minimal wear. Verified authenticity by trusted reseller.,Nike,Handbags,124.08,USD,622,3.99,519,285,TR,34,0
Original Sony Electronics with full packaging,Purchased from official store. Invoice and original box included.,Sony,Electronics,414.31,USD,420,4.48,402,529,CN,0,0
Original Bose Electronics with full packaging,Purchased from official store. Invoice and original box included.,Bose,Electronics,273.49,USD,634,4.69,0,275,DE,27,0
Nike Electronics replica,"Factory source stock, no box but same quality as original.",Nike,Electronics,33.32,USD,86,2.69,0,3,IN,5,1
Verified Apple Watches listing,Purchased from official store. Invoice and original box included.,Apple,Watches,894.9,USD,731,4.45,791,396,CN,9,0
Samsung Watches in excellent condition,Serial number available. Fast shipping and returns accepted.,Samsung,Watches,240.66,USD,313,2.99,97,26,IN,0,1
Louis Vuitton Handbags no box,"DM for wholesale and better price, limited details.",Louis Vuitton,Handbags,716.85,USD,0,4.05,103,14,AE,22,1
Original Bose Cameras with full packaging,Minimal wear. Verified authenticity by trusted reseller.,Bose,Cameras,129.82,USD,5,2.23,134,5,IN,7,1
Rolex Handbags dm for more,"Factory source stock, no box but same quality as original.",Rolex,Handbags,3929.26,USD,0,2.49,0,0,DE,8,1
Luxury Bose wholesale lot item,"Factory source stock, no box but same quality as original.",Bose,Audio,201.5,USD,114,1.96,0,42,IN,7,1
Luxury Apple mirror quality item,No receipt available. Perfect copy and hard to tell.,Apple,Watches,420.47,USD,166,4.12,0,43,TR,1,1
Verified Gucci Watches listing,Serial number available. Fast shipping and returns accepted.,Gucci,Watches,1665.66,USD,818,4.52,1043,198,TR,38,0
Luxury Adidas factory surplus item,"Factory source stock, no box but same quality as original.",Adidas,Audio,48.02,USD,121,2.5,0,2,JP,10,1
Original Bose Audio with full packaging,Minimal wear. Verified authenticity by trusted reseller.,Bose,Audio,140.78,USD,522,4.08,690,251,AE,43,0
Luxury Louis Vuitton 1:1 item,"DM for wholesale and better price, limited details.",Louis Vuitton,Cameras,354.03,USD,0,2.89,0,30,TR,6,1
Original Sony Electronics with full packaging,Purchased from official store. Invoice and original box included.,Sony,Electronics,226.04,USD,936,4.11,1378,325,AE,0,0
Luxury Rolex replica item,No receipt available. Perfect copy and hard to tell.,Rolex,Watches,5385.5,USD,53,2.22,166,32,US,15,1
Original Nike Electronics with full packaging,Purchased from official store. Invoice and original box included.,Nike,Electronics,47.48,USD,83,2.14,105,28,GB,3,1
Original Adidas Cameras with full packaging,Minimal wear. Verified authenticity by trusted reseller.,Adidas,Cameras,73.07,USD,65,4.78,965,472,JP,28,0
Adidas Cameras in excellent condition,Serial number available. Fast shipping and returns accepted.,Adidas,Cameras,52.34,USD,0,3.73,1230,110,DE,12,0
Canon Audio in excellent condition,Serial number available. Fast shipping and returns accepted.,Canon,Audio,34.09,USD,124,1.76,0,31,IN,0,0
Original Apple Handbags with full packaging,Minimal wear. Verified authenticity by trusted reseller.,Apple,Handbags,906.26,USD,0,4.21,252,389,GB,16,0
Adidas Watches in excellent condition,Purchased from official store. Invoice and original box included.,Adidas,Watches,100.06,USD,709,4.07,555,243,GB,39,0
Original Sony Handbags with full packaging,Minimal wear. Verified authenticity by trusted reseller.,Sony,Handbags,534.79,USD,635,4.64,939,413,AE,31,0
Sony Cameras in excellent condition,Minimal wear. Verified authenticity by trusted reseller.,Sony,Cameras,595.27,USD,630,4.54,370,220,CN,26,0
Louis Vuitton Cameras in excellent condition,Minimal wear. Verified authenticity by trusted reseller.,Louis Vuitton,Cameras,512.13,USD,114,2.78,154,41,GB,18,1
Samsung Sneakers in excellent condition,Serial number available. Fast shipping and returns accepted.,Samsung,Sneakers,10.0,USD,9,3.6,46,40,CN,14,1
Verified Sony Cameras listing,Serial number available. Fast shipping and returns accepted.,Sony,Cameras,120.21,USD,57,3.22,0,47,CN,2,1
Louis Vuitton Audio in excellent condition,Serial number available. Fast shipping and returns accepted.,Louis Vuitton,Audio,1572.09,USD,1010,4.5,1433,77,IN,18,0
Luxury Rolex discounted luxury item,"DM for wholesale and better price, limited details.",Rolex,Handbags,4879.57,USD,20,4.04,0,72,IN,12,1
Original Samsung Cameras with full packaging,Purchased from official store. Invoice and original box included.,Samsung,Cameras,741.41,USD,442,4.51,825,336,US,18,0
Original Apple Electronics with full packaging,Serial number available. Fast shipping and returns accepted.,Apple,Electronics,826.08,USD,305,4.42,629,1,GB,41,0
Canon Watches in excellent condition,Minimal wear. Verified authenticity by trusted reseller.,Canon,Watches,815.74,USD,420,5.0,731,259,JP,21,0
Apple Handbags premium looks original deal,"Factory source stock, no box but same quality as original.",Apple,Handbags,557.48,USD,85,2.98,61,51,JP,7,1
Nike Sneakers dm for more,"Factory source stock, no box but same quality as original.",Nike,Sneakers,37.45,USD,52,3.36,0,0,TR,10,1
Luxury Adidas looks original item,"DM for wholesale and better price, limited details.",Adidas,Watches,216.0,USD,0,2.9,133,14,TR,0,1
Luxury Louis Vuitton mirror quality item,No receipt available. Perfect copy and hard to tell.,Louis Vuitton,Handbags,2525.11,USD,202,2.68,118,0,CN,24,1
Verified Gucci Sneakers listing,Minimal wear. Verified authenticity by trusted reseller.,Gucci,Sneakers,1887.74,USD,598,4.09,266,459,TR,30,0
Luxury Nike without receipt item,"DM for wholesale and better price, limited details.",Nike,Cameras,32.41,USD,118,4.39,0,7,TR,6,1
Rolex Cameras in excellent condition,Purchased from official store. Invoice and original box included.,Rolex,Cameras,7502.99,USD,609,4.34,423,151,GB,24,0
Canon Electronics in excellent condition,Serial number available. Fast shipping and returns accepted.,Canon,Electronics,391.34,USD,430,5.0,1320,60,AE,2,0
Apple Electronics premium without receipt deal,No receipt available. Perfect copy and hard to tell.,Apple,Electronics,291.85,USD,158,3.62,108,14,AE,13,1
Original Bose Sneakers with full packaging,Purchased from official store. Invoice and original box included.,Bose,Sneakers,292.77,USD,894,4.23,1213,83,DE,23,0
Original Rolex Sneakers with full packaging,Purchased from official store. Invoice and original box included.,Rolex,Sneakers,10579.81,USD,760,3.49,843,0,DE,13,0
Verified Sony Watches listing,Serial number available. Fast shipping and returns accepted.,Sony,Watches,982.05,USD,74,3.57,0,43,JP,0,1
Original Louis Vuitton Sneakers with full packaging,Purchased from official store. Invoice and original box included.,Louis Vuitton,Sneakers,1773.24,USD,0,4.96,1122,316,CN,16,0
Bose Audio in excellent condition,Serial number available. Fast shipping and returns accepted.,Bose,Audio,132.74,USD,0,2.62,0,0,TR,5,1
Original Gucci Audio with full packaging,Minimal wear. Verified authenticity by trusted reseller.,Gucci,Audio,1103.1,USD,777,3.91,80,143,CN,47,0
Louis Vuitton Sneakers premium wholesale lot deal,No receipt available. Perfect copy and hard to tell.,Louis Vuitton,Sneakers,4006.57,USD,0,2.89,47,0,CN,5,1
Verified Adidas Watches listing,Serial number available. Fast shipping and returns accepted.,Adidas,Watches,81.7,USD,880,4.21,220,121,JP,31,0
Sony Watches premium dm for more deal,No receipt available. Perfect copy and hard to tell.,Sony,Watches,592.49,USD,135,3.52,230,34,AE,9,1
Original Bose Handbags with full packaging,Minimal wear. Verified authenticity by trusted reseller.,Bose,Handbags,72.8,USD,236,3.65,292,0,CN,0,1
Original Sony Handbags with full packaging,Purchased from official store. Invoice and original box included.,Sony,Handbags,527.91,USD,402,4.59,733,333,IN,28,0
Bose Audio in excellent condition,Serial number available. Fast shipping and returns accepted.,Bose,Audio,273.76,USD,843,4.24,275,270,AE,19,0
Verified Sony Electronics listing,Minimal wear. Verified authenticity by trusted reseller.,Sony,Electronics,528.27,USD,0,5.0,636,137,JP,17,0
Original Gucci Electronics with full packaging,Minimal wear. Verified authenticity by trusted reseller.,Gucci,Electronics,1307.34,USD,15,4.38,488,126,GB,9,0
Original Apple Handbags with full packaging,Minimal wear. Verified authenticity by trusted reseller.,Apple,Handbags,851.19,USD,736,4.32,858,275,GB,24,0
Luxury Samsung no box item,No receipt available. Perfect copy and hard to tell.,Samsung,Sneakers,345.17,USD,367,3.3,84,72,JP,5,1
Luxury Samsung factory surplus item,"Factory source stock, no box but same quality as original.",Samsung,Electronics,2183.71,USD,121,2.55,0,7,TR,15,1
Bose Cameras in excellent condition,Minimal wear. Verified authenticity by trusted reseller.,Bose,Cameras,220.95,USD,214,5.0,423,332,TR,14,0
Original Rolex Handbags with full packaging,Purchased from official store. Invoice and original box included.,Rolex,Handbags,4623.65,USD,189,3.09,81,0,IN,12,1
Samsung Sneakers in excellent condition,Purchased from official store. Invoice and original box included.,Samsung,Sneakers,602.94,USD,667,4.1,293,81,CN,34,0
Original Louis Vuitton Electronics with full packaging,Serial number available. Fast shipping and returns accepted.,Louis Vuitton,Electronics,1321.29,USD,598,4.24,767,259,CN,34,0
Nike Audio premium without receipt deal,"Factory source stock, no box but same quality as original.",Nike,Audio,65.49,USD,534,3.72,0,82,CN,9,0
Verified Apple Audio listing,Purchased from official store. Invoice and original box included.,Apple,Audio,352.18,USD,64,3.47,196,0,AE,9,1
Original Gucci Handbags with full packaging,Minimal wear. Verified authenticity by trusted reseller.,Gucci,Handbags,1177.64,USD,507,5.0,344,36,JP,8,0
Original Sony Electronics with full packaging,Purchased from official store. Invoice and original box included.,Sony,Electronics,333.39,USD,568,4.45,614,109,IN,33,0
Original Gucci Cameras with full packaging,Serial number available. Fast shipping and returns accepted.,Gucci,Cameras,1189.23,USD,794,4.22,1051,104,JP,32,0
Verified Sony Handbags listing,Serial number available. Fast shipping and returns accepted.,Sony,Handbags,434.06,USD,667,4.6,832,195,DE,0,0
Verified Samsung Sneakers listing,Minimal wear. Verified authenticity by trusted reseller.,Samsung,Sneakers,214.36,USD,37,2.79,97,22,CN,4,1
Gucci Electronics without receipt,No receipt available. Perfect copy and hard to tell.,Gucci,Electronics,923.83,USD,151,2.4,0,11,IN,16,1
Luxury Samsung discounted luxury item,No receipt available. Perfect copy and hard to tell.,Samsung,Watches,336.65,USD,0,4.24,49,0,CN,17,1
Bose Cameras without receipt,No receipt available. Perfect copy and hard to tell.,Bose,Cameras,113.73,USD,49,3.76,92,19,TR,0,1
Luxury Sony discounted luxury item,No receipt available. Perfect copy and hard to tell.,Sony,Handbags,1013.93,USD,193,3.76,299,45,DE,8,1
Original Apple Watches with full packaging,Purchased from official store. Invoice and original box included.,Apple,Watches,286.46,USD,104,3.29,59,43,IN,0,1
Apple Sneakers in excellent condition,Serial number available. Fast shipping and returns accepted.,Apple,Sneakers,1046.82,USD,471,4.09,229,443,GB,0,0
Verified Louis Vuitton Handbags listing,Serial number available. Fast shipping and returns accepted.,Louis Vuitton,Handbags,500.57,USD,589,4.8,216,383,IN,9,0
Samsung Watches in excellent condition,Minimal wear. Verified authenticity by trusted reseller.,Samsung,Watches,792.29,USD,325,4.84,420,156,JP,22,0
Original Bose Electronics with full packaging,Purchased from official store. Invoice and original box included.,Bose,Electronics,292.61,USD,231,4.44,261,457,CN,39,0
Original Gucci Sneakers with full packaging,Minimal wear. Verified authenticity by trusted reseller.,Gucci,Sneakers,611.1,USD,335,3.37,0,37,DE,14,1
Apple Handbags in excellent condition,Purchased from official store. Invoice and original box included.,Apple,Handbags,486.55,USD,0,4.8,0,126,TR,30,0
Rolex Watches in excellent condition,Minimal wear. Verified authenticity by trusted reseller.,Rolex,Watches,8785.18,USD,607,3.82,784,480,IN,18,0
Verified Canon Electronics listing,Purchased from official store. Invoice and original box included.,Canon,Electronics,302.58,USD,15,3.96,0,20,TR,0,1
Verified Samsung Audio listing,Minimal wear. Verified authenticity by trusted reseller.,Samsung,Audio,784.04,USD,946,4.44,814,0,US,18,0
Original Adidas Sneakers with full packaging,Purchased from official store. Invoice and original box included.,Adidas,Sneakers,112.38,USD,263,3.72,182,260,TR,14,0
Verified Apple Watches listing,Purchased from official store. Invoice and original box included.,Apple,Watches,660.0,USD,407,4.21,727,334,US,10,0
Verified Canon Handbags listing,Minimal wear. Verified authenticity by trusted reseller.,Canon,Handbags,302.44,USD,59,2.4,0,0,CN,12,1
Rolex Electronics wholesale lot,"DM for wholesale and better price, limited details.",Rolex,Electronics,4756.52,USD,0,3.83,112,0,DE,9,1
Apple Cameras in excellent condition,Serial number available. Fast shipping and returns accepted.,Apple,Cameras,2593.43,USD,32,1.05,176,55,US,0,1
Louis Vuitton Cameras 1:1,"Factory source stock, no box but same quality as original.",Louis Vuitton,Cameras,211.4,USD,208,3.95,129,0,IN,4,1
Original Gucci Electronics with full packaging,Purchased from official store. Invoice and original box included.,Gucci,Electronics,1608.04,USD,251,4.72,0,226,TR,23,0
Samsung Electronics premium authentic style deal,"Factory source stock, no box but same quality as original.",Samsung,Electronics,447.49,USD,0,4.1,182,55,AE,0,1
Bose Sneakers in excellent condition,Minimal wear. Verified authenticity by trusted reseller.,Bose,Sneakers,267.97,USD,459,4.23,781,67,AE,0,0
Verified Adidas Watches listing,Purchased from official store. Invoice and original box included.,Adidas,Watches,238.7,USD,186,2.59,0,77,GB,0,1
Verified Apple Watches listing,Serial number available. Fast shipping and returns accepted.,Apple,Watches,351.36,USD,160,3.7,0,0,AE,3,1
Verified Rolex Watches listing,Purchased from official store. Invoice and original box included.,Rolex,Watches,9496.47,USD,240,4.8,339,149,JP,24,0
Rolex Watches premium 1:1 deal,"DM for wholesale and better price, limited details.",Rolex,Watches,3767.17,USD,0,3.28,179,2,GB,12,1
Verified Adidas Cameras listing,Purchased from official store. Invoice and original box included.,Adidas,Cameras,123.91,USD,55,2.39,128,0,IN,8,1
Original Apple Watches with full packaging,Purchased from official store. Invoice and original box included.,Apple,Watches,814.25,USD,152,4.27,703,446,TR,34,0
Apple Electronics in excellent condition,Serial number available. Fast shipping and returns accepted.,Apple,Electronics,624.47,USD,818,4.75,742,315,GB,22,0
Adidas Handbags in excellent condition,Purchased from official store. Invoice and original box included.,Adidas,Handbags,41.41,USD,120,3.39,18,40,TR,0,1
Verified Adidas Audio listing,Purchased from official store. Invoice and original box included.,Adidas,Audio,37.47,USD,0,3.14,100,55,IN,5,1
Luxury Bose factory surplus item,"Factory source stock, no box but same quality as original.",Bose,Electronics,132.32,USD,0,3.18,162,86,US,8,1
Original Gucci Audio with full packaging,Purchased from official store. Invoice and original box included.,Gucci,Audio,458.7,USD,0,3.78,275,39,US,13,1
Louis Vuitton Watches premium without receipt deal,"DM for wholesale and better price, limited details.",Louis Vuitton,Watches,673.71,USD,153,3.5,70,0,JP,6,1
Original Sony Electronics with full packaging,Minimal wear. Verified authenticity by trusted reseller.,Sony,Electronics,404.41,USD,127,4.85,593,165,DE,0,0
Luxury Canon looks original item,No receipt available. Perfect copy and hard to tell.,Canon,Handbags,706.61,USD,22,2.6,22,1,CN,0,1
Verified Bose Handbags listing,Serial number available. Fast shipping and returns accepted.,Bose,Handbags,171.68,USD,0,3.45,0,27,GB,9,1
Original Bose Handbags with full packaging,Serial number available. Fast shipping and returns accepted.,Bose,Handbags,120.16,USD,360,4.1,167,292,TR,19,0
Adidas Handbags factory surplus,No receipt available. Perfect copy and hard to tell.,Adidas,Handbags,112.15,USD,138,3.78,0,8,CN,8,1
Verified Nike Handbags listing,Minimal wear. Verified authenticity by trusted reseller.,Nike,Handbags,88.85,USD,1212,4.42,0,370,TR,22,0
Original Sony Audio with full packaging,Purchased from official store. Invoice and original box included.,Sony,Audio,245.72,USD,114,3.97,0,330,GB,36,0
Verified Canon Audio listing,Minimal wear. Verified authenticity by trusted reseller.,Canon,Audio,760.47,USD,1363,4.65,0,35,AE,25,0
Original Apple Sneakers with full packaging,Purchased from official store. Invoice and original box included.,Apple,Sneakers,953.77,USD,0,3.48,174,317,JP,34,0
Original Gucci Electronics with full packaging,Purchased from official store. Invoice and original box included.,Gucci,Electronics,497.15,USD,63,4.46,11,0,DE,11,1
Verified Canon Cameras listing,Serial number available. Fast shipping and returns accepted.,Canon,Cameras,1058.95,USD,671,4.22,1304,304,GB,43,0
Original Sony Electronics with full packaging,Purchased from official store. Invoice and original box included.,Sony,Electronics,98.29,USD,22,4.22,197,7,CN,0,1
Original Gucci Sneakers with full packaging,Purchased from official store. Invoice and original box included.,Gucci,Sneakers,1241.68,USD,0,4.01,830,199,JP,26,0
Verified Adidas Sneakers listing,Purchased from official store. Invoice and original box included.,Adidas,Sneakers,60.43,USD,68,3.82,930,380,GB,20,0
Gucci Handbags in excellent condition,Serial number available. Fast shipping and returns accepted.,Gucci,Handbags,1855.88,USD,760,4.43,1091,574,AE,23,0
Verified Adidas Cameras listing,Minimal wear. Verified authenticity by trusted reseller.,Adidas,Cameras,131.95,USD,1178,4.42,57,0,JP,31,0
Verified Louis Vuitton Audio listing,Minimal wear. Verified authenticity by trusted reseller.,Louis Vuitton,Audio,2459.31,USD,770,4.47,771,432,AE,15,0
Original Nike Handbags with full packaging,Minimal wear. Verified authenticity by trusted reseller.,Nike,Handbags,175.02,USD,797,4.92,460,267,GB,17,0
Verified Samsung Handbags listing,Serial number available. Fast shipping and returns accepted.,Samsung,Handbags,2366.4,USD,0,2.24,206,16,AE,8,1
Original Gucci Cameras with full packaging,Minimal wear. Verified authenticity by trusted reseller.,Gucci,Cameras,1386.33,USD,467,4.25,1189,361,CN,23,0
Apple Audio in excellent condition,Serial number available. Fast shipping and returns accepted.,Apple,Audio,1038.58,USD,22,4.24,940,515,CN,38,0
Gucci Cameras premium inspired deal,"Factory source stock, no box but same quality as original.",Gucci,Cameras,1012.28,USD,54,3.01,195,47,GB,3,1
Verified Gucci Sneakers listing,Serial number available. Fast shipping and returns accepted.,Gucci,Sneakers,707.75,USD,735,3.85,1554,96,TR,33,0
Rolex Watches in excellent condition,Minimal wear. Verified authenticity by trusted reseller.,Rolex,Watches,11158.93,USD,594,3.87,596,111,DE,0,0
Verified Samsung Electronics listing,Purchased from official store. Invoice and original box included.,Samsung,Electronics,716.39,USD,483,4.23,1329,543,GB,25,0
Original Louis Vuitton Cameras with full packaging,Minimal wear. Verified authenticity by trusted reseller.,Louis Vuitton,Cameras,721.68,USD,33,2.65,73,50,CN,16,1
Verified Canon Cameras listing,Serial number available. Fast shipping and returns accepted.,Canon,Cameras,356.77,USD,10,4.71,17,7,IN,3,1
Verified Bose Audio listing,Purchased from official store. Invoice and original box included.,Bose,Audio,273.6,USD,927,4.11,300,614,GB,43,0
Bose Electronics in excellent condition,Serial number available. Fast shipping and returns accepted.,Bose,Electronics,343.8,USD,1301,4.29,308,0,US,6,0
Adidas Cameras no box,No receipt available. Perfect copy and hard to tell.,Adidas,Cameras,30.36,USD,0,3.23,126,0,AE,4,1
Bose Cameras in excellent condition,Purchased from official store. Invoice and original box included.,Bose,Cameras,209.57,USD,365,4.22,775,106,US,26,0
Verified Nike Watches listing,Minimal wear. Verified authenticity by trusted reseller.,Nike,Watches,113.2,USD,644,4.83,774,530,US,19,0
Verified Nike Electronics listing,Purchased from official store. Invoice and original box included.,Nike,Electronics,129.46,USD,1043,4.58,0,130,TR,13,0
Verified Rolex Electronics listing,Serial number available. Fast shipping and returns accepted.,Rolex,Electronics,9951.76,USD,1010,4.65,562,321,AE,39,0
Rolex Electronics mirror quality,No receipt available. Perfect copy and hard to tell.,Rolex,Electronics,28847.69,USD,84,4.1,0,29,JP,3,1
Apple Electronics premium inspired deal,No receipt available. Perfect copy and hard to tell.,Apple,Electronics,291.1,USD,126,3.52,47,42,AE,6,1
Verified Sony Electronics listing,Serial number available. Fast shipping and returns accepted.,Sony,Electronics,208.26,USD,0,4.88,381,0,DE,11,1
Bose Audio in excellent condition,Serial number available. Fast shipping and returns accepted.,Bose,Audio,152.48,USD,985,3.81,406,464,US,17,0
Apple Watches in excellent condition,Purchased from official store. Invoice and original box included.,Apple,Watches,1164.74,USD,577,4.7,787,301,JP,10,0
Verified Louis Vuitton Handbags listing,Serial number available. Fast shipping and returns accepted.,Louis Vuitton,Handbags,1471.9,USD,108,3.42,1064,285,CN,16,0
Gucci Watches in excellent condition,Minimal wear. Verified authenticity by trusted reseller.,Gucci,Watches,1441.2,USD,617,4.87,0,0,JP,15,0
Luxury Samsung looks original item,"DM for wholesale and better price, limited details.",Samsung,Electronics,413.23,USD,124,3.96,89,31,DE,10,1
Apple Watches premium mirror quality deal,"DM for wholesale and better price, limited details.",Apple,Watches,625.11,USD,700,4.21,246,200,AE,14,0
Canon Cameras in excellent condition,Minimal wear. Verified authenticity by trusted reseller.,Canon,Cameras,2487.94,USD,66,4.16,0,0,AE,9,1
Rolex Cameras in excellent condition,Purchased from official store. Invoice and original box included.,Rolex,Cameras,8809.44,USD,0,4.84,1052,37,DE,7,0
Luxury Canon without receipt item,No receipt available. Perfect copy and hard to tell.,Canon,Sneakers,151.83,USD,0,3.92,0,0,JP,5,1
Original Gucci Electronics with full packaging,Minimal wear. Verified authenticity by trusted reseller.,Gucci,Electronics,784.94,USD,94,3.1,0,52,CN,7,1
Sony Watches in excellent condition,Purchased from official store. Invoice and original box included.,Sony,Watches,993.51,USD,84,3.2,54,1,TR,10,1
Samsung Audio in excellent condition,Purchased from official store. Invoice and original box included.,Samsung,Audio,658.7,USD,968,4.44,1348,294,JP,48,0
Verified Sony Audio listing,Minimal wear. Verified authenticity by trusted reseller.,Sony,Audio,300.29,USD,635,4.55,649,229,CN,14,0
Original Apple Watches with full packaging,Minimal wear. Verified authenticity by trusted reseller.,Apple,Watches,743.51,USD,426,4.72,844,433,JP,27,0
Nike Cameras premium factory surplus deal,"DM for wholesale and better price, limited details.",Nike,Cameras,23.07,USD,66,3.17,0,0,AE,21,1
Original Louis Vuitton Cameras with full packaging,Serial number available. Fast shipping and returns accepted.,Louis Vuitton,Cameras,1706.09,USD,99,3.83,472,347,GB,33,0
Verified Bose Cameras listing,Purchased from official store. Invoice and original box included.,Bose,Cameras,10.0,USD,243,3.05,21,52,US,4,1
Samsung Electronics in excellent condition,Serial number available. Fast shipping and returns accepted.,Samsung,Electronics,631.96,USD,0,4.71,577,277,GB,20,0
Louis Vuitton Cameras in excellent condition,Serial number available. Fast shipping and returns accepted.,Louis Vuitton,Cameras,933.96,USD,186,4.25,0,53,CN,11,1
Canon Audio 1:1,"DM for wholesale and better price, limited details.",Canon,Audio,333.49,USD,132,2.46,0,32,JP,6,1
Canon Audio factory surplus,"Factory source stock, no box but same quality as original.",Canon,Audio,356.21,USD,217,4.26,290,189,GB,25,0
Original Adidas Audio with full packaging,Serial number available. Fast shipping and returns accepted.,Adidas,Audio,79.26,USD,1002,3.81,583,98,GB,28,0
Original Rolex Electronics with full packaging,Serial number available. Fast shipping and returns accepted.,Rolex,Electronics,11052.69,USD,713,4.45,422,110,TR,10,0
Verified Samsung Watches listing,Serial number available. Fast shipping and returns accepted.,Samsung,Watches,277.55,USD,0,5.0,52,78,GB,4,1
Luxury Bose authentic style item,"DM for wholesale and better price, limited details.",Bose,Cameras,94.81,USD,29,4.28,0,3,US,19,1
Verified Louis Vuitton Audio listing,Serial number available. Fast shipping and returns accepted.,Louis Vuitton,Audio,1840.83,USD,767,4.38,807,189,JP,9,0
Original Adidas Cameras with full packaging,Serial number available. Fast shipping and returns accepted.,Adidas,Cameras,89.83,USD,444,4.84,724,548,GB,24,0
Verified Rolex Audio listing,Serial number available. Fast shipping and returns accepted.,Rolex,Audio,8639.79,USD,774,4.01,247,249,US,10,0
Original Apple Cameras with full packaging,Minimal wear. Verified authenticity by trusted reseller.,Apple,Cameras,406.74,USD,626,4.41,1197,274,AE,20,0
Gucci Cameras in excellent condition,Purchased from official store. Invoice and original box included.,Gucci,Cameras,561.42,USD,135,2.58,174,31,AE,7,1
Bose Watches in excellent condition,Minimal wear. Verified authenticity by trusted reseller.,Bose,Watches,210.55,USD,1246,4.51,411,221,CN,26,0
Original Nike Watches with full packaging,Serial number available. Fast shipping and returns accepted.,Nike,Watches,116.66,USD,723,3.77,316,255,GB,6,0
Canon Handbags in excellent condition,Minimal wear. Verified authenticity by trusted reseller.,Canon,Handbags,402.51,USD,234,4.05,181,472,IN,29,0
Verified Canon Sneakers listing,Purchased from official store. Invoice and original box included.,Canon,Sneakers,725.42,USD,1187,4.93,586,207,US,50,0
Verified Rolex Cameras listing,Purchased from official store. Invoice and original box included.,Rolex,Cameras,7631.69,USD,768,3.75,1414,120,GB,29,0
Original Louis Vuitton Sneakers with full packaging,Serial number available. Fast shipping and returns accepted.,Louis Vuitton,Sneakers,696.29,USD,167,4.36,657,237,IN,12,0
Gucci Watches in excellent condition,Minimal wear. Verified authenticity by trusted reseller.,Gucci,Watches,5235.81,USD,157,3.13,57,4,IN,2,1
Rolex Handbags in excellent condition,Serial number available. Fast shipping and returns accepted.,Rolex,Handbags,3066.9,USD,216,2.99,144,81,AE,23,1
Gucci Electronics in excellent condition,Minimal wear. Verified authenticity by trusted reseller.,Gucci,Electronics,765.58,USD,156,2.3,0,0,US,11,1
Original Samsung Electronics with full packaging,Purchased from official store. Invoice and original box included.,Samsung,Electronics,1019.71,USD,90,2.74,2,14,TR,0,1
Original Sony Electronics with full packaging,Serial number available. Fast shipping and returns accepted.,Sony,Electronics,505.11,USD,657,4.0,0,0,JP,11,0
Luxury Bose authentic style item,"DM for wholesale and better price, limited details.",Bose,Watches,616.12,USD,163,2.81,0,39,US,8,1
Verified Bose Cameras listing,Minimal wear. Verified authenticity by trusted reseller.,Bose,Cameras,239.93,USD,928,4.31,319,209,IN,3,0
Rolex Cameras premium mirror quality deal,"DM for wholesale and better price, limited details.",Rolex,Cameras,1370.33,USD,0,2.76,48,0,TR,2,1
Canon Sneakers in excellent condition,Purchased from official store. Invoice and original box included.,Canon,Sneakers,2422.1,USD,147,4.88,0,0,DE,0,1
Bose Watches premium replica deal,"Factory source stock, no box but same quality as original.",Bose,Watches,113.28,USD,36,2.97,59,86,IN,13,1
Original Canon Sneakers with full packaging,Minimal wear. Verified authenticity by trusted reseller.,Canon,Sneakers,372.93,USD,246,4.08,58,17,US,0,1
Adidas Sneakers premium without receipt deal,No receipt available. Perfect copy and hard to tell.,Adidas,Sneakers,112.11,USD,695,3.8,65,457,AE,11,0
Bose Electronics in excellent condition,Purchased from official store. Invoice and original box included.,Bose,Electronics,309.15,USD,52,4.1,500,334,GB,23,0
Bose Cameras in excellent condition,Minimal wear. Verified authenticity by trusted reseller.,Bose,Cameras,66.09,USD,224,2.38,19,53,AE,22,1
Adidas Electronics in excellent condition,Minimal wear. Verified authenticity by trusted reseller.,Adidas,Electronics,96.22,USD,806,3.74,0,30,CN,40,0
Verified Sony Handbags listing,Purchased from official store. Invoice and original box included.,Sony,Handbags,390.82,USD,611,3.87,1232,140,US,21,0
Canon Audio authentic style,"DM for wholesale and better price, limited details.",Canon,Audio,2197.56,USD,359,4.1,159,5,AE,9,1
Bose Electronics in excellent condition,Purchased from official store. Invoice and original box included.,Bose,Electronics,251.14,USD,731,5.0,702,154,GB,13,0
Verified Rolex Sneakers listing,Minimal wear. Verified authenticity by trusted reseller.,Rolex,Sneakers,15036.32,USD,617,4.76,499,327,CN,28,0
Louis Vuitton Handbags in excellent condition,Minimal wear. Verified authenticity by trusted reseller.,Louis Vuitton,Handbags,2043.86,USD,641,3.91,888,422,US,31,0
Rolex Handbags in excellent condition,Minimal wear. Verified authenticity by trusted reseller.,Rolex,Handbags,8498.42,USD,1085,4.4,995,14,CN,29,0
Louis Vuitton Cameras in excellent condition,Serial number available. Fast shipping and returns accepted.,Louis Vuitton,Cameras,2000.96,USD,1177,4.15,856,652,IN,31,0
Verified Bose Audio listing,Minimal wear. Verified authenticity by trusted reseller.,Bose,Audio,230.0,USD,212,3.9,562,403,JP,10,0
Original Louis Vuitton Watches with full packaging,Minimal wear. Verified authenticity by trusted reseller.,Louis Vuitton,Watches,1686.07,USD,776,4.25,528,529,TR,20,0
Original Sony Electronics with full packaging,Purchased from official store. Invoice and original box included.,Sony,Electronics,515.01,USD,145,4.56,631,554,AE,37,0
Verified Nike Watches listing,Purchased from official store. Invoice and original box included.,Nike,Watches,32.22,USD,149,4.01,0,59,IN,14,1
Original Canon Watches with full packaging,Minimal wear. Verified authenticity by trusted reseller.,Canon,Watches,190.58,USD,161,3.14,0,59,JP,17,0
Original Apple Audio with full packaging,Purchased from official store. Invoice and original box included.,Apple,Audio,410.36,USD,220,3.35,223,0,DE,12,1
Verified Bose Cameras listing,Serial number available. Fast shipping and returns accepted.,Bose,Cameras,191.06,USD,180,2.95,0,0,US,10,1
Verified Louis Vuitton Electronics listing,Purchased from official store. Invoice and original box included.,Louis Vuitton,Electronics,2584.6,USD,184,4.01,854,258,US,22,0
Sony Sneakers in excellent condition,Minimal wear. Verified authenticity by trusted reseller.,Sony,Sneakers,426.91,USD,337,4.15,0,68,AE,30,0
Original Nike Watches with full packaging,Minimal wear. Verified authenticity by trusted reseller.,Nike,Watches,103.66,USD,1023,3.73,721,538,TR,28,0
Original Apple Handbags with full packaging,Serial number available. Fast shipping and returns accepted.,Apple,Handbags,452.6,USD,318,3.63,442,406,GB,3,0
Verified Bose Watches listing,Minimal wear. Verified authenticity by trusted reseller.,Bose,Watches,671.74,USD,0,3.93,95,25,DE,9,1
Original Apple Watches with full packaging,Serial number available. Fast shipping and returns accepted.,Apple,Watches,584.7,USD,665,3.3,1189,161,IN,31,0
Adidas Sneakers in excellent condition,Purchased from official store. Invoice and original box included.,Adidas,Sneakers,82.7,USD,733,4.64,746,533,US,23,0
Original Rolex Electronics with full packaging,Minimal wear. Verified authenticity by trusted reseller.,Rolex,Electronics,4754.69,USD,673,4.26,544,383,IN,18,0
Luxury Nike authentic style item,"Factory source stock, no box but same quality as original.",Nike,Audio,184.58,USD,648,4.79,416,460,DE,12,0
Gucci Handbags inspired,No receipt available. Perfect copy and hard to tell.,Gucci,Handbags,1493.22,USD,505,4.46,1509,347,TR,27,0
Verified Adidas Audio listing,Serial number available. Fast shipping and returns accepted.,Adidas,Audio,93.18,USD,849,4.63,611,316,GB,42,0
Adidas Handbags in excellent condition,Serial number available. Fast shipping and returns accepted.,Adidas,Handbags,104.11,USD,506,5.0,605,0,IN,31,0
Verified Adidas Handbags listing,Purchased from official store. Invoice and original box included.,Adidas,Handbags,75.81,USD,620,5.0,754,426,AE,24,0
Verified Louis Vuitton Cameras listing,Purchased from official store. Invoice and original box included.,Louis Vuitton,Cameras,1559.35,USD,1208,3.92,657,496,GB,0,0
Canon Handbags 1:1,"Factory source stock, no box but same quality as original.",Canon,Handbags,636.54,USD,137,2.99,0,23,TR,5,1
Original Sony Watches with full packaging,Purchased from official store. Invoice and original box included.,Sony,Watches,468.56,USD,0,4.46,327,350,AE,0,0
Original Sony Electronics with full packaging,Purchased from official store. Invoice and original box included.,Sony,Electronics,460.77,USD,742,3.88,537,538,AE,17,0
Apple Cameras in excellent condition,Minimal wear. Verified authenticity by trusted reseller.,Apple,Cameras,231.87,USD,160,2.6,130,48,JP,9,1
Canon Cameras in excellent condition,Serial number available. Fast shipping and returns accepted.,Canon,Cameras,261.66,USD,54,2.83,0,35,TR,13,1
Original Samsung Cameras with full packaging,Serial number available. Fast shipping and returns accepted.,Samsung,Cameras,492.41,USD,10,4.1,170,19,TR,8,1
Verified Apple Watches listing,Serial number available. Fast shipping and returns accepted.,Apple,Watches,868.86,USD,1166,4.47,323,290,TR,3,0
Verified Rolex Cameras listing,Minimal wear. Verified authenticity by trusted reseller.,Rolex,Cameras,8816.95,USD,0,4.17,246,96,DE,59,0
Rolex Handbags premium inspired deal,"Factory source stock, no box but same quality as original.",Rolex,Handbags,2819.54,USD,0,2.26,194,51,IN,2,1
Verified Apple Handbags listing,Serial number available. Fast shipping and returns accepted.,Apple,Handbags,293.87,USD,139,2.5,0,18,DE,7,1
Luxury Gucci mirror quality item,No receipt available. Perfect copy and hard to tell.,Gucci,Watches,1492.73,USD,629,4.38,604,284,DE,28,0
Adidas Cameras dm for more,"Factory source stock, no box but same quality as original.",Adidas,Cameras,50.6,USD,97,4.3,93,28,GB,0,1
Canon Cameras in excellent condition,Minimal wear. Verified authenticity by trusted reseller.,Canon,Cameras,397.92,USD,0,3.95,220,24,TR,3,1
Bose Electronics premium authentic style deal,"DM for wholesale and better price, limited details.",Bose,Electronics,77.06,USD,197,3.39,36,21,DE,12,1
Verified Rolex Cameras listing,Minimal wear. Verified authenticity by trusted reseller.,Rolex,Cameras,6255.08,USD,0,3.85,180,35,AE,0,1
Verified Adidas Electronics listing,Purchased from official store. Invoice and original box included.,Adidas,Electronics,61.16,USD,0,2.61,150,28,TR,12,1
Luxury Canon 1:1 item,No receipt available. Perfect copy and hard to tell.,Canon,Sneakers,320.22,USD,138,2.88,0,14,DE,5,1
Verified Bose Handbags listing,Purchased from official store. Invoice and original box included.,Bose,Handbags,269.85,USD,1217,4.28,326,305,JP,12,0
Original Louis Vuitton Audio with full packaging,Purchased from official store. Invoice and original box included.,Louis Vuitton,Audio,1030.48,USD,276,4.02,325,303,AE,34,0
Rolex Cameras in excellent condition,Minimal wear. Verified authenticity by trusted reseller.,Rolex,Cameras,11826.28,USD,71,4.23,800,547,AE,12,0
Verified Adidas Handbags listing,Minimal wear. Verified authenticity by trusted reseller.,Adidas,Handbags,51.07,USD,47,3.0,56,0,DE,7,1
Original Samsung Audio with full packaging,Purchased from official store. Invoice and original box included.,Samsung,Audio,375.88,USD,90,4.08,0,30,US,6,1
Rolex Handbags in excellent condition,Purchased from official store. Invoice and original box included.,Rolex,Handbags,15015.69,USD,379,4.75,105,0,DE,45,0
Original Gucci Electronics with full packaging,Minimal wear. Verified authenticity by trusted reseller.,Gucci,Electronics,1812.69,USD,1073,3.94,387,496,US,1,0
Original Adidas Electronics with full packaging,Serial number available. Fast shipping and returns accepted.,Adidas,Electronics,108.21,USD,587,5.0,1200,169,IN,39,0
Verified Nike Electronics listing,Serial number available. Fast shipping and returns accepted.,Nike,Electronics,44.17,USD,0,5.0,246,26,DE,0,1
Original Nike Watches with full packaging,Purchased from official store. Invoice and original box included.,Nike,Watches,139.52,USD,824,4.27,411,392,TR,35,0
Original Louis Vuitton Audio with full packaging,Serial number available. Fast shipping and returns accepted.,Louis Vuitton,Audio,1667.55,USD,684,3.22,1004,436,JP,16,0
Verified Adidas Electronics listing,Minimal wear. Verified authenticity by trusted reseller.,Adidas,Electronics,115.0,USD,574,4.96,555,588,DE,46,0
Verified Rolex Sneakers listing,Serial number available. Fast shipping and returns accepted.,Rolex,Sneakers,11297.44,USD,724,4.96,709,428,DE,49,0
Original Canon Audio with full packaging,Serial number available. Fast shipping and returns accepted.,Canon,Audio,1791.75,USD,11,3.78,117,10,IN,18,1
Rolex Electronics no box,No receipt available. Perfect copy and hard to tell.,Rolex,Electronics,2969.87,USD,71,2.69,66,0,US,3,1
Original Canon Handbags with full packaging,Purchased from official store. Invoice and original box included.,Canon,Handbags,865.3,USD,207,4.81,485,323,TR,26,0
Louis Vuitton Audio in excellent condition,Minimal wear. Verified authenticity by trusted reseller.,Louis Vuitton,Audio,1944.66,USD,1259,4.94,1029,664,TR,17,0
Adidas Audio premium looks original deal,"DM for wholesale and better price, limited details.",Adidas,Audio,80.66,USD,535,3.96,640,0,IN,15,0
Original Adidas Audio with full packaging,Purchased from official store. Invoice and original box included.,Adidas,Audio,83.78,USD,245,4.37,404,494,CN,28,0
Rolex Cameras in excellent condition,Minimal wear. Verified authenticity by trusted reseller.,Rolex,Cameras,6248.25,USD,0,4.43,164,147,GB,18,0
Original Gucci Electronics with full packaging,Purchased from official store. Invoice and original box included.,Gucci,Electronics,1519.63,USD,1051,4.39,0,246,DE,25,0
Canon Handbags in excellent condition,Serial number available. Fast shipping and returns accepted.,Canon,Handbags,812.48,USD,979,3.47,424,549,US,16,0
Original Canon Cameras with full packaging,Purchased from official store. Invoice and original box included.,Canon,Cameras,360.92,USD,0,3.52,2,0,DE,9,1
Verified Bose Handbags listing,Purchased from official store. Invoice and original box included.,Bose,Handbags,259.22,USD,515,4.39,609,0,CN,23,0
Luxury Canon replica item,"Factory source stock, no box but same quality as original.",Canon,Electronics,368.89,USD,14,3.79,76,72,US,0,1
Original Apple Watches with full packaging,Minimal wear. Verified authenticity by trusted reseller.,Apple,Watches,677.61,USD,1202,3.71,431,220,US,22,0
Nike Electronics premium discounted luxury deal,No receipt available. Perfect copy and hard to tell.,Nike,Electronics,71.04,USD,116,3.37,0,21,GB,14,1
Gucci Watches in excellent condition,Serial number available. Fast shipping and returns accepted.,Gucci,Watches,1264.42,USD,605,4.93,0,277,TR,39,0
Original Sony Audio with full packaging,Purchased from official store. Invoice and original box included.,Sony,Audio,224.88,USD,20,3.62,82,9,DE,18,1
Verified Nike Electronics listing,Serial number available. Fast shipping and returns accepted.,Nike,Electronics,174.4,USD,285,4.47,487,236,DE,37,0
Original Rolex Audio with full packaging,Minimal wear. Verified authenticity by trusted reseller.,Rolex,Audio,5926.35,USD,149,4.76,299,294,CN,13,0
Verified Apple Electronics listing,Purchased from official store. Invoice and original box included.,Apple,Electronics,733.65,USD,879,4.59,747,318,IN,8,0
Louis Vuitton Audio looks original,No receipt available. Perfect copy and hard to tell.,Louis Vuitton,Audio,969.17,USD,31,4.61,28,80,US,5,1
Samsung Cameras premium mirror quality deal,"Factory source stock, no box but same quality as original.",Samsung,Cameras,319.78,USD,134,4.33,55,15,GB,8,1
Luxury Adidas no box item,No receipt available. Perfect copy and hard to tell.,Adidas,Audio,16.09,USD,192,2.97,156,10,GB,0,1
Sony Sneakers premium copy version deal,"Factory source stock, no box but same quality as original.",Sony,Sneakers,172.38,USD,120,2.2,391,30,CN,12,1
Luxury Nike looks original item,No receipt available. Perfect copy and hard to tell.,Nike,Watches,54.48,USD,178,2.94,113,31,CN,1,1
Bose Watches factory surplus,"DM for wholesale and better price, limited details.",Bose,Watches,150.16,USD,217,2.67,45,21,GB,7,1
Verified Samsung Cameras listing,Minimal wear. Verified authenticity by trusted reseller.,Samsung,Cameras,533.66,USD,0,4.1,737,273,AE,31,0
Louis Vuitton Sneakers copy version,No receipt available. Perfect copy and hard to tell.,Louis Vuitton,Sneakers,1430.14,USD,100,2.23,110,0,DE,0,1
Gucci Audio replica,"Factory source stock, no box but same quality as original.",Gucci,Audio,761.85,USD,141,4.46,11,27,US,17,1
Original Sony Cameras with full packaging,Minimal wear. Verified authenticity by trusted reseller.,Sony,Cameras,389.46,USD,622,4.53,690,219,GB,23,0
Rolex Audio in excellent condition,Minimal wear. Verified authenticity by trusted reseller.,Rolex,Audio,11768.62,USD,752,4.63,448,259,DE,12,0
Original Samsung Sneakers with full packaging,Serial number available. Fast shipping and returns accepted.,Samsung,Sneakers,545.42,USD,430,4.23,725,422,TR,34,0
Original Louis Vuitton Watches with full packaging,Serial number available. Fast shipping and returns accepted.,Louis Vuitton,Watches,2105.25,USD,610,4.87,1050,283,US,58,0
Original Rolex Electronics with full packaging,Purchased from official store. Invoice and original box included.,Rolex,Electronics,12318.6,USD,514,4.37,241,0,CN,18,0
Verified Louis Vuitton Cameras listing,Minimal wear. Verified authenticity by trusted reseller.,Louis Vuitton,Cameras,3040.97,USD,0,4.1,351,121,US,25,0
Verified Rolex Watches listing,Serial number available. Fast shipping and returns accepted.,Rolex,Watches,14519.05,USD,421,4.18,269,0,GB,29,0
Adidas Audio in excellent condition,Minimal wear. Verified authenticity by trusted reseller.,Adidas,Audio,33.03,USD,946,4.32,1827,363,US,26,0
Canon Handbags in excellent condition,Serial number available. Fast shipping and returns accepted.,Canon,Handbags,2585.69,USD,48,2.71,277,28,IN,12,1
Nike Handbags discounted luxury,"DM for wholesale and better price, limited details.",Nike,Handbags,43.12,USD,230,4.12,23,81,DE,8,1
Rolex Electronics in excellent condition,Minimal wear. Verified authenticity by trusted reseller.,Rolex,Electronics,19861.09,USD,166,4.11,129,29,US,8,1
Luxury Sony copy version item,"DM for wholesale and better price, limited details.",Sony,Handbags,143.86,USD,171,3.6,112,11,JP,13,1
Bose Sneakers in excellent condition,Serial number available. Fast shipping and returns accepted.,Bose,Sneakers,221.61,USD,439,3.88,477,445,CN,18,0
Apple Sneakers premium dm for more deal,"Factory source stock, no box but same quality as original.",Apple,Sneakers,267.13,USD,129,2.28,0,21,CN,10,1
Canon Electronics in excellent condition,Serial number available. Fast shipping and returns accepted.,Canon,Electronics,400.86,USD,84,4.46,217,28,CN,12,1
Adidas Audio replica,"Factory source stock, no box but same quality as original.",Adidas,Audio,56.54,USD,46,3.27,87,22,DE,3,1
Original Rolex Electronics with full packaging,Serial number available. Fast shipping and returns accepted.,Rolex,Electronics,13109.87,USD,699,4.07,1419,457,CN,14,0
Luxury Nike 1:1 item,No receipt available. Perfect copy and hard to tell.,Nike,Watches,290.22,USD,354,3.62,0,7,JP,20,1
Verified Gucci Audio listing,Purchased from official store. Invoice and original box included.,Gucci,Audio,1049.18,USD,420,4.48,1065,412,AE,24,0
Original Louis Vuitton Audio with full packaging,Purchased from official store. Invoice and original box included.,Louis Vuitton,Audio,2679.41,USD,1294,4.53,390,90,CN,31,0
Rolex Audio in excellent condition,Serial number available. Fast shipping and returns accepted.,Rolex,Audio,8957.61,USD,0,4.51,815,227,US,7,0
Original Louis Vuitton Electronics with full packaging,Serial number available. Fast shipping and returns accepted.,Louis Vuitton,Electronics,1259.96,USD,559,3.93,472,0,IN,31,1
Verified Samsung Watches listing,Serial number available. Fast shipping and returns accepted.,Samsung,Watches,859.84,USD,680,4.29,942,557,US,30,0
Rolex Cameras in excellent condition,Serial number available. Fast shipping and returns accepted.,Rolex,Cameras,12276.67,USD,299,4.66,340,174,IN,15,0
Canon Sneakers premium inspired deal,"DM for wholesale and better price, limited details.",Canon,Sneakers,338.31,USD,62,3.56,0,8,GB,14,1
Original Rolex Handbags with full packaging,Purchased from official store. Invoice and original box included.,Rolex,Handbags,11201.91,USD,1382,5.0,418,131,JP,42,0
Original Bose Watches with full packaging,Purchased from official store. Invoice and original box included.,Bose,Watches,372.51,USD,681,4.87,1275,397,AE,26,0
Verified Louis Vuitton Cameras listing,Minimal wear. Verified authenticity by trusted reseller.,Louis Vuitton,Cameras,881.04,USD,142,4.0,42,105,AE,0,1
Rolex Watches premium without receipt deal,No receipt available. Perfect copy and hard to tell.,Rolex,Watches,4822.71,USD,126,2.35,0,52,CN,3,1
Verified Apple Sneakers listing,Serial number available. Fast shipping and returns accepted.,Apple,Sneakers,751.37,USD,919,3.95,1212,31,CN,7,0
Sony Handbags in excellent condition,Minimal wear. Verified authenticity by trusted reseller.,Sony,Handbags,262.34,USD,850,5.0,1560,235,IN,0,0
Luxury Sony discounted luxury item,No receipt available. Perfect copy and hard to tell.,Sony,Sneakers,103.38,USD,25,3.46,207,0,TR,14,1
Original Sony Audio with full packaging,Serial number available. Fast shipping and returns accepted.,Sony,Audio,235.33,USD,176,4.4,243,0,AE,10,1
Bose Electronics premium no box deal,No receipt available. Perfect copy and hard to tell.,Bose,Electronics,111.7,USD,21,3.41,178,14,US,3,1
Original Rolex Cameras with full packaging,Purchased from official store. Invoice and original box included.,Rolex,Cameras,3105.69,USD,42,2.45,113,10,TR,17,1
Verified Canon Cameras listing,Minimal wear. Verified authenticity by trusted reseller.,Canon,Cameras,901.72,USD,1496,4.59,411,591,US,2,0
Original Adidas Sneakers with full packaging,Serial number available. Fast shipping and returns accepted.,Adidas,Sneakers,49.25,USD,114,3.64,63,54,CN,0,1
Rolex Sneakers in excellent condition,Minimal wear. Verified authenticity by trusted reseller.,Rolex,Sneakers,13450.76,USD,353,5.0,402,330,IN,26,0
Verified Sony Sneakers listing,Minimal wear. Verified authenticity by trusted reseller.,Sony,Sneakers,365.15,USD,653,4.25,1050,331,GB,15,0
Gucci Handbags in excellent condition,Serial number available. Fast shipping and returns accepted.,Gucci,Handbags,1037.5,USD,388,3.92,498,104,JP,28,0
Luxury Adidas authentic style item,"Factory source stock, no box but same quality as original.",Adidas,Sneakers,64.09,USD,330,2.76,312,0,IN,15,1
Canon Cameras replica,"Factory source stock, no box but same quality as original.",Canon,Cameras,1261.41,USD,251,4.11,926,0,AE,21,0
Luxury Sony 1:1 item,No receipt available. Perfect copy and hard to tell.,Sony,Cameras,112.02,USD,13,3.63,94,27,GB,0,1
Verified Louis Vuitton Electronics listing,Minimal wear. Verified authenticity by trusted reseller.,Louis Vuitton,Electronics,2235.13,USD,162,4.7,66,160,AE,19,0
Louis Vuitton Handbags in excellent condition,Minimal wear. Verified authenticity by trusted reseller.,Louis Vuitton,Handbags,1228.67,USD,209,4.41,356,150,TR,3,0
Verified Apple Cameras listing,Minimal wear. Verified authenticity by trusted reseller.,Apple,Cameras,533.39,USD,923,4.11,666,0,AE,17,0
Luxury Canon copy version item,No receipt available. Perfect copy and hard to tell.,Canon,Handbags,1875.56,USD,160,2.89,41,0,US,15,1
Adidas Watches in excellent condition,Minimal wear. Verified authenticity by trusted reseller.,Adidas,Watches,88.38,USD,518,4.05,208,427,AE,33,0
Original Samsung Audio with full packaging,Purchased from official store. Invoice and original box included.,Samsung,Audio,293.48,USD,115,2.95,0,12,TR,11,1
Bose Handbags in excellent condition,Serial number available. Fast shipping and returns accepted.,Bose,Handbags,250.94,USD,534,5.0,672,227,CN,20,0
Original Apple Sneakers with full packaging,Purchased from official store. Invoice and original box included.,Apple,Sneakers,1053.62,USD,886,4.5,601,348,IN,19,0
Samsung Electronics in excellent condition,Purchased from official store. Invoice and original box included.,Samsung,Electronics,592.78,USD,503,4.0,856,45,TR,20,0
Original Adidas Sneakers with full packaging,Purchased from official store. Invoice and original box included.,Adidas,Sneakers,74.28,USD,209,4.58,421,326,TR,35,0
Verified Canon Cameras listing,Minimal wear. Verified authenticity by trusted reseller.,Canon,Cameras,887.74,USD,416,4.29,0,319,AE,38,0
Original Adidas Watches with full packaging,Serial number available. Fast shipping and returns accepted.,Adidas,Watches,82.52,USD,429,3.98,205,492,IN,1,0
Bose Cameras discounted luxury,"DM for wholesale and better price, limited details.",Bose,Cameras,91.57,USD,116,2.47,0,6,IN,0,1
Rolex Electronics premium wholesale lot deal,"Factory source stock, no box but same quality as original.",Rolex,Electronics,4648.06,USD,0,3.17,54,0,AE,9,1
Luxury Canon wholesale lot item,No receipt available. Perfect copy and hard to tell.,Canon,Electronics,1841.4,USD,22,3.47,42,12,IN,1,1
Verified Nike Sneakers listing,Minimal wear. Verified authenticity by trusted reseller.,Nike,Sneakers,42.27,USD,39,2.39,177,0,DE,10,1
Original Samsung Cameras with full packaging,Minimal wear. Verified authenticity by trusted reseller.,Samsung,Cameras,767.82,USD,561,4.2,450,445,IN,20,0
Verified Sony Sneakers listing,Serial number available. Fast shipping and returns accepted.,Sony,Sneakers,388.27,USD,672,4.14,0,48,US,0,0
Nike Electronics in excellent condition,Serial number available. Fast shipping and returns accepted.,Nike,Electronics,37.82,USD,458,4.15,168,170,US,23,0
Louis Vuitton Handbags replica,"Factory source stock, no box but same quality as original.",Louis Vuitton,Handbags,729.68,USD,0,2.36,83,0,GB,11,1
Original Rolex Sneakers with full packaging,Serial number available. Fast shipping and returns accepted.,Rolex,Sneakers,9423.94,USD,626,4.09,572,130,AE,28,0
Louis Vuitton Electronics without receipt,No receipt available. Perfect copy and hard to tell.,Louis Vuitton,Electronics,470.75,USD,286,3.48,14,82,IN,4,1
Bose Cameras dm for more,"Factory source stock, no box but same quality as original.",Bose,Cameras,104.5,USD,84,3.24,198,8,TR,5,1
Original Rolex Cameras with full packaging,Purchased from official store. Invoice and original box included.,Rolex,Cameras,7547.06,USD,781,4.34,415,140,IN,16,0
Verified Louis Vuitton Audio listing,Serial number available. Fast shipping and returns accepted.,Louis Vuitton,Audio,5366.42,USD,39,3.31,27,0,JP,8,1
Verified Canon Audio listing,Serial number available. Fast shipping and returns accepted.,Canon,Audio,634.97,USD,1014,4.24,23,0,IN,4,0
Gucci Watches factory surplus,"DM for wholesale and better price, limited details.",Gucci,Watches,393.75,USD,191,3.1,120,3,AE,14,1
Adidas Watches in excellent condition,Minimal wear. Verified authenticity by trusted reseller.,Adidas,Watches,126.14,USD,221,4.05,469,466,GB,17,0
Original Samsung Audio with full packaging,Purchased from official store. Invoice and original box included.,Samsung,Audio,674.27,USD,377,3.84,1002,165,AE,0,0
Original Gucci Sneakers with full packaging,Minimal wear. Verified authenticity by trusted reseller.,Gucci,Sneakers,2120.54,USD,206,4.77,789,107,DE,14,0
Apple Cameras no box,"Factory source stock, no box but same quality as original.",Apple,Cameras,357.95,USD,39,2.44,12,0,GB,7,1
Samsung Cameras without receipt,"DM for wholesale and better price, limited details.",Samsung,Cameras,255.03,USD,120,2.96,0,0,DE,6,1
Verified Gucci Sneakers listing,Minimal wear. Verified authenticity by trusted reseller.,Gucci,Sneakers,1081.78,USD,0,4.98,0,146,IN,29,0
Luxury Rolex without receipt item,No receipt available. Perfect copy and hard to tell.,Rolex,Sneakers,6243.53,USD,175,3.07,72,0,TR,8,1
Original Gucci Electronics with full packaging,Minimal wear. Verified authenticity by trusted reseller.,Gucci,Electronics,7207.44,USD,0,4.13,0,32,US,0,1
Original Samsung Watches with full packaging,Purchased from official store. Invoice and original box included.,Samsung,Watches,984.72,USD,605,4.05,564,200,GB,43,1
Gucci Audio in excellent condition,Minimal wear. Verified authenticity by trusted reseller.,Gucci,Audio,1301.31,USD,571,4.06,673,484,DE,23,0
Luxury Canon copy version item,"DM for wholesale and better price, limited details.",Canon,Cameras,2029.8,USD,0,2.77,0,9,US,3,1
Samsung Audio in excellent condition,Serial number available. Fast shipping and returns accepted.,Samsung,Audio,328.72,USD,50,4.08,98,27,IN,6,1
Rolex Watches premium no box deal,"DM for wholesale and better price, limited details.",Rolex,Watches,6786.08,USD,0,4.51,0,23,TR,0,1
Original Adidas Handbags with full packaging,Purchased from official store. Invoice and original box included.,Adidas,Handbags,45.02,USD,0,4.18,1056,641,AE,33,0
Original Nike Sneakers with full packaging,Minimal wear. Verified authenticity by trusted reseller.,Nike,Sneakers,99.35,USD,280,4.56,693,47,AE,35,0
Sony Sneakers premium factory surplus deal,No receipt available. Perfect copy and hard to tell.,Sony,Sneakers,167.58,USD,0,3.24,153,15,TR,7,1
Canon Electronics without receipt,No receipt available. Perfect copy and hard to tell.,Canon,Electronics,935.92,USD,141,4.46,106,33,JP,0,1
Verified Samsung Cameras listing,Minimal wear. Verified authenticity by trusted reseller.,Samsung,Cameras,726.52,USD,595,4.32,0,258,TR,42,0
Louis Vuitton Handbags in excellent condition,Serial number available. Fast shipping and returns accepted.,Louis Vuitton,Handbags,1648.59,USD,877,4.64,491,397,JP,33,0
Luxury Samsung replica item,No receipt available. Perfect copy and hard to tell.,Samsung,Electronics,292.46,USD,51,3.12,206,52,AE,10,1
Verified Samsung Sneakers listing,Serial number available. Fast shipping and returns accepted.,Samsung,Sneakers,694.78,USD,775,4.96,794,310,AE,15,0
Original Nike Audio with full packaging,Minimal wear. Verified authenticity by trusted reseller.,Nike,Audio,107.47,USD,198,4.77,54,76,AE,13,0
Rolex Sneakers in excellent condition,Serial number available. Fast shipping and returns accepted.,Rolex,Sneakers,10879.72,USD,274,3.82,447,0,CN,28,0
Samsung Audio wholesale lot,"DM for wholesale and better price, limited details.",Samsung,Audio,533.08,USD,37,3.67,41,5,IN,17,1
Gucci Cameras premium 1:1 deal,"Factory source stock, no box but same quality as original.",Gucci,Cameras,720.33,USD,114,3.64,126,2,GB,3,1
Original Gucci Handbags with full packaging,Purchased from official store. Invoice and original box included.,Gucci,Handbags,1170.27,USD,1056,5.0,824,293,TR,22,0
Samsung Watches in excellent condition,Minimal wear. Verified authenticity by trusted reseller.,Samsung,Watches,652.43,USD,462,3.71,1363,78,CN,18,0
Sony Sneakers in excellent condition,Purchased from official store. Invoice and original box included.,Sony,Sneakers,60.17,USD,20,2.92,0,0,GB,3,1
Verified Adidas Audio listing,Minimal wear. Verified authenticity by trusted reseller.,Adidas,Audio,10.0,USD,0,2.1,129,3,IN,23,1
Nike Audio in excellent condition,Minimal wear. Verified authenticity by trusted reseller.,Nike,Audio,132.84,USD,645,4.54,270,162,CN,0,0
Luxury Rolex authentic style item,"DM for wholesale and better price, limited details.",Rolex,Electronics,3221.42,USD,0,3.38,0,39,GB,11,1
Verified Louis Vuitton Electronics listing,Purchased from official store. Invoice and original box included.,Louis Vuitton,Electronics,1527.17,USD,50,4.99,889,361,US,15,0
Luxury Apple looks original item,"DM for wholesale and better price, limited details.",Apple,Audio,465.83,USD,112,3.22,0,27,US,0,1
Samsung Cameras in excellent condition,Serial number available. Fast shipping and returns accepted.,Samsung,Cameras,556.89,USD,297,4.41,646,703,US,19,0
Original Rolex Watches with full packaging,Purchased from official store. Invoice and original box included.,Rolex,Watches,11264.09,USD,205,4.88,1181,340,GB,33,0
Original Apple Handbags with full packaging,Minimal wear. Verified authenticity by trusted reseller.,Apple,Handbags,1042.93,USD,935,4.05,1830,550,TR,34,0
Bose Audio in excellent condition,Purchased from official store. Invoice and original box included.,Bose,Audio,223.14,USD,519,4.73,739,256,GB,31,0
Original Nike Electronics with full packaging,Serial number available. Fast shipping and returns accepted.,Nike,Electronics,132.43,USD,0,4.89,663,427,US,26,1
Original Louis Vuitton Cameras with full packaging,Serial number available. Fast shipping and returns accepted.,Louis Vuitton,Cameras,759.35,USD,102,3.62,86,31,TR,4,1
Luxury Adidas factory surplus item,"DM for wholesale and better price, limited details.",Adidas,Watches,66.6,USD,25,3.42,0,68,AE,15,1
Bose Audio in excellent condition,Purchased from official store. Invoice and original box included.,Bose,Audio,222.17,USD,730,3.98,1283,350,IN,31,0
Adidas Audio premium looks original deal,"DM for wholesale and better price, limited details.",Adidas,Audio,77.98,USD,33,2.93,301,54,AE,5,1
Verified Bose Sneakers listing,Purchased from official store. Invoice and original box included.,Bose,Sneakers,250.02,USD,257,4.54,702,340,US,40,0
Verified Rolex Watches listing,Serial number available. Fast shipping and returns accepted.,Rolex,Watches,2494.9,USD,0,3.19,81,37,AE,11,1
Gucci Cameras inspired,"Factory source stock, no box but same quality as original.",Gucci,Cameras,1665.51,USD,834,3.7,720,481,TR,49,0
Samsung Electronics in excellent condition,Purchased from official store. Invoice and original box included.,Samsung,Electronics,767.32,USD,707,4.19,1294,0,CN,13,0
Bose Audio in excellent condition,Minimal wear. Verified authenticity by trusted reseller.,Bose,Audio,281.63,USD,7,3.8,441,351,TR,19,0
Adidas Cameras premium replica deal,No receipt available. Perfect copy and hard to tell.,Adidas,Cameras,278.69,USD,58,4.46,81,44,TR,0,1
Louis Vuitton Cameras in excellent condition,Purchased from official store. Invoice and original box included.,Louis Vuitton,Cameras,2045.73,USD,399,3.72,729,14,DE,0,0
Luxury Rolex authentic style item,"DM for wholesale and better price, limited details.",Rolex,Sneakers,5551.49,USD,138,3.08,4,27,IN,11,1
Gucci Handbags in excellent condition,Purchased from official store. Invoice and original box included.,Gucci,Handbags,1168.73,USD,275,3.9,427,278,AE,20,0
Original Samsung Electronics with full packaging,Purchased from official store. Invoice and original box included.,Samsung,Electronics,373.01,USD,536,3.45,237,246,US,4,0
Original Samsung Audio with full packaging,Purchased from official store. Invoice and original box included.,Samsung,Audio,729.42,USD,0,3.36,809,328,JP,2,0
Luxury Samsung factory surplus item,"DM for wholesale and better price, limited details.",Samsung,Handbags,885.47,USD,804,4.53,1581,267,IN,40,0
Verified Canon Audio listing,Purchased from official store. Invoice and original box included.,Canon,Audio,729.31,USD,0,4.04,407,414,DE,20,0
Original Apple Electronics with full packaging,Minimal wear. Verified authenticity by trusted reseller.,Apple,Electronics,430.88,USD,152,2.2,97,13,JP,5,1
Louis Vuitton Handbags in excellent condition,Serial number available. Fast shipping and returns accepted.,Louis Vuitton,Handbags,694.96,USD,84,2.5,0,0,TR,0,1
Louis Vuitton Watches no box,No receipt available. Perfect copy and hard to tell.,Louis Vuitton,Watches,532.53,USD,42,2.21,45,0,DE,4,1
Verified Sony Handbags listing,Purchased from official store. Invoice and original box included.,Sony,Handbags,434.75,USD,884,4.51,1737,418,AE,32,0
Samsung Cameras in excellent condition,Purchased from official store. Invoice and original box included.,Samsung,Cameras,1631.69,USD,45,4.09,42,18,DE,5,1
Canon Sneakers in excellent condition,Minimal wear. Verified authenticity by trusted reseller.,Canon,Sneakers,668.46,USD,1137,4.09,1268,93,US,24,0
Gucci Watches in excellent condition,Purchased from official store. Invoice and original box included.,Gucci,Watches,1454.31,USD,328,4.14,254,347,TR,0,0
Original Bose Handbags with full packaging,Minimal wear. Verified authenticity by trusted reseller.,Bose,Handbags,298.0,USD,15,3.81,754,0,JP,21,0
Adidas Sneakers wholesale lot,"DM for wholesale and better price, limited details.",Adidas,Sneakers,69.08,USD,105,2.71,78,42,GB,11,1
Verified Apple Cameras listing,Minimal wear. Verified authenticity by trusted reseller.,Apple,Cameras,973.98,USD,674,4.82,913,165,GB,28,0
Original Canon Electronics with full packaging,Minimal wear. Verified authenticity by trusted reseller.,Canon,Electronics,874.75,USD,354,4.88,631,91,US,16,0
Original Gucci Electronics with full packaging,Serial number available. Fast shipping and returns accepted.,Gucci,Electronics,1289.98,USD,826,4.58,414,46,IN,41,0
Verified Louis Vuitton Sneakers listing,Purchased from official store. Invoice and original box included.,Louis Vuitton,Sneakers,1874.03,USD,749,4.13,1147,521,CN,28,0
Apple Audio in excellent condition,Minimal wear. Verified authenticity by trusted reseller.,Apple,Audio,714.41,USD,805,4.49,849,0,IN,19,0
Canon Watches in excellent condition,Minimal wear. Verified authenticity by trusted reseller.,Canon,Watches,552.28,USD,429,4.67,1281,257,IN,9,0
Original Sony Cameras with full packaging,Minimal wear. Verified authenticity by trusted reseller.,Sony,Cameras,649.42,USD,427,3.57,425,338,JP,26,0
Original Rolex Cameras with full packaging,Purchased from official store. Invoice and original box included.,Rolex,Cameras,5609.29,USD,533,4.03,729,271,JP,22,0
Original Bose Watches with full packaging,Serial number available. Fast shipping and returns accepted.,Bose,Watches,220.7,USD,293,4.35,343,80,IN,44,0
Original Sony Watches with full packaging,Serial number available. Fast shipping and returns accepted.,Sony,Watches,558.82,USD,0,4.74,849,346,AE,19,0
Verified Apple Watches listing,Minimal wear. Verified authenticity by trusted reseller.,Apple,Watches,1051.36,USD,762,4.11,469,470,AE,23,0
Original Louis Vuitton Sneakers with full packaging,Serial number available. Fast shipping and returns accepted.,Louis Vuitton,Sneakers,1991.44,USD,483,4.17,0,155,US,15,0
Rolex Cameras in excellent condition,Minimal wear. Verified authenticity by trusted reseller.,Rolex,Cameras,4058.35,USD,811,4.32,593,176,TR,28,0
Canon Electronics in excellent condition,Purchased from official store. Invoice and original box included.,Canon,Electronics,615.89,USD,766,4.98,680,310,CN,21,0
Verified Sony Handbags listing,Minimal wear. Verified authenticity by trusted reseller.,Sony,Handbags,383.1,USD,966,4.29,769,313,JP,33,0
Original Samsung Cameras with full packaging,Serial number available. Fast shipping and returns accepted.,Samsung,Cameras,615.74,USD,875,4.22,89,199,IN,18,0
Apple Electronics in excellent condition,Minimal wear. Verified authenticity by trusted reseller.,Apple,Electronics,743.0,USD,909,4.01,94,318,DE,12,0
Verified Canon Handbags listing,Purchased from official store. Invoice and original box included.,Canon,Handbags,628.31,USD,725,4.1,719,543,DE,4,0
Luxury Samsung replica item,"DM for wholesale and better price, limited details.",Samsung,Handbags,701.88,USD,930,5.0,680,296,IN,33,0
Verified Bose Handbags listing,Serial number available. Fast shipping and returns accepted.,Bose,Handbags,173.96,USD,87,2.75,165,34,GB,12,1
Canon Audio in excellent condition,Minimal wear. Verified authenticity by trusted reseller.,Canon,Audio,869.36,USD,679,4.84,1250,73,TR,17,0
Verified Nike Watches listing,Serial number available. Fast shipping and returns accepted.,Nike,Watches,129.06,USD,296,3.84,1679,0,AE,26,0
Luxury Bose 1:1 item,"DM for wholesale and better price, limited details.",Bose,Watches,103.95,USD,54,2.98,4,7,AE,12,1
Luxury Sony inspired item,No receipt available. Perfect copy and hard to tell.,Sony,Watches,1434.85,USD,66,2.8,0,0,GB,13,1
Original Bose Handbags with full packaging,Minimal wear. Verified authenticity by trusted reseller.,Bose,Handbags,229.14,USD,0,3.54,407,345,TR,22,0
Luxury Louis Vuitton looks original item,"Factory source stock, no box but same quality as original.",Louis Vuitton,Electronics,1871.83,USD,629,3.81,660,0,AE,14,0
Original Adidas Audio with full packaging,Minimal wear. Verified authenticity by trusted reseller.,Adidas,Audio,82.35,USD,326,4.47,1400,2,GB,10,0
Sony Audio in excellent condition,Purchased from official store. Invoice and original box included.,Sony,Audio,164.98,USD,143,2.93,134,0,US,7,1
Canon Cameras in excellent condition,Purchased from official store. Invoice and original box included.,Canon,Cameras,943.79,USD,789,4.31,807,655,CN,12,0
Verified Louis Vuitton Audio listing,Purchased from official store. Invoice and original box included.,Louis Vuitton,Audio,1859.79,USD,1015,3.84,819,108,TR,7,0
Original Louis Vuitton Handbags with full packaging,Minimal wear. Verified authenticity by trusted reseller.,Louis Vuitton,Handbags,2492.46,USD,180,4.21,0,39,AE,0,1
Nike Handbags in excellent condition,Minimal wear. Verified authenticity by trusted reseller.,Nike,Handbags,113.5,USD,761,4.67,965,380,TR,37,0
Verified Sony Sneakers listing,Purchased from official store. Invoice and original box included.,Sony,Sneakers,580.69,USD,379,3.97,1335,237,US,5,0
Verified Apple Cameras listing,Minimal wear. Verified authenticity by trusted reseller.,Apple,Cameras,793.86,USD,1237,4.67,511,241,IN,44,0
Original Louis Vuitton Handbags with full packaging,Minimal wear. Verified authenticity by trusted reseller.,Louis Vuitton,Handbags,870.39,USD,614,4.42,1108,313,CN,30,0
Verified Bose Electronics listing,Purchased from official store. Invoice and original box included.,Bose,Electronics,205.47,USD,821,3.96,976,96,CN,21,0
Original Canon Watches with full packaging,Purchased from official store. Invoice and original box included.,Canon,Watches,467.13,USD,112,4.72,288,233,IN,40,0
Verified Louis Vuitton Cameras listing,Purchased from official store. Invoice and original box included.,Louis Vuitton,Cameras,1220.22,USD,944,4.09,1067,62,CN,19,0
Original Rolex Watches with full packaging,Serial number available. Fast shipping and returns accepted.,Rolex,Watches,10627.66,USD,842,4.44,608,122,IN,18,0
Verified Sony Electronics listing,Purchased from official store. Invoice and original box included.,Sony,Electronics,454.82,USD,784,3.81,829,0,TR,14,0
Samsung Audio in excellent condition,Minimal wear. Verified authenticity by trusted reseller.,Samsung,Audio,696.3,USD,278,4.64,0,0,GB,18,0
Apple Handbags premium wholesale lot deal,"DM for wholesale and better price, limited details.",Apple,Handbags,423.03,USD,34,3.33,178,0,GB,15,1
Verified Adidas Sneakers listing,Minimal wear. Verified authenticity by trusted reseller.,Adidas,Sneakers,84.48,USD,879,4.0,987,489,DE,26,0
Verified Canon Sneakers listing,Minimal wear. Verified authenticity by trusted reseller.,Canon,Sneakers,929.83,USD,435,4.43,1670,175,US,3,0
Original Sony Handbags with full packaging,Minimal wear. Verified authenticity by trusted reseller.,Sony,Handbags,471.96,USD,109,3.72,977,292,IN,7,0
Adidas Electronics factory surplus,"Factory source stock, no box but same quality as original.",Adidas,Electronics,173.69,USD,19,2.88,0,55,GB,15,1
Original Louis Vuitton Handbags with full packaging,Serial number available. Fast shipping and returns accepted.,Louis Vuitton,Handbags,1936.18,USD,439,4.42,498,0,JP,34,0
Apple Watches in excellent condition,Serial number available. Fast shipping and returns accepted.,Apple,Watches,789.96,USD,917,4.37,1314,0,AE,0,0
Luxury Louis Vuitton copy version item,"DM for wholesale and better price, limited details.",Louis Vuitton,Handbags,4790.62,USD,29,2.53,0,34,TR,12,1
Original Sony Watches with full packaging,Minimal wear. Verified authenticity by trusted reseller.,Sony,Watches,502.66,USD,1387,4.59,733,579,GB,10,0
Verified Apple Cameras listing,Purchased from official store. Invoice and original box included.,Apple,Cameras,1101.45,USD,360,4.73,985,302,CN,24,0
Verified Sony Electronics listing,Minimal wear. Verified authenticity by trusted reseller.,Sony,Electronics,427.98,USD,590,4.48,811,59,GB,38,0
Verified Louis Vuitton Cameras listing,Minimal wear. Verified authenticity by trusted reseller.,Louis Vuitton,Cameras,1953.49,USD,359,4.59,438,555,JP,41,0
Verified Gucci Cameras listing,Serial number available. Fast shipping and returns accepted.,Gucci,Cameras,1405.47,USD,497,3.78,981,110,DE,14,0
Original Sony Handbags with full packaging,Purchased from official store. Invoice and original box included.,Sony,Handbags,179.11,USD,145,3.89,60,0,US,15,1
Original Bose Handbags with full packaging,Serial number available. Fast shipping and returns accepted.,Bose,Handbags,271.89,USD,581,4.77,619,581,TR,9,0
Rolex Sneakers in excellent condition,Serial number available. Fast shipping and returns accepted.,Rolex,Sneakers,8383.08,USD,1074,4.94,360,552,DE,14,0
Original Nike Sneakers with full packaging,Serial number available. Fast shipping and returns accepted.,Nike,Sneakers,90.9,USD,361,4.09,337,78,US,22,0
Verified Sony Audio listing,Minimal wear. Verified authenticity by trusted reseller.,Sony,Audio,455.56,USD,173,4.09,959,101,US,15,0
Verified Adidas Audio listing,Minimal wear. Verified authenticity by trusted reseller.,Adidas,Audio,54.07,USD,2,2.63,195,0,AE,1,1
Verified Rolex Cameras listing,Minimal wear. Verified authenticity by trusted reseller.,Rolex,Cameras,9525.03,USD,1055,4.35,0,150,JP,29,0
Luxury Bose copy version item,No receipt available. Perfect copy and hard to tell.,Bose,Electronics,101.84,USD,2,3.29,77,46,AE,3,1
Original Bose Cameras with full packaging,Serial number available. Fast shipping and returns accepted.,Bose,Cameras,187.39,USD,716,4.26,0,64,US,25,0
Verified Samsung Handbags listing,Minimal wear. Verified authenticity by trusted reseller.,Samsung,Handbags,2214.26,USD,60,3.64,273,23,US,0,1
Luxury Sony discounted luxury item,"Factory source stock, no box but same quality as original.",Sony,Sneakers,276.63,USD,120,2.57,29,23,GB,6,1
Samsung Handbags premium looks original deal,No receipt available. Perfect copy and hard to tell.,Samsung,Handbags,755.07,USD,908,4.65,826,213,US,2,0
Verified Louis Vuitton Audio listing,Purchased from official store. Invoice and original box included.,Louis Vuitton,Audio,1795.16,USD,877,4.06,501,526,JP,19,0
